geo;indicator;1991;1992;1993;1994;1995;1996;1997;1998;1999;2000;2001;2002;2003;2004;2005;2006;2007;2008;2009;2010;2011;2012;2013;2014;2015;2016;2017;2018;2019;2020;2021;2022
afg;aged_15_24_employment_rate_percent;35.948;37.531;35.699;35.756;39.773;36.911;36.897;37.001;36.993;36.958;36.914;40.556999999999995;40.555;39.531;41.298;40.075;40.869;39.351;41.236000000000004;39.885999999999996;39.821;40.558;40.635;40.986000000000004;41.42100000000001;41.849;41.937;42.053000000000004;42.165;42.275;42.37;42.45399999999999
ago;aged_15_24_employment_rate_percent;27.246;27.375999999999998;27.344;26.929000000000002;26.374000000000002;26.424;26.596;26.612;26.583000000000002;26.427;26.398000000000003;26.066;26.237;25.982;28.883000000000003;32.076;35.249;38.44;41.725;44.751999999999995;48.251000000000005;48.223;48.098;47.946000000000005;47.715;46.825;46.159;45.583999999999996;45.058;44.59;44.175;43.806999999999995
alb;aged_15_24_employment_rate_percent;39.835;39.15;34.156;34.637;35.963;36.388000000000005;39.75;36.568000000000005;34.021;34.473;33.44;34.034;32.24;30.619;29.084;27.726;27.316999999999997;25.958000000000002;24.899;22.975;24.849;26.916;20.352;17.823;18.820999999999998;21.019000000000002;21.836;21.038;21.090999999999998;21.12;21.028000000000002;20.833000000000002
are;aged_15_24_employment_rate_percent;45.159;46.223;46.841;46.50899999999999;45.643;45.042;44.865;44.81399999999999;44.909;44.836000000000006;44.924;45.052;45.199;45.395;45.603;45.905;46.455;45.633;46.364;47.994;48.391000000000005;48.145;47.477;46.66;45.978;45.512;45.446000000000005;45.636;45.68600000000001;45.41;44.371;43.72
arg;aged_15_24_employment_rate_percent;40.529;39.451;35.094;33.215;25.345;27.291999999999998;30.14;32.83;31.346;30.373;27.628;24.686999999999998;29.488000000000003;33.118;33.349000000000004;34.936;35.121;34.801;33.829;33.149;33.257;33.009;32.157;31.258000000000003;30.664;29.118000000000002;28.840999999999998;28.866;28.759;28.109;27.572;27.142
arm;aged_15_24_employment_rate_percent;30.078000000000003;29.86;27.182;25.999000000000002;25.61;23.747;22.664;23.476999999999997;22.331999999999997;22.175;21.976999999999997;21.408;21.016;20.49;20.531;20.349;20.412;20.052;19.430999999999997;21.325;22.445999999999998;23.086;23.605;24.193;27.448;24.739;24.685;24.480999999999998;24.249000000000002;24.006;23.779;23.559
aus;aged_15_24_employment_rate_percent;57.355;55.788000000000004;55.81;58.603;60.77;60.597;59.128;59.876000000000005;60.783;61.681999999999995;61.083999999999996;60.927;61.736999999999995;62.131;63.284;63.663000000000004;64.102;64.485;61.144;60.549;60.367;59.54600000000001;58.617;57.718;58.505;58.355;58.16;57.961000000000006;57.535;57.333;57.074;56.78
aut;aged_15_24_employment_rate_percent;61.169;61.555;58.657;59.203;57.943999999999996;55.406000000000006;53.995;54.205;54.988;52.785;51.585;51.973;50.619;49.037;51.662;52.418;53.973;54.553999999999995;53.207;52.799;53.91;53.698;53.181999999999995;52.20399999999999;51.525;51.077;51.968;52.067;52.0;51.925;51.88399999999999;51.916000000000004
aze;aged_15_24_employment_rate_percent;34.549;38.154;39.977;39.205;39.271;36.176;34.727;34.537;33.466;32.703;32.246;31.87;31.421;31.534000000000002;31.160999999999998;30.831999999999997;30.98;30.155;29.693;28.754;28.16;28.478;29.441999999999997;30.919;32.376999999999995;34.492;33.64;32.702;31.717;30.686;29.628;28.583000000000002
bdi;aged_15_24_employment_rate_percent;78.192;76.937;75.601;74.232;72.878;71.562;70.212;68.814;67.767;66.687;65.668;64.628;63.574;62.50899999999999;61.437;60.349;59.255;58.14;57.021;55.876999999999995;54.705;53.51;52.287;50.922;51.163999999999994;51.306999999999995;51.001000000000005;50.674;50.332;49.983000000000004;49.63;49.272
bel;aged_15_24_employment_rate_percent;31.495;31.361;27.947;27.264;26.500999999999998;26.256;25.583000000000002;26.351;25.644000000000002;30.255;28.11;28.064;26.736;27.826;27.651;27.991999999999997;27.968000000000004;27.74;25.445999999999998;25.12;25.665;24.872;23.337;23.053;23.421;22.903000000000002;22.984;23.232;22.989;22.656;22.325;22.017
ben;aged_15_24_employment_rate_percent;66.067;65.945;65.321;64.65100000000001;63.931000000000004;63.157;62.335;61.471000000000004;60.566;59.623999999999995;58.653;57.633;55.498999999999995;53.365;51.247;49.14;47.06100000000001;45.026;43.048;41.203;41.6;41.395;41.144;40.865;40.565;40.369;40.12;39.861999999999995;39.591;39.309;39.02;38.718
bfa;aged_15_24_employment_rate_percent;76.15100000000001;75.473;74.743;74.013;73.291;72.558;71.83800000000001;71.093;70.25;69.41199999999999;68.532;67.663;66.745;65.296;63.816;64.344;62.032;60.068000000000005;58.101000000000006;56.077;54.085;52.078;50.077;48.059;47.799;47.552;47.306999999999995;47.062;46.817;46.575;46.335;46.091
bgd;aged_15_24_employment_rate_percent;47.998999999999995;47.525;47.07;46.708999999999996;46.438;46.217;45.708999999999996;45.221000000000004;44.761;44.303000000000004;44.465;44.62;44.876999999999995;43.95;43.132;43.224;42.036;41.028999999999996;39.603;40.989;39.918;38.861;37.455999999999996;36.689;35.923;35.125;34.94;34.766;34.605;34.458;34.327;34.207
bgr;aged_15_24_employment_rate_percent;26.525;26.988000000000003;25.453000000000003;25.252;27.498;27.789;26.353;25.982;23.101;20.526;21.899;21.320999999999998;22.24;23.578000000000003;23.205;25.291999999999998;26.81;29.189;27.212;24.503;21.959;21.695;21.003;20.64;20.586;20.233;20.743000000000002;20.706999999999997;20.275;19.847;19.521;19.303
bhr;aged_15_24_employment_rate_percent;40.495;40.618;40.784;40.857;40.72;39.992;39.400999999999996;39.14;39.205999999999996;39.451;39.711;39.777;40.21;40.751999999999995;41.121;41.347;41.327;40.998000000000005;40.453;39.796;37.985;38.955;39.785;40.591;41.393;42.433;42.711000000000006;42.07;40.594;38.649;38.286;38.646
bhs;aged_15_24_employment_rate_percent;44.931000000000004;42.733000000000004;45.413000000000004;44.393;46.742;44.525;44.626999999999995;47.518;46.692;46.074;46.199;44.303999999999995;41.748000000000005;42.53;43.122;45.699;44.126999999999995;45.29;40.359;39.946999999999996;39.374;37.481;36.68;39.412;41.437;40.624;40.912;41.27;42.125;42.328;42.035;41.441
bih;aged_15_24_employment_rate_percent;19.861;19.17;17.669;15.675;14.987;14.564;14.663;14.302;12.992;14.663;14.47;13.529000000000002;13.222999999999999;12.332;12.999;12.057;13.135;16.575;15.883;13.663;13.204;12.751;12.812000000000001;11.495;12.255;14.198;14.3;14.434000000000001;14.529000000000002;14.494000000000002;14.325;13.994000000000002
blr;aged_15_24_employment_rate_percent;43.218999999999994;44.29;45.152;46.076;46.633;46.162;45.273;44.468;43.908;43.674;43.596000000000004;43.523;43.603;43.785;44.123000000000005;44.556000000000004;45.18;45.983999999999995;46.647;46.974;47.836999999999996;48.066;48.177;48.058;47.763999999999996;47.268;46.513000000000005;45.545;44.485;43.443000000000005;42.457;41.588
blz;aged_15_24_employment_rate_percent;48.702;45.12;41.592;39.669000000000004;38.316;36.889;38.146;36.742;38.185;40.06;41.934;41.20399999999999;41.218;41.192;40.827;43.369;45.221000000000004;46.595;46.238;46.145;43.583;41.313;41.668;39.567;40.385999999999996;41.345;40.668;41.224;41.67100000000001;42.161;42.645;43.14
bol;aged_15_24_employment_rate_percent;47.398;47.498000000000005;47.06399999999999;49.978;50.016000000000005;48.922;51.901;50.395;48.878;47.955;47.583999999999996;48.1;49.168;50.239;50.218;51.102;46.901;49.56;48.827;49.418;50.026;44.335;44.223;49.553999999999995;41.89;42.216;41.975;41.782;41.583999999999996;41.38399999999999;41.198;41.013999999999996
bra;aged_15_24_employment_rate_percent;55.302;54.317;54.341;54.036;53.994;53.078;51.797;49.94;49.178000000000004;48.825;49.207;49.913999999999994;49.098;50.851000000000006;51.416000000000004;51.03;51.352;51.452;50.066;49.622;48.751000000000005;47.946999999999996;47.022;46.253;43.905;40.025;38.368;39.891;40.375;40.455;40.465;40.42
brb;aged_15_24_employment_rate_percent;36.086999999999996;37.132;36.013000000000005;36.949;40.448;46.481;43.891000000000005;46.29;46.333;46.312;44.22;43.437;41.313;43.74;43.731;42.743;43.2;41.128;37.701;36.746;37.521;32.391;32.589;29.834;29.340999999999998;32.857;32.619;32.54;32.369;32.247;32.269;32.319
brn;aged_15_24_employment_rate_percent;39.715;39.638000000000005;39.715;39.635;39.646;39.644;39.86;39.988;40.037;40.122;39.692;38.634;37.958;37.568000000000005;37.14;35.868;34.977;34.253;33.67;33.005;32.063;31.107;30.096999999999998;27.471999999999998;26.349;24.929000000000002;24.563000000000002;24.436;24.712;25.349;25.927;26.313000000000002
btn;aged_15_24_employment_rate_percent;41.519;40.988;40.507;39.965;39.56;39.650999999999996;39.89;40.306;40.904;41.315;42.782;44.56;46.273;46.696000000000005;46.751000000000005;46.857;45.907;45.309;43.553999999999995;40.482;35.579;31.429000000000002;29.215999999999998;26.354;30.198;29.176;28.803;28.413;27.979;27.504;26.999000000000002;26.453000000000003
bwa;aged_15_24_employment_rate_percent;36.271;34.601;32.304;28.479;27.5;27.603;28.165;29.072;29.337;29.541999999999998;24.159000000000002;25.076999999999998;23.738000000000003;25.509;27.26;30.465;29.284000000000002;28.061;26.954;25.254;26.833000000000002;28.419;29.86;29.699;29.522;29.163;29.039;28.888;28.794;28.68;28.548000000000002;28.401
caf;aged_15_24_employment_rate_percent;47.096000000000004;46.968;46.70399999999999;46.297;45.928999999999995;45.986000000000004;45.8;45.658;45.415;45.136;45.32899999999999;45.403999999999996;45.423;45.285;45.166000000000004;45.468;45.701;45.857;45.885;45.773999999999994;46.398999999999994;46.92100000000001;47.423;47.636;47.81399999999999;47.63399999999999;48.035;48.43;48.812;49.178999999999995;49.551;49.911
can;aged_15_24_employment_rate_percent;57.336000000000006;54.713;53.295;53.726000000000006;53.802;52.71;51.525;52.505;54.583;56.247;56.31399999999999;57.43;58.09;57.776;57.667;58.541000000000004;59.544;59.656000000000006;55.492;55.071000000000005;55.403;54.297;54.981;55.493;55.775;55.403;56.297;56.783;56.625;56.373999999999995;56.06;55.708
chanisl;aged_15_24_employment_rate_percent;44.342;44.32;44.839;44.481;43.883;43.94;43.838;43.424;42.461999999999996;42.295;41.772;41.018;41.293;41.397;41.871;41.181999999999995;41.126999999999995;39.854;39.044000000000004;39.195;40.404;40.177;40.46;40.765;40.31;39.873000000000005;39.55;39.288000000000004;39.108000000000004;39.033;38.952;38.879
che;aged_15_24_employment_rate_percent;69.655;67.693;68.089;64.247;62.766999999999996;64.687;62.821999999999996;63.763999999999996;65.062;64.991;63.894;65.308;63.408;61.897;59.913000000000004;63.468999999999994;62.797;62.653;61.623000000000005;62.401;63.174;61.891000000000005;62.044;62.131;61.726000000000006;62.621;62.856;62.778999999999996;62.692;62.595;62.428999999999995;62.266000000000005
chl;aged_15_24_employment_rate_percent;34.194;35.666;37.274;36.171;35.045;32.022;31.454;30.345;27.629;25.89;25.303;24.686;24.386999999999997;25.37;25.399;25.601;28.454;27.921999999999997;25.715999999999998;31.268;32.09;31.342;30.646;30.259;30.275;29.25;29.125999999999998;29.299;29.410999999999998;29.516;29.604;29.685
chn;aged_15_24_employment_rate_percent;69.362;69.902;69.546;68.958;67.83;66.857;65.73899999999999;64.217;62.869;61.724;59.82899999999999;58.093999999999994;56.44;54.882;53.909;52.983999999999995;52.801;51.49100000000001;50.996;50.265;49.174;47.876999999999995;46.431000000000004;44.931000000000004;43.512;42.169;41.536;40.836999999999996;40.168;39.563;39.025;38.586
civ;aged_15_24_employment_rate_percent;49.383;48.868;48.726000000000006;48.536;48.803999999999995;48.744;48.668;48.562;47.797;47.02;46.196999999999996;45.361000000000004;44.501999999999995;43.628;42.762;41.922;41.085;40.247;39.412;38.588;37.796;36.982;36.205999999999996;35.453;34.728;34.019;33.863;33.708;33.541;33.439;33.317;33.176
cmr;aged_15_24_employment_rate_percent;54.401;54.443999999999996;54.371;54.161;53.718;53.486000000000004;53.263000000000005;52.93899999999999;52.56;52.155;51.946000000000005;52.412;52.853;53.248999999999995;53.716;54.38;54.965;54.419;53.87;53.652;53.217;52.733000000000004;52.187;51.566;51.244;50.964;50.806999999999995;50.64;50.483000000000004;50.339;50.20399999999999;50.077
cod;aged_15_24_employment_rate_percent;41.731;41.953;42.118;42.167;42.016999999999996;42.288999999999994;42.405;42.367;42.28;42.213;42.38;42.486000000000004;42.571000000000005;42.626999999999995;42.659;42.942;43.113;43.223;43.318999999999996;43.365;43.622;43.798;43.887;43.885;43.791000000000004;43.77;43.836000000000006;43.898;43.967;44.049;44.144;44.25
cog;aged_15_24_employment_rate_percent;27.773000000000003;27.448;27.166;26.863000000000003;26.465999999999998;26.285999999999998;26.221;26.029;26.000999999999998;25.733;25.846999999999998;25.84;25.884;25.851;25.836;26.688000000000002;27.656;28.425;29.070999999999998;30.36;32.035;35.05;35.168;35.169000000000004;35.205999999999996;34.736;34.385999999999996;34.247;34.132;34.004;33.936;33.875
col;aged_15_24_employment_rate_percent;35.760999999999996;36.444;37.874;37.744;37.763000000000005;35.569;35.535;33.411;29.250999999999998;29.168000000000003;35.093;35.115;36.58;37.173;38.991;38.715;40.821;40.941;40.838;41.802;43.043;45.276;45.646;44.891999999999996;44.70399999999999;44.708;44.351000000000006;44.138999999999996;43.997;43.946999999999996;43.955;44.026
com;aged_15_24_employment_rate_percent;18.717;18.634;18.499000000000002;18.289;17.983;17.683;17.320999999999998;16.934;16.515;16.084;15.739;15.376;15.015;14.671;14.344000000000001;14.11;13.886;13.671;13.462;13.258;13.107000000000001;12.946;12.776;12.599;12.409;12.249;12.068;11.887;11.704;11.52;11.338;11.155
cpv;aged_15_24_employment_rate_percent;52.291000000000004;52.301;52.129;51.82899999999999;51.338;50.731;49.975;49.105;48.108999999999995;47.032;45.732;44.326;42.799;41.266999999999996;39.722;38.451;37.246;36.056999999999995;34.88;33.665;32.709;31.776999999999997;30.862;30.017;29.258000000000003;28.476999999999997;28.348000000000003;28.215999999999998;28.07;27.901;27.719;27.514
cri;aged_15_24_employment_rate_percent;47.951;48.306000000000004;48.685;48.29;47.062;43.305;44.901;47.363;44.84;45.074;44.905;43.059;43.333;41.708999999999996;42.169;42.943000000000005;45.896;43.513999999999996;38.335;35.602;36.787;35.422;34.696;35.444;35.39;32.75;33.881;34.049;34.159;34.156;34.056999999999995;33.848
cub;aged_15_24_employment_rate_percent;32.759;33.29;33.951;34.405;34.296;34.132;33.569;33.074;31.717;31.18;31.298000000000002;31.221999999999998;31.462;31.486;31.873;32.695;34.915;36.203;38.516;38.81;38.33;37.519;36.88;36.607;36.13;35.46;35.714;36.067;36.418;36.705999999999996;36.931;37.107
cyp;aged_15_24_employment_rate_percent;44.215;42.148999999999994;43.018;41.023;42.207;40.885999999999996;37.787;37.782;38.048;39.179;40.577;38.289;38.824;39.699;38.039;38.644;37.558;38.308;36.371;35.089;31.084;28.901;24.803;27.63;27.753;29.186;30.15;30.229;30.427;30.701;30.348000000000003;29.879
cze;aged_15_24_employment_rate_percent;48.498000000000005;47.917;47.27;47.619;46.415;45.273999999999994;42.26;41.126000000000005;38.361999999999995;37.037;35.46;33.421;30.447;28.064;27.436;27.491;28.273000000000003;27.793000000000003;26.301;25.024;24.389;25.004;25.436999999999998;27.070999999999998;28.599;29.141;28.961;28.386;27.1;25.996;25.054000000000002;24.311
deu;aged_15_24_employment_rate_percent;57.72;55.349;52.155;50.294;48.435;46.138000000000005;45.441;46.16;47.041000000000004;46.776;46.68600000000001;45.265;43.953;41.345;42.155;43.858999999999995;45.913999999999994;47.193000000000005;46.357;46.42100000000001;47.676;46.31399999999999;46.61;45.967;45.602;46.092;46.226000000000006;46.363;46.56399999999999;46.631;46.623000000000005;46.588
dji;aged_15_24_employment_rate_percent;57.361999999999995;56.625;55.48;54.367;53.695;52.799;52.364;52.119;51.566;50.50899999999999;49.656000000000006;48.291000000000004;46.641000000000005;45.08;43.815;42.79600000000001;41.976000000000006;41.263999999999996;40.544000000000004;39.672;38.663000000000004;37.661;36.626;35.588;34.579;33.768;33.529;33.315;33.114000000000004;32.918;32.726;32.551
dnk;aged_15_24_employment_rate_percent;65.125;63.339;60.419;62.3;66.097;66.199;68.28699999999999;66.828;66.57600000000001;67.221;61.927;64.429;59.318000000000005;61.589;62.501999999999995;64.653;65.26100000000001;66.30199999999999;62.4;58.033;57.441;54.879;53.568000000000005;53.684;55.308;58.196999999999996;58.479;58.567;58.17;57.87;57.49;57.042
dom;aged_15_24_employment_rate_percent;49.757;50.226000000000006;49.708999999999996;49.047;49.045;48.745;48.636;48.104;47.705;47.313;46.99;46.976000000000006;46.527;46.722;47.005;47.973;46.983000000000004;45.228;41.82;44.47;43.528;43.596000000000004;41.261;43.67;43.708999999999996;43.907;43.608999999999995;43.26;42.924;42.625;42.395;42.211999999999996
dza;aged_15_24_employment_rate_percent;24.011999999999997;22.750999999999998;21.848000000000003;21.089000000000002;18.134;20.364;21.986;20.554000000000002;18.979;17.572;18.63;17.980999999999998;17.81;21.113000000000003;22.000999999999998;23.54;21.89;22.313000000000002;22.454;22.069000000000003;21.561;19.9;21.144000000000002;19.389;18.275;19.624000000000002;19.387;19.07;18.718;18.343;17.885;17.355
ecu;aged_15_24_employment_rate_percent;42.465;39.525;40.174;41.589;41.95399999999999;38.975;39.387;40.66;36.996;42.199;40.11;41.09;40.38;41.655;42.318000000000005;43.284;44.667;42.898;43.352;41.25899999999999;39.045;39.95;38.41;37.653;40.145;41.156000000000006;41.574;40.878;40.183;39.475;38.757;38.025
egy;aged_15_24_employment_rate_percent;24.116999999999997;24.394000000000002;22.559;22.904;23.055;24.362;24.215999999999998;23.561;27.55;23.736;20.76;22.927;22.237;23.381;23.16;23.482;24.815;25.054000000000002;25.866999999999997;24.869;22.962;21.041999999999998;21.508000000000003;21.493000000000002;20.764;20.589000000000002;20.519000000000002;20.424;20.39;20.465;20.585;20.761999999999997
eri;aged_15_24_employment_rate_percent;69.117;69.862;70.295;70.78699999999999;71.215;70.628;69.805;69.00399999999999;68.2;67.358;66.25;64.999;64.007;63.131;62.303999999999995;62.534;62.797;63.198;63.504;63.893;64.138;64.4;64.604;64.65;64.598;64.167;63.977;63.802;63.656000000000006;63.552;63.49100000000001;63.464
esh;aged_15_24_employment_rate_percent;27.927;27.778000000000002;27.635;27.483;27.36;27.439;27.586;27.750999999999998;27.959;28.035999999999998;28.281999999999996;28.54;28.663;28.778000000000002;28.904;28.916;28.888;28.947;29.138;29.035999999999998;29.074;29.144000000000002;29.213;29.256999999999998;29.291;29.379;29.464000000000002;29.515;29.581999999999997;29.656999999999996;29.745;29.855
esp;aged_15_24_employment_rate_percent;31.605;29.949;24.994;23.859;24.165;23.627;24.866;26.649;29.978;32.402;33.703;34.165;34.369;34.662;38.315;39.42;39.091;35.894;27.87;24.798000000000002;21.78;18.160999999999998;16.651;16.659000000000002;18.015;18.487000000000002;20.153;21.844;22.418000000000003;22.701;22.888;23.070999999999998
est;aged_15_24_employment_rate_percent;47.952;45.783;44.17;43.967;42.263999999999996;39.66;36.251999999999995;35.255;29.784000000000002;30.166999999999998;27.784000000000002;25.208000000000002;29.412;29.596;30.822;31.967;35.019;37.205999999999996;29.264;25.846999999999998;31.208000000000002;32.468;32.162;33.406;36.626;37.718;37.11;35.959;34.811;33.814;33.016;32.408
eth;aged_15_24_employment_rate_percent;69.874;70.054;70.09899999999999;70.175;70.111;69.89699999999999;69.72399999999999;69.425;68.97;69.645;70.428;71.271;72.07;72.705;73.48;73.385;73.245;73.089;72.932;72.775;72.65100000000001;72.57;72.627;71.622;70.584;69.556;69.477;69.403;69.32600000000001;69.242;69.154;69.063
fin;aged_15_24_employment_rate_percent;48.707;39.698;34.647;32.054;29.666;27.739;31.18;32.592;35.016;35.235;36.348;35.652;36.058;36.369;40.605;42.283;44.792;44.93600000000001;39.632;38.795;40.297;41.725;41.455;41.51;40.667;41.851000000000006;41.771;42.121;42.135;41.8;41.455;41.146
fji;aged_15_24_employment_rate_percent;40.422;40.379;39.592;39.265;39.389;38.924;38.121;37.203;36.256;35.685;34.916;34.233000000000004;34.082;37.52;37.263000000000005;34.686;32.089;31.04;30.653000000000002;29.963;29.458000000000002;29.213;30.517;31.284000000000002;30.961;30.706999999999997;30.361;30.098000000000003;29.768;29.439;29.131;28.819000000000003
fra;aged_15_24_employment_rate_percent;32.704;31.439;28.706;26.32;26.41;26.204;25.2;26.0;27.115;28.976999999999997;29.522;29.737;30.785;29.772;30.836;30.546999999999997;31.864;32.108000000000004;30.948;30.500999999999998;29.89;28.67;28.485;28.278000000000002;28.351999999999997;28.43;29.378;30.026;30.335;30.629;30.912;31.194000000000003
gab;aged_15_24_employment_rate_percent;13.984000000000002;14.196;14.113;14.234000000000002;14.284;14.362;14.345999999999998;14.36;14.399000000000001;14.288;14.136;14.017000000000001;13.834000000000001;13.677999999999999;13.557;13.189;12.774000000000001;12.53;12.296;11.965;11.767000000000001;11.595999999999998;11.413;11.255;11.09;11.164000000000001;10.988;10.82;10.66;10.497;10.327;10.149
gbr;aged_15_24_employment_rate_percent;60.29600000000001;57.066;54.138999999999996;53.758;53.643;54.784;55.802;56.147;55.428000000000004;55.81399999999999;55.323;55.367;54.042;54.842;54.138000000000005;53.503;52.568999999999996;52.003;47.933;46.908;45.685;45.996;45.955;47.67100000000001;49.655;50.369;50.745;51.133;50.95399999999999;50.434;49.827;49.161
geo;aged_15_24_employment_rate_percent;27.734;28.765;28.570999999999998;27.134;27.63;25.764;24.934;24.945;27.744;28.305;28.267;23.293000000000003;27.499000000000002;22.108;23.31;23.381999999999998;23.601;22.764;22.42;25.045;27.054000000000002;27.974;25.528000000000002;27.872;28.596999999999998;27.676;28.31;28.541;28.663;28.616999999999997;28.441;28.114
gha;aged_15_24_employment_rate_percent;52.238;51.91;50.832;49.731;48.611000000000004;47.666000000000004;46.718;45.883;43.476000000000006;45.091;45.958;46.836000000000006;47.718999999999994;48.61;49.506;50.403999999999996;49.998999999999995;49.545;49.126999999999995;48.728;49.66;50.593;52.175;51.821000000000005;51.446000000000005;51.091;51.077;51.074;51.056000000000004;51.013000000000005;50.958;50.891999999999996
gin;aged_15_24_employment_rate_percent;44.61;44.915;45.11600000000001;45.148;44.883;45.202;45.373999999999995;45.378;45.232;44.993;45.083;45.051;44.941;44.751999999999995;44.52;44.438;44.247;44.011;43.732;43.4;43.178999999999995;42.875;42.513000000000005;42.108000000000004;41.691;41.312;41.165;41.013999999999996;40.86;40.708;40.558;40.407
gmb;aged_15_24_employment_rate_percent;35.639;35.749;35.563;35.395;35.268;35.265;35.361999999999995;35.479;35.654;35.830999999999996;35.948;36.103;36.148;36.236;36.368;36.405;36.422;36.436;36.461;36.5;36.586999999999996;36.579;36.336;36.032;35.608000000000004;35.34;35.391;35.453;35.523;35.597;35.662;35.729
gnb;aged_15_24_employment_rate_percent;52.542;52.591;52.523;52.256;51.763999999999996;51.836999999999996;51.636;51.369;50.886;50.601000000000006;50.108999999999995;49.622;49.051;48.418;47.755;47.34;46.861999999999995;46.382;45.926;45.508;45.358999999999995;45.246;44.998999999999995;44.77;44.458999999999996;44.277;44.004;43.721000000000004;43.433;43.144;42.856;42.566
gnq;aged_15_24_employment_rate_percent;33.458;33.16;33.013000000000005;32.571;31.941999999999997;31.143;30.384;29.941;29.611;29.345;29.119;29.11;29.218000000000004;29.369;29.615;29.168000000000003;28.719;28.494;28.485;28.414;27.831;27.294;27.006;26.855;26.747;25.891;25.156;24.674;24.436;24.276;23.703000000000003;23.17
grc;aged_15_24_employment_rate_percent;30.956;30.37;28.796999999999997;28.340999999999998;28.534000000000002;27.581;26.6;29.717;28.749000000000002;28.965999999999998;27.033;27.635;26.607;28.263;25.38;25.074;24.976;24.281999999999996;23.409000000000002;20.604;16.7;13.408;12.312999999999999;13.402000000000001;13.26;13.15;13.99;14.189;14.867;15.135;15.247;15.159
gtm;aged_15_24_employment_rate_percent;53.485;53.636;53.659;53.763000000000005;53.92;53.986000000000004;54.15;54.288000000000004;54.342;54.818999999999996;54.98;53.07899999999999;52.815;53.088;56.016999999999996;59.0;56.832;55.053999999999995;53.271;51.968999999999994;49.608999999999995;56.906000000000006;48.50899999999999;49.74100000000001;49.641999999999996;50.691;50.663000000000004;50.59;50.506;50.46;50.428000000000004;50.412
gum;aged_15_24_employment_rate_percent;59.013000000000005;58.417;55.95;52.25;51.196000000000005;50.273999999999994;47.965;49.955;41.471000000000004;39.242;41.923;43.565;45.775;47.885;48.473;47.726000000000006;46.224;45.59;45.461999999999996;46.908;40.313;41.71;42.641000000000005;47.568000000000005;48.32;50.218999999999994;49.93600000000001;49.277;48.718999999999994;48.352;48.051;47.803000000000004
guy;aged_15_24_employment_rate_percent;37.854;38.103;38.275;38.282;37.301;38.157;37.817;35.891999999999996;37.24;36.203;37.106;36.788000000000004;36.152;36.345;35.471;36.828;36.91;35.548;35.393;35.254;35.818000000000005;36.395;37.299;37.777;38.158;38.497;38.556999999999995;38.543;38.499;39.891;40.629;40.727
hkg;aged_15_24_employment_rate_percent;54.489;53.141999999999996;51.323;49.676;47.391000000000005;46.983999999999995;46.474;43.545;40.903;41.635;39.922;38.529;38.406;39.299;38.836999999999996;38.414;39.16;37.611;34.251999999999995;31.509;32.95;34.06;35.154;35.823;35.906;36.662;37.286;37.525999999999996;37.24;36.582;35.591;34.211
hnd;aged_15_24_employment_rate_percent;55.361999999999995;56.815;56.722;56.718999999999994;56.565;55.409;56.449;55.757;55.993;54.071999999999996;52.08;50.175;47.129;44.666000000000004;43.605;46.278999999999996;47.532;48.361999999999995;48.963;48.214;46.475;45.611999999999995;47.535;48.443999999999996;53.037;52.468;52.397;52.24;52.044;51.857;51.668;51.483000000000004
hrv;aged_15_24_employment_rate_percent;26.573;27.601999999999997;28.334;28.160999999999998;30.647;32.735;32.545;30.67;28.074;26.351;25.605999999999998;25.715;24.771;26.379;25.758000000000003;25.837;27.648000000000003;28.226;27.607;24.72;20.899;17.645;14.987;18.298;18.979;25.364;26.64;28.391;28.738000000000003;28.288;27.624000000000002;26.706999999999997
hti;aged_15_24_employment_rate_percent;36.998000000000005;35.659;34.504;33.342;33.139;31.854;30.718000000000004;29.699;28.829;26.884;25.986;25.320999999999998;24.647;23.468000000000004;23.171999999999997;22.168000000000003;21.45;21.56;22.276999999999997;21.991;23.548000000000002;23.092;23.127;22.905;22.691999999999997;22.56;22.484;22.511999999999997;22.511;22.485;22.441999999999997;22.372
hun;aged_15_24_employment_rate_percent;35.867;36.024;32.173;31.223000000000003;31.951;28.246;28.796999999999997;33.211;34.385999999999996;32.427;31.284000000000002;29.386;27.131;23.552;21.845;21.397;20.666;19.654;17.500999999999998;17.573;17.531;18.167;20.044;23.615;25.875;28.448;28.479;27.993000000000002;27.223000000000003;26.416999999999998;25.705;25.096
idn;aged_15_24_employment_rate_percent;47.321999999999996;47.148;46.849;46.553999999999995;46.236000000000004;45.928999999999995;45.001999999999995;45.396;45.552;45.288000000000004;45.527;44.196999999999996;44.168;42.735;40.868;40.774;40.997;42.155;42.379;42.325;41.986000000000004;43.093;42.896;41.316;38.958;40.736;40.288000000000004;39.696999999999996;39.166;38.709;38.332;38.021
ind;aged_15_24_employment_rate_percent;45.585;45.50899999999999;45.31;45.332;44.788999999999994;44.195;43.4;42.926;42.474;41.717;41.849;41.879;42.225;42.331;42.486999999999995;40.71;38.979;36.95;35.527;33.925;32.743;31.491;31.305999999999997;30.886999999999997;30.253;29.555999999999997;29.303;29.055999999999997;28.815;28.576999999999998;28.343000000000004;28.108
irl;aged_15_24_employment_rate_percent;37.797;35.214;34.454;35.536;37.243;36.711;39.33;43.998999999999995;47.08;48.468;47.138999999999996;45.174;45.63399999999999;45.128;48.903999999999996;50.256;50.346000000000004;45.669;36.703;31.896;30.078000000000003;28.885;29.96;29.570999999999998;30.028000000000002;33.611999999999995;34.406;34.284;33.795;33.476;33.254;33.075
irn;aged_15_24_employment_rate_percent;28.989;28.274;27.624000000000002;26.884;26.199;25.65;25.308000000000003;25.124000000000002;24.910999999999998;24.9;24.541999999999998;25.679000000000002;27.111;28.412;27.537;26.595;25.47;23.398000000000003;23.124000000000002;21.590999999999998;21.253;20.259;20.28;19.067999999999998;19.327;19.913;19.18;18.722;18.227;17.709;17.198;16.705
irq;aged_15_24_employment_rate_percent;30.511;30.971999999999998;31.171999999999997;30.568;30.303;31.078000000000003;30.698;30.029;29.055999999999997;27.759;26.861;25.968000000000004;25.705;24.796999999999997;25.766;27.3;28.785999999999998;30.555999999999997;30.436;30.199;29.846999999999998;29.052;28.638;28.803;28.885;28.368000000000002;28.358;28.493000000000002;28.628;28.688000000000002;28.735;28.761
isl;aged_15_24_employment_rate_percent;55.275;54.876999999999995;52.495;51.746;60.953;58.974;59.803000000000004;66.572;68.15899999999999;73.417;75.653;65.885;63.388999999999996;65.432;70.53;72.34100000000001;74.472;71.794;61.413999999999994;61.619;62.248999999999995;65.161;69.559;70.211;73.039;77.571;76.498;76.308;76.074;75.848;75.646;75.471
isr;aged_15_24_employment_rate_percent;43.221000000000004;43.802;48.043;51.858999999999995;52.61;52.136;50.298;47.394;47.738;48.585;47.12;42.879;42.095;43.786;46.373999999999995;46.239;46.96;47.805;45.565;45.54600000000001;44.738;43.645;44.516999999999996;44.492;44.626999999999995;44.736999999999995;45.224;45.426;45.273;45.074;44.836000000000006;44.571000000000005
ita;aged_15_24_employment_rate_percent;33.285;30.729;29.31;27.139;26.168000000000003;25.423000000000002;25.095;25.37;25.461;26.045;26.299;25.752;25.250999999999998;27.785999999999998;25.699;25.305999999999997;24.711;24.46;21.665;20.291;19.104;18.26;15.994000000000002;15.311;15.432;16.436;17.035;17.31;17.23;17.078;16.903;16.737000000000002
jam;aged_15_24_employment_rate_percent;29.991;30.199;28.98;32.122;28.763;28.712;28.033;28.175;27.875999999999998;27.776;28.295;28.89;33.687;31.195;32.397;33.616;34.03;32.847;32.169000000000004;31.188000000000002;30.823;28.826;27.98;29.340999999999998;29.892;29.874000000000002;30.842;31.221;31.723000000000003;32.086999999999996;32.356;32.458
jor;aged_15_24_employment_rate_percent;17.58;16.62;17.035;17.91;19.94;20.385;20.104;19.863;19.624000000000002;19.221;19.118;17.953;18.48;18.523;18.601;19.155;19.832;19.737000000000002;19.989;18.625999999999998;17.183;16.62;15.487;15.700999999999999;15.290999999999999;14.157;13.82;13.593;13.402999999999999;13.224;13.047;12.869000000000002
jpn;aged_15_24_employment_rate_percent;42.997;44.332;44.825;45.093;44.867;45.211999999999996;45.397;44.382;42.578;42.312;41.669;40.768;40.192;39.813;40.473;41.016999999999996;41.146;41.083;39.597;38.965;39.046;38.848;39.985;40.379;40.501999999999995;42.195;42.281000000000006;42.475;42.402;42.125;41.778999999999996;41.376999999999995
kaz;aged_15_24_employment_rate_percent;52.393;53.371;54.933;53.126000000000005;52.056000000000004;50.668;50.236999999999995;50.153;49.373000000000005;48.327;47.548;42.751000000000005;43.449;42.626000000000005;44.574;44.192;43.68;42.733999999999995;42.964;42.703;42.331;41.925;41.156000000000006;42.993;44.873999999999995;44.699;43.625;42.083999999999996;40.314;38.449;36.567;34.742
ken;aged_15_24_employment_rate_percent;45.589;44.906000000000006;44.106;43.268;42.464;41.863;41.443999999999996;41.022;40.588;39.069;37.471;35.917;34.295;32.68;31.083000000000002;30.793000000000003;30.636999999999997;30.589000000000002;29.396;29.068;28.673000000000002;28.054000000000002;27.285999999999998;26.56;25.927;25.32;25.215;25.14;25.06;24.947;24.811;24.646
kgz;aged_15_24_employment_rate_percent;44.879;45.346000000000004;44.708;42.721000000000004;41.882;40.985;41.169;40.97;40.71;41.198;41.153;38.256;38.841;38.477;39.330999999999996;39.775999999999996;39.916;40.031;39.806999999999995;39.389;39.117;36.933;40.961000000000006;38.092;36.732;35.208;35.111;34.967;34.721;34.283;33.722;33.048
khm;aged_15_24_employment_rate_percent;70.434;70.878;71.493;71.354;70.825;69.88;66.125;60.941;63.589;62.498000000000005;72.145;73.40899999999999;74.536;74.76100000000001;75.672;76.52600000000001;77.712;78.222;78.41199999999999;78.181;77.612;77.139;76.488;76.248;75.73;75.1;75.187;75.212;75.203;75.181;75.146;75.094
kor;aged_15_24_employment_rate_percent;36.211999999999996;35.89;34.764;35.933;36.274;35.945;34.795;29.517;29.88;31.162;31.119;32.202;31.5;32.244;31.412;29.256;27.778000000000002;25.072;23.675;23.476999999999997;23.601;24.72;24.715;26.553;27.845;28.214000000000002;28.269000000000002;28.131;27.986;27.685;27.258000000000003;26.691
kwt;aged_15_24_employment_rate_percent;30.936999999999998;31.444000000000003;31.737;31.868000000000002;28.276;30.33;29.984;30.156999999999996;30.656999999999996;31.12;32.407;33.11;33.792;33.126;32.181999999999995;33.650999999999996;33.184;32.691;33.379;33.178000000000004;30.64;28.175;27.622;27.635;27.593000000000004;28.315;29.691999999999997;30.930999999999997;31.68;31.896;31.910999999999998;31.743000000000002
lao;aged_15_24_employment_rate_percent;70.801;70.584;70.396;69.918;69.558;69.237;68.877;68.521;68.094;67.61399999999999;67.171;66.653;66.153;65.64399999999999;64.82;64.41199999999999;64.02199999999999;63.633;63.273999999999994;62.816;62.383;61.963;61.45399999999999;60.982;60.43;59.835;59.626999999999995;59.367;59.06399999999999;58.729;58.383;57.995
lbn;aged_15_24_employment_rate_percent;24.779;24.539;24.421;24.17;23.905;23.609;23.945999999999998;23.649;23.73;23.908;23.78;23.739;23.746;23.645;23.224;22.908;22.43;22.535;22.846999999999998;22.535;22.805;23.334;23.951;24.401999999999997;24.713;24.929000000000002;24.818;24.695;24.584;24.499000000000002;24.45;24.445999999999998
lbr;aged_15_24_employment_rate_percent;33.186;32.664;32.023;31.535;31.511999999999997;31.182;30.878;30.723000000000003;30.513;30.041;30.29;30.396;30.404;30.342;30.421;30.561999999999998;30.666;30.863000000000003;30.948;30.941;30.706;30.37;29.923000000000002;29.412;28.855999999999998;28.34;28.31;28.296999999999997;28.294;28.296;28.304000000000002;28.316999999999997
lby;aged_15_24_employment_rate_percent;17.323;17.563;17.715;17.51;18.408;17.704;18.05;18.177;18.246;18.149;18.555999999999997;18.559;17.772000000000002;18.387;18.035;18.476;18.604;18.964000000000002;19.432000000000002;19.117;20.934;18.967;18.777;18.605;18.535999999999998;18.144000000000002;18.049;19.246;19.689;19.375;19.184;19.029
lca;aged_15_24_employment_rate_percent;39.704;40.399;39.427;39.279;39.459;38.879;33.875;32.086999999999996;35.163000000000004;36.33;38.698;32.323;33.006;32.444;34.85;37.271;38.878;39.364000000000004;35.646;29.375999999999998;31.366;31.515;28.561999999999998;28.35;26.877;28.912;29.309;29.894000000000002;30.413;30.498;30.451;30.355999999999998
lka;aged_15_24_employment_rate_percent;29.625999999999998;28.963;30.428;31.660999999999998;28.176;29.962;30.699;36.868;35.106;33.459;32.817;31.191999999999997;31.436999999999998;30.923000000000002;30.897;32.666;32.396;32.809;31.206;29.844;29.513;28.774;28.646;27.076;25.287;23.03;23.163;22.844;22.566;22.359;22.199;22.08
lso;aged_15_24_employment_rate_percent;34.481;36.703;32.109;32.905;29.176;33.06;30.281999999999996;26.739;43.028999999999996;44.63399999999999;39.677;34.539;35.94;30.208000000000002;29.555999999999997;29.753;28.714000000000002;27.378;27.388;31.561999999999998;29.461;31.401;29.756;29.217;27.551;27.039;27.164;26.444000000000003;26.456999999999997;26.146;25.951999999999998;25.726
ltu;aged_15_24_employment_rate_percent;33.207;33.912;33.283;33.748000000000005;33.181999999999995;33.383;33.961999999999996;32.763000000000005;31.989;26.564;22.622;25.561;24.08;20.775;21.335;23.730999999999998;24.775;25.92;20.645;18.348;19.076;21.456;24.351999999999997;27.386999999999997;28.42;30.825;31.035;30.579;29.991;29.471999999999998;28.888;28.171
lux;aged_15_24_employment_rate_percent;51.6;48.784;45.29;42.256;37.842;36.463;34.134;32.503;30.903000000000002;31.828000000000003;32.082;32.246;26.97;23.414;24.98;23.773000000000003;22.767;24.526999999999997;26.971;21.51;20.774;22.124000000000002;22.379;21.393;29.198;25.045;25.938000000000002;25.871;25.791999999999998;25.62;25.355999999999998;25.070999999999998
lva;aged_15_24_employment_rate_percent;31.026999999999997;31.935;31.558000000000003;29.505;32.188;30.958000000000002;33.579;32.702;32.086999999999996;30.163;28.526999999999997;28.645;31.435;29.177;32.558;35.721;38.616;37.539;27.878;25.794;26.162;28.853;30.195999999999998;32.667;35.167;34.139;32.981;31.315;29.516;28.044;27.045;26.456
mac;aged_15_24_employment_rate_percent;44.589;44.477;50.422;49.553000000000004;48.518;50.602;46.381;42.958;39.984;38.549;39.471;34.312;30.361;32.129;35.243;37.46;42.425;44.023;45.303999999999995;46.635;45.938;43.153;43.975;43.255;42.552;42.328;42.739;43.013999999999996;43.106;42.795;41.778999999999996;40.321
mar;aged_15_24_employment_rate_percent;31.033;32.049;32.108000000000004;28.697;26.561999999999998;29.074;29.99;27.309;32.417;32.461;32.492;32.801;32.605;32.896;32.56;31.638;31.488000000000003;30.186;30.199;29.971;29.608;28.206999999999997;27.991;27.703000000000003;27.238000000000003;27.91;27.879;27.587;27.175;26.849;26.578000000000003;26.351
mda;aged_15_24_employment_rate_percent;19.347;20.026;20.085;19.05;18.817;17.03;16.944000000000003;16.590999999999998;16.257;18.639;19.168;19.749000000000002;19.403;19.363;19.209;19.072;19.43;19.862000000000002;18.622;18.102999999999998;19.108;17.773;18.255;17.365;19.307000000000002;17.345;16.788;16.56;16.272000000000002;15.925999999999998;15.539000000000001;15.117
mdg;aged_15_24_employment_rate_percent;67.807;67.688;67.564;67.468;67.363;67.449;67.508;67.554;67.551;67.497;68.083;68.518;68.87899999999999;70.032;71.208;72.003;72.742;73.43;74.127;74.719;76.149;77.58800000000001;76.442;75.288;73.71600000000001;73.157;73.554;73.955;74.344;74.64699999999999;74.941;75.223
mdv;aged_15_24_employment_rate_percent;39.179;38.545;37.925;37.297;36.6;36.716;36.736999999999995;36.736;36.836999999999996;37.172;39.236;41.553999999999995;44.172;46.132;47.801;50.695;50.083;50.001000000000005;49.053999999999995;49.65;49.593999999999994;48.888999999999996;48.989;48.361999999999995;46.339;44.174;44.205;44.096000000000004;43.898999999999994;43.663999999999994;43.346000000000004;43.1
mex;aged_15_24_employment_rate_percent;50.358999999999995;51.299;52.292;50.996;48.91;49.293;50.501000000000005;51.465;51.536;50.27;48.806999999999995;46.915;45.349;45.468;46.034;46.493;46.438;45.567;43.351000000000006;43.553000000000004;43.075;43.449;42.596000000000004;41.581;41.505;41.551;41.881;41.876000000000005;41.886;41.788999999999994;41.684;41.571999999999996
mkd;aged_15_24_employment_rate_percent;16.194000000000003;16.417;16.123;16.58;17.658;17.333;17.01;17.06;17.826;17.273;17.648;14.807;12.085999999999999;11.325;11.592;14.466;15.237;15.66;15.677999999999999;15.399000000000001;14.364;15.417;16.211;15.27;17.298;16.201;16.4;16.08;15.932;15.867;15.874;15.948
mli;aged_15_24_employment_rate_percent;38.141;38.253;38.281;38.236999999999995;38.111999999999995;38.285;38.317;37.759;37.176;36.649;36.274;35.939;35.529;35.095;37.018;38.922;40.342;43.442;46.623000000000005;51.865;52.349;52.727;53.096000000000004;55.46;49.28;49.147;49.53;49.902;50.271;50.746;51.233000000000004;51.72
mlt;aged_15_24_employment_rate_percent;55.97;53.972;53.745;52.395;54.941;53.648;53.586999999999996;53.379;52.949;52.933;53.285;50.794;49.681999999999995;45.525;44.827;44.992;47.138999999999996;47.129;44.53;44.56;45.25;43.754;45.711999999999996;46.11;45.631;45.983000000000004;45.978;45.728;45.38;44.965;44.415;43.772
mmr;aged_15_24_employment_rate_percent;78.84899999999999;78.281;77.976;77.53;77.108;76.73100000000001;76.398;76.042;75.283;74.328;73.568;72.736;71.71;70.635;69.464;68.248;67.03;65.934;64.70100000000001;63.543;62.92;62.099;61.157;60.263000000000005;59.43899999999999;58.705;58.387;58.08;57.818000000000005;57.621;57.486000000000004;57.415
mne;aged_15_24_employment_rate_percent;15.437999999999999;16.412;16.137;12.195;13.950999999999999;11.307;14.279000000000002;13.198;14.254000000000001;11.731;13.91;13.833;13.799000000000001;13.395999999999999;13.345999999999998;16.266;18.676;19.194000000000003;18.516;17.226;18.766;17.735;17.208;18.869;17.914;17.746;19.281;18.897000000000002;18.498;18.096;17.736;17.371
mng;aged_15_24_employment_rate_percent;33.135999999999996;34.383;35.757;35.369;37.666;36.461999999999996;35.209;36.306999999999995;36.93;36.853;36.436;34.805;33.17;34.558;34.265;33.884;30.483;32.246;30.366999999999997;28.564;30.924;31.092;29.776;28.775;27.82;24.544;24.454;24.29;24.087;23.708000000000002;23.093000000000004;22.471
moz;aged_15_24_employment_rate_percent;44.729;47.035;46.37;46.055;45.781000000000006;45.615;45.778999999999996;45.146;44.61600000000001;44.121;43.246;42.708;42.131;42.351000000000006;42.553999999999995;42.733999999999995;42.97;43.158;43.347;43.523999999999994;43.699;43.879;42.893;40.264;40.064;40.021;40.287;40.55;40.811;41.067;41.313;41.683
mrt;aged_15_24_employment_rate_percent;38.135;37.971;37.716;37.629;37.207;36.917;36.668;36.187;35.671;35.348;34.679;34.039;33.271;32.582;31.840999999999998;31.179000000000002;30.654;30.025;29.393;28.660999999999998;28.028000000000002;27.375;27.073;26.761;26.471999999999998;26.247;26.013;25.778000000000002;25.555999999999997;25.355;25.153000000000002;24.941
mus;aged_15_24_employment_rate_percent;41.606;41.18600000000001;40.993;40.732;40.284;39.93;39.721;39.747;40.061;40.254;40.51;38.968;37.069;33.918;32.46;33.591;32.139;32.434;30.503;30.724;30.836;30.233;31.647;32.343;32.602;33.266999999999996;32.478;32.086;31.741;31.741999999999997;31.939;32.357
mwi;aged_15_24_employment_rate_percent;46.048;46.271;46.141000000000005;46.312;46.412;46.775;47.193999999999996;47.623000000000005;48.343;49.065;49.733999999999995;50.303000000000004;50.879;51.568000000000005;52.364;53.365;54.383;55.503;56.573;57.629;58.657;59.668;60.593999999999994;59.702;58.968999999999994;58.074;58.42100000000001;58.766999999999996;59.108999999999995;59.43899999999999;59.761;60.07
mys;aged_15_24_employment_rate_percent;42.816;42.276;42.602;41.979;41.028999999999996;41.075;40.585;40.611999999999995;39.792;39.635999999999996;39.236;39.11;38.603;38.235;37.949;37.984;37.379;37.196;35.966;35.674;37.342;37.591;38.376;38.658;37.782;38.084;37.881;37.705999999999996;37.45;37.097;36.72;36.332
nam;aged_15_24_employment_rate_percent;24.374000000000002;24.0;23.605999999999998;22.873;21.576;20.415;18.837;18.78;18.706;18.070999999999998;18.046;17.934;17.874000000000002;17.255;17.057000000000002;16.874000000000002;16.71;16.577;16.482;16.992;18.015;20.845;19.006;19.921;19.324;17.641;17.636;17.595;17.584;17.585;17.569000000000003;17.543
ncl;aged_15_24_employment_rate_percent;25.901999999999997;26.566;27.494;27.811999999999998;27.976;28.111;28.214000000000002;28.154;28.261;28.166;28.454;28.570999999999998;28.941999999999997;27.136999999999997;27.488000000000003;27.603;27.668000000000003;28.089000000000002;28.469;28.263;28.293000000000003;28.494;28.668000000000003;29.005;29.07;29.026;28.76;28.4;28.221;28.079;27.923000000000002;27.803
ner;aged_15_24_employment_rate_percent;60.68899999999999;60.791000000000004;60.725;60.623999999999995;60.601000000000006;61.376000000000005;62.185;62.77;63.542;64.242;65.47800000000001;65.49;65.361;65.264;64.973;65.69800000000001;66.77;67.69800000000001;68.68;69.472;70.48100000000001;70.59100000000001;70.708;70.702;70.695;70.828;71.119;71.411;71.69;71.95100000000001;72.197;72.42699999999999
nga;aged_15_24_employment_rate_percent;36.039;35.785;35.243;34.797;34.278;34.109;33.859;33.547;33.229;32.9;32.993;33.03;33.065;33.079;31.611;30.179000000000002;28.787;27.441;26.134;24.875999999999998;23.686999999999998;22.531999999999996;21.419;21.662;21.651999999999997;20.418;20.064;19.718;19.382;19.067;18.767;18.482
nic;aged_15_24_employment_rate_percent;43.227;39.488;38.551;37.63;36.31;37.494;39.711;39.585;42.196999999999996;44.043;46.135;40.971000000000004;44.02;44.343;44.521;43.825;44.678999999999995;44.102;42.948;43.644;45.172;46.948;46.938;47.667;47.325;46.93600000000001;46.928000000000004;46.903;46.855;46.793;46.708999999999996;46.602
nld;aged_15_24_employment_rate_percent;53.519;55.568999999999996;53.657;53.29600000000001;54.215;54.25;57.157;60.556999999999995;62.766999999999996;68.37100000000001;70.21600000000001;70.309;68.589;66.164;65.188;66.206;68.47399999999999;69.355;68.041;63.028999999999996;61.229;61.031000000000006;59.983000000000004;58.70399999999999;60.751999999999995;60.827;61.958999999999996;63.053000000000004;63.308;63.098;62.913999999999994;62.762
nor;aged_15_24_employment_rate_percent;48.937;47.435;46.325;47.091;44.666000000000004;51.326;54.175;57.617;56.879;58.641999999999996;57.768;56.775;55.553999999999995;54.449;52.784;52.685;54.833;57.562;52.685;51.33;50.626000000000005;52.023;51.708999999999996;50.136;50.471000000000004;48.57899999999999;48.786;48.913999999999994;48.73;48.363;47.913999999999994;47.435
npl;aged_15_24_employment_rate_percent;75.76899999999999;75.753;75.94800000000001;76.46;76.421;76.37100000000001;77.128;77.914;79.468;79.007;78.47800000000001;77.805;77.294;76.684;76.003;75.417;74.82600000000001;74.195;73.524;72.908;72.676;72.542;72.207;72.557;72.166;72.155;72.509;72.359;72.203;72.039;71.876;71.70100000000001
nzl;aged_15_24_employment_rate_percent;54.246;52.778;52.955;55.708;58.823;58.898999999999994;57.79600000000001;55.332;54.075;54.18;55.312;56.077;55.76;56.13;56.333;58.163999999999994;58.225;56.123000000000005;51.475;49.776;49.45;48.831;49.43899999999999;51.846000000000004;53.082;54.163000000000004;54.262;53.701;53.091;52.725;52.299;51.784
omn;aged_15_24_employment_rate_percent;35.103;34.861;33.955999999999996;32.661;31.17;31.002;31.211;31.750999999999998;32.438;32.74;32.339;32.209;32.191;31.983;31.826;32.937;34.150999999999996;35.209;36.344;37.46;39.556999999999995;40.604;41.053999999999995;40.989;40.302;41.24100000000001;42.09;42.518;42.285;41.293;39.903;38.664
pak;aged_15_24_employment_rate_percent;38.411;38.989000000000004;37.965;37.841;35.911;36.629;37.369;37.118;36.73;35.731;36.326;37.661;37.866;39.056999999999995;40.107;42.523;41.714;40.994;41.078;41.474;40.516999999999996;40.116;39.624;39.718;39.077;40.608000000000004;40.408;40.257;40.109;39.904;39.664;39.379
pan;aged_15_24_employment_rate_percent;31.055;33.821;36.582;35.341;35.289;34.508;35.177;34.498000000000005;37.259;34.504;32.461999999999996;32.533;33.751;34.556999999999995;37.205999999999996;36.783;39.904;43.0;42.823;41.428000000000004;39.036;41.74100000000001;43.533;41.006;40.71;40.924;40.645;40.42;40.207;39.963;39.694;39.406
per;aged_15_24_employment_rate_percent;38.918;40.106;42.074;43.88399999999999;46.348;46.89;48.476000000000006;49.302;51.451;47.742;49.973;52.4;54.232;55.861999999999995;57.582;60.026;61.485;62.167;62.773;63.809;62.277;62.29600000000001;61.505;59.317;56.332;55.028;55.648;56.175;56.711000000000006;57.256;57.813;58.381
phl;aged_15_24_employment_rate_percent;42.205;42.41;42.401;42.126999999999995;41.853;41.456;41.153999999999996;41.526;41.409;41.144;41.073;40.935;40.766999999999996;40.167;40.115;39.672;39.645;38.771;38.869;38.499;39.894;39.621;39.1;39.516999999999996;38.421;38.278;38.659;39.186;39.293;39.292;39.278;39.232
png;aged_15_24_employment_rate_percent;56.888999999999996;55.613;53.85;53.531000000000006;54.396;53.707;54.675;55.419;55.585;56.297;56.755;57.217;57.393;57.553999999999995;57.188;57.324;56.771;56.431000000000004;55.97;55.336999999999996;53.585;52.777;52.316;51.431999999999995;50.868;50.82;50.663999999999994;50.519;50.365;50.202;50.028999999999996;49.843999999999994
pol;aged_15_24_employment_rate_percent;34.15;33.074;30.331999999999997;27.871;26.903000000000002;27.156999999999996;26.529;26.369;22.561;23.205;24.343000000000004;22.589000000000002;21.709;21.42;22.805999999999997;24.345;26.252;27.886;27.315;26.436999999999998;24.889;24.68;24.298000000000002;25.984;26.291999999999998;28.721;29.388;29.474;28.855999999999998;28.261999999999997;27.541999999999998;26.71
pri;aged_15_24_employment_rate_percent;20.822;19.869;23.624000000000002;24.41;24.163;24.924;26.97;27.804000000000002;28.475;27.857;26.471;25.53;24.783;24.658;23.24;23.023000000000003;22.521;21.213;18.754;17.43;17.215;17.569000000000003;17.230999999999998;16.987000000000002;17.477999999999998;17.48;17.849;17.983;17.913;17.735;17.562;17.351
prk;aged_15_24_employment_rate_percent;64.905;64.775;65.882;66.79;65.804;69.411;68.818;68.283;68.329;67.461;67.48100000000001;67.13;67.344;67.419;67.484;66.97800000000001;66.635;66.821;66.736;66.693;66.64699999999999;66.632;66.619;66.565;66.258;65.932;65.895;66.03699999999999;66.115;66.165;66.199;66.227
prt;aged_15_24_employment_rate_percent;52.905;47.056000000000004;42.833999999999996;39.99;36.830999999999996;35.446999999999996;37.916;42.351000000000006;41.763000000000005;41.078;42.346000000000004;42.261;38.891999999999996;36.731;35.479;35.085;34.805;34.496;31.143;28.046;26.57;22.839000000000002;21.462;22.226999999999997;22.853;24.090999999999998;25.346999999999998;26.674;27.233;27.337;27.365;27.362
pry;aged_15_24_employment_rate_percent;57.271;57.153;56.64;58.732;58.922;52.236999999999995;55.55;55.29600000000001;49.667;51.723;51.468999999999994;50.766999999999996;52.648;53.24100000000001;54.023;53.155;53.466;55.343;55.832;52.397;51.445;54.059;53.541000000000004;50.763000000000005;48.985;51.619;51.948;51.848;51.695;51.641000000000005;51.473;51.24
pse;aged_15_24_employment_rate_percent;21.384;21.478;21.644000000000002;21.384;21.334;17.622;19.016;21.234;22.373;21.823;17.428;13.936;15.290999999999999;15.264000000000001;16.319000000000003;16.679000000000002;17.522000000000002;16.69;16.255;15.635;18.198;18.052;17.267;17.465999999999998;19.441;19.049;18.717;19.185;19.509;19.783;20.014;20.201
pyf;aged_15_24_employment_rate_percent;28.866999999999997;28.951999999999998;29.135;28.714000000000002;28.369;28.291999999999998;28.165;27.932;27.521;27.041999999999998;27.184;26.609;25.947;25.305;24.881999999999998;24.622;24.586;23.56;22.261999999999997;20.526;19.057000000000002;17.730999999999998;17.672;17.58;17.385;17.528;17.55;17.616;17.725;17.813;17.86;17.889
qat;aged_15_24_employment_rate_percent;50.158;50.876999999999995;51.72;52.29600000000001;52.095;49.943000000000005;46.333;43.563;41.858000000000004;40.846;42.975;45.674;48.211999999999996;49.153;51.11600000000001;55.176;59.513000000000005;62.451;65.055;67.029;64.37;63.405;64.066;65.517;67.256;66.479;65.80199999999999;65.199;64.83;64.639;62.253;60.681999999999995
rou;aged_15_24_employment_rate_percent;41.67100000000001;42.744;42.533;41.99;42.402;39.889;39.016999999999996;37.885;36.497;35.205;33.68;29.468000000000004;27.691;28.083000000000002;25.088;24.171999999999997;24.324;24.598000000000003;24.162;24.465;23.605;23.81;23.048000000000002;22.557;24.744;22.439;22.725;22.836;22.249000000000002;22.2;22.055;21.833000000000002
rus;aged_15_24_employment_rate_percent;40.757;46.266999999999996;45.228;42.879;40.29;37.613;32.808;29.493000000000002;32.984;34.584;33.512;33.719;32.332;32.713;33.128;33.169000000000004;34.196;36.424;34.688;34.45;35.038000000000004;33.569;34.085;32.99;31.543000000000003;31.023000000000003;29.945;28.678;27.575;26.726999999999997;26.134;25.866999999999997
rwa;aged_15_24_employment_rate_percent;86.881;85.721;83.839;81.48899999999999;79.421;78.865;78.988;79.697;80.385;80.587;80.18;79.414;78.221;77.12;76.423;76.024;76.007;76.173;76.243;75.992;75.62899999999999;75.027;75.392;75.649;75.057;74.36399999999999;74.17699999999999;74.042;73.904;73.737;73.556;73.35600000000001
sau;aged_15_24_employment_rate_percent;23.136999999999997;22.051;20.134;18.327;16.68;16.282;15.923;15.552;15.0;14.908;14.468;14.014000000000001;14.357000000000001;14.032;13.695;12.918;12.567;12.200999999999999;11.149000000000001;11.918;12.934000000000001;13.155999999999999;13.261;13.091;12.344000000000001;13.210999999999999;13.18;13.079;12.882;12.62;12.509;12.377
sdn;aged_15_24_employment_rate_percent;25.609;25.308000000000003;25.503;25.377;25.392;25.474;25.217;25.035;24.693;24.570999999999998;24.372;24.075;23.87;23.619;23.393;23.134;22.83;22.509;22.136999999999997;22.066;21.614;21.255;21.006;20.631999999999998;20.207;19.832;19.724;19.624000000000002;19.514;19.4;19.287;19.174
sen;aged_15_24_employment_rate_percent;42.37;42.143;41.85;41.431999999999995;40.84;40.599000000000004;40.173;39.631;39.071999999999996;38.556999999999995;38.17;37.802;36.799;35.841;34.906;34.165;34.622;35.102;35.59;36.073;36.554;37.251;37.951;38.608000000000004;39.282;39.111;39.074;39.035;38.996;39.116;39.203;39.273
sgp;aged_15_24_employment_rate_percent;49.802;47.518;46.373999999999995;45.618;44.891000000000005;43.092;43.775;42.325;39.845;39.76;39.145;34.225;35.223;34.938;34.914;35.856;36.079;35.735;33.364000000000004;36.900999999999996;34.353;35.125;34.406;36.586999999999996;39.787;39.721;39.425;39.44;39.346;38.912;38.512;38.11
slb;aged_15_24_employment_rate_percent;57.821000000000005;56.896;57.089;56.56399999999999;56.125;56.528999999999996;57.20399999999999;57.407;57.878;60.045;61.221000000000004;61.733999999999995;61.131;60.778;60.356;59.922;59.302;58.696999999999996;59.553000000000004;58.857;57.628;57.418;57.354;57.461000000000006;57.303999999999995;57.24100000000001;57.192;57.137;57.062;56.963;56.849;56.71
sle;aged_15_24_employment_rate_percent;39.312;39.416;39.34;39.139;38.938;38.993;38.836999999999996;38.579;38.421;38.446999999999996;38.602;38.663000000000004;38.683;41.665;40.05;38.463;36.884;35.341;33.829;32.345;30.912;29.499000000000002;28.145;26.91;26.465999999999998;26.034000000000002;25.894000000000002;25.747;25.590999999999998;25.375999999999998;25.162;24.939
slv;aged_15_24_employment_rate_percent;44.435;43.82899999999999;42.881;44.685;43.571999999999996;41.273999999999994;39.829;43.718999999999994;42.626000000000005;41.138000000000005;39.911;39.845;41.872;40.674;40.089;41.393;42.068999999999996;42.001999999999995;40.265;40.921;42.091;42.619;42.144;41.455;41.761;41.257;41.403999999999996;41.549;41.631;41.621;41.536;41.336000000000006
som;aged_15_24_employment_rate_percent;29.666999999999998;29.663;29.662;29.678;29.608;29.491;29.364;29.205;29.052;28.927;28.756999999999998;28.624000000000002;28.521;28.445;28.391;28.342;28.318;28.315;28.331;28.375999999999998;28.388;28.42;28.479;28.57;28.693;28.835;28.97;29.115;29.230999999999998;29.3;29.329;29.316999999999997
srb;aged_15_24_employment_rate_percent;32.806;33.751;33.379;30.813000000000002;30.879;30.871;29.625999999999998;29.487;30.871;31.069000000000003;30.274;28.46;26.564;22.62;19.995;19.178;18.614;21.031999999999996;17.168;15.380999999999998;13.955;14.312999999999999;14.569;15.079;16.38;19.347;19.419;19.454;19.474;19.455;19.433;19.385
ssd;aged_15_24_employment_rate_percent;53.933;54.29600000000001;53.955;53.93899999999999;53.688;53.931999999999995;53.99100000000001;54.468999999999994;54.558;54.53;54.486000000000004;54.196999999999996;54.081;53.497;53.174;53.023;52.766999999999996;52.608999999999995;52.343;51.82899999999999;52.292;52.497;49.538999999999994;50.172;49.92100000000001;50.089;49.864;49.758;49.601000000000006;49.381;49.114;49.224
stp;aged_15_24_employment_rate_percent;34.34;33.299;32.036;31.101999999999997;30.749000000000002;30.613000000000003;31.074;31.763;32.251;32.278;31.208000000000002;29.258000000000003;28.947;28.28;27.755;27.666999999999998;28.39;29.017;29.746;30.191;30.320999999999998;30.339000000000002;29.955;29.497;29.006999999999998;28.526999999999997;28.337;28.209;28.122;28.07;28.079;28.124000000000002
sur;aged_15_24_employment_rate_percent;14.163;16.982;18.964000000000002;21.111;21.781999999999996;22.084;21.232;21.476999999999997;18.445;18.936;19.886;19.909000000000002;20.477999999999998;20.511999999999997;20.311;20.543000000000003;20.529;20.513;20.537;21.315;21.594;21.963;21.87;21.772;22.459;22.171;22.121;21.980999999999998;21.831999999999997;21.705;21.58;21.449
svk;aged_15_24_employment_rate_percent;45.728;42.945;40.553000000000004;34.719;34.988;36.843;36.34;34.781;31.269000000000002;28.383000000000003;27.967;26.956999999999997;27.513;26.563000000000002;25.759;25.865;27.535999999999998;26.168000000000003;22.767;20.609;20.027;20.069000000000003;20.384;21.691999999999997;23.309;25.412;25.968000000000004;25.962;25.447;24.816;24.169;23.523000000000003
svn;aged_15_24_employment_rate_percent;37.266;35.961;32.707;35.221;35.638000000000005;36.016999999999996;37.709;35.607;32.745;31.278000000000002;30.104;30.726999999999997;28.02;33.586999999999996;34.12;35.053000000000004;37.664;37.97;34.891999999999996;33.742;31.141;27.031;26.217;26.682;29.52;28.514;29.557;29.359;29.046;28.613000000000003;28.101;27.521
swe;aged_15_24_employment_rate_percent;59.285;50.891000000000005;41.193999999999996;40.067;40.631;39.914;39.685;42.18600000000001;44.36600000000001;45.847;44.175;41.536;41.347;37.332;41.951;40.575;42.721000000000004;42.678999999999995;38.493;38.918;40.839;40.104;41.978;43.431999999999995;44.809;45.428999999999995;45.615;45.518;44.88399999999999;43.986000000000004;43.302;42.891000000000005
swz;aged_15_24_employment_rate_percent;31.048000000000002;31.028000000000002;30.879;30.594;30.2;29.575;28.468000000000004;27.921999999999997;27.296;26.627;26.221;25.793000000000003;25.410999999999998;25.111;24.865;24.523000000000003;19.373;19.169;18.938;18.737000000000002;18.562;18.326;18.082;17.884;17.713;17.311;16.93;16.549;16.147000000000002;15.752;15.355;14.966
syr;aged_15_24_employment_rate_percent;44.4;42.887;42.008;41.542;41.446999999999996;40.056999999999995;38.758;37.766;36.599000000000004;34.039;31.944000000000003;29.575;33.012;30.788;29.261;28.183000000000003;27.055999999999997;25.254;25.217;23.846;19.171;19.006;18.871;18.881;18.707;18.689;18.551;18.549;18.497;18.462;18.295;18.069000000000003
tcd;aged_15_24_employment_rate_percent;50.398;50.845;51.181000000000004;51.363;51.593999999999994;52.028;52.321999999999996;52.528999999999996;52.733000000000004;52.838;53.06399999999999;53.287;53.343;53.295;53.196999999999996;53.306999999999995;53.18899999999999;52.961999999999996;52.631;52.178000000000004;52.049;51.67;51.291000000000004;50.806999999999995;50.291000000000004;49.88399999999999;49.797;49.716;49.637;49.56;49.482;49.403
tgo;aged_15_24_employment_rate_percent;71.233;71.047;70.717;70.279;69.85;69.097;68.306;67.544;66.74600000000001;65.95;65.635;65.303;64.96;64.665;64.421;64.477;64.207;63.907;63.574;63.211000000000006;62.824;62.699;62.493;62.188;61.775;61.315;61.205;61.099;61.0;60.91;60.82899999999999;60.751999999999995
tha;aged_15_24_employment_rate_percent;62.492;63.703;62.305;62.11;60.718999999999994;59.215;57.925;52.355;48.883;49.355;49.531000000000006;49.371;48.451;49.611999999999995;49.246;46.583;47.313;46.571000000000005;45.793;46.12;45.913000000000004;45.343999999999994;43.50899999999999;41.812;40.229;39.385999999999996;39.141;38.783;38.441;38.687;38.782;38.74
tjk;aged_15_24_employment_rate_percent;35.856;36.955999999999996;36.891999999999996;36.194;35.813;33.001;32.476;32.795;32.016;32.482;32.839;32.321;32.469;32.417;33.244;33.908;34.444;35.228;35.023;35.054;36.222;37.019;37.295;37.516;37.72;37.81;37.893;37.988;38.001;37.876999999999995;37.646;37.288000000000004
tkm;aged_15_24_employment_rate_percent;42.848;43.196000000000005;43.048;42.725;42.586999999999996;41.474;41.215;41.762;41.768;41.909;41.93600000000001;41.521;41.369;41.22;41.418;41.54;41.685;42.081;42.048;42.231;43.055;43.643;44.126999999999995;44.513000000000005;44.586000000000006;44.457;44.06100000000001;43.504;42.967;42.589;42.373999999999995;42.353
tls;aged_15_24_employment_rate_percent;45.653;45.623000000000005;45.63399999999999;45.18;44.333999999999996;43.151;41.723;41.187;39.955;36.562;34.915;32.626999999999995;29.886;27.212;24.416999999999998;21.962;18.57;16.294;14.214;12.475;12.064;11.755;11.614;11.417;11.418;11.485999999999999;11.540999999999999;11.625;11.635;11.503;11.258;10.887
ton;aged_15_24_employment_rate_percent;42.098;41.316;40.158;38.559;37.144;36.546;36.064;35.411;34.887;34.574;34.232;34.069;34.076;35.37;36.188;37.939;37.841;36.815;36.028;35.429;35.285;35.558;36.344;36.525999999999996;36.422;36.329;36.321999999999996;36.236999999999995;36.149;36.113;36.14;36.181999999999995
tto;aged_15_24_employment_rate_percent;32.891;32.156;32.499;34.097;35.446999999999996;37.246;37.574;37.469;38.038000000000004;39.299;39.692;39.662;40.799;44.202;45.461999999999996;46.986000000000004;47.906000000000006;46.67100000000001;44.891999999999996;42.208999999999996;43.211000000000006;42.207;43.218999999999994;41.608999999999995;41.751000000000005;40.162;38.907;37.853;37.014;36.263000000000005;35.678000000000004;35.208
tun;aged_15_24_employment_rate_percent;29.281;28.826999999999998;28.518;28.316;27.564;26.989;26.28;25.381;24.708000000000002;24.311999999999998;24.145;23.414;23.458000000000002;23.166;23.656999999999996;23.708000000000002;23.491999999999997;23.01;20.433;22.048000000000002;18.387;21.758000000000003;22.930999999999997;22.662;22.374000000000002;22.025;21.861;21.688000000000002;21.504;21.311999999999998;21.111;20.908
tur;aged_15_24_employment_rate_percent;47.648999999999994;45.211000000000006;40.535;43.84;41.832;42.751999999999995;40.986000000000004;40.135;40.324;37.525999999999996;35.803000000000004;33.601;31.158;31.131999999999998;31.486;31.589000000000002;31.508000000000003;31.703000000000003;30.229;31.439;33.277;32.531;33.26;34.279;34.8;34.72;34.297;34.355;34.253;34.263000000000005;34.285;34.301
twn;aged_15_24_employment_rate_percent;43.301;41.821999999999996;39.568000000000005;39.478;38.355;36.866;36.443000000000005;35.695;35.83;35.449;33.472;32.567;31.201;31.12;30.403000000000002;29.72;29.405;28.079;25.485;25.939;25.979;26.546;27.049;26.773000000000003;27.726;27.587;27.708000000000002;27.776999999999997;27.603;27.662;27.664;27.593000000000004
tza;aged_15_24_employment_rate_percent;63.571999999999996;63.358999999999995;63.071999999999996;62.713;62.263999999999996;62.104;61.856;61.526;61.176;60.872;60.479;62.114;61.906000000000006;61.681999999999995;61.424;61.3;61.83;62.458;63.713;63.05;62.291000000000004;64.422;66.615;69.788;69.613;69.305;69.377;69.453;69.542;69.649;69.77199999999999;69.905
uga;aged_15_24_employment_rate_percent;54.394;54.668;54.438;54.214;53.995;53.78;53.568000000000005;53.351000000000006;53.135;52.93899999999999;52.711000000000006;52.533;52.776;53.315;53.843;53.363;52.869;52.375;51.912;52.042;52.181000000000004;52.441;53.468;52.974;52.394;51.815;51.77;51.724;51.68899999999999;51.67;51.663000000000004;51.668
ukr;aged_15_24_employment_rate_percent;33.461999999999996;35.203;36.703;37.994;38.36;36.339;34.743;32.128;31.476;30.474;30.228;31.877;31.872;34.843;34.982;35.032;35.566;35.788000000000004;34.492;33.641999999999996;34.628;33.943000000000005;32.444;29.426;27.971;27.796999999999997;26.968000000000004;26.855;26.572;26.101999999999997;25.494;24.750999999999998
ury;aged_15_24_employment_rate_percent;42.641999999999996;43.74;43.838;45.475;45.556000000000004;42.188;42.465;44.527;42.265;39.184;37.918;32.935;31.345;35.257;35.376999999999995;37.084;39.844;42.728;43.428000000000004;43.91;44.998999999999995;43.794;43.733999999999995;43.272;40.365;38.827;38.442;38.379;38.3;38.205;38.103;38.012
usa;aged_15_24_employment_rate_percent;54.461999999999996;53.853;54.327;55.534;55.784;55.364;55.675;56.598;56.513000000000005;56.871;54.661;52.351000000000006;50.492;50.301;50.449;50.977;49.838;47.958;43.658;41.622;41.912;42.614;43.19;44.32;45.385;46.363;46.595;46.516999999999996;46.088;45.758;45.358999999999995;44.972
uzb;aged_15_24_employment_rate_percent;39.578;39.758;39.739000000000004;39.832;39.768;37.974000000000004;37.972;37.873000000000005;37.788000000000004;37.711999999999996;37.681;37.65;37.649;37.735;37.806;37.948;38.148;38.332;38.534;38.786;39.055;39.355;39.656;39.915;40.092;40.484;40.701;40.805;40.782;40.644;40.403;40.051
vct;aged_15_24_employment_rate_percent;37.0;37.414;36.675;35.738;36.686;35.576;35.836;35.722;35.055;34.768;32.946;33.977;34.266;34.228;34.266999999999996;34.995;34.861999999999995;33.915;33.857;33.93;34.095;34.236;34.333;33.788000000000004;33.781;33.308;33.236999999999995;33.228;33.196999999999996;33.101;32.976;32.777
ven;aged_15_24_employment_rate_percent;38.213;39.859;40.673;38.711;37.245;35.676;36.369;36.295;32.861999999999995;34.014;34.442;30.8;29.75;32.751999999999995;35.296;38.379;38.605;38.525;37.062;35.344;35.548;34.400999999999996;34.246;34.569;34.216;32.951;32.154;31.541999999999998;31.142;30.822;30.486;30.142
vir;aged_15_24_employment_rate_percent;38.09;38.055;39.05;36.73;36.832;36.707;35.361;35.287;33.769;34.209;33.242;34.650999999999996;32.908;33.079;32.556999999999995;32.109;31.098000000000003;29.778000000000002;28.385;28.123;27.028000000000002;26.511;26.79;26.910999999999998;26.67;26.541999999999998;26.608;26.563000000000002;26.45;26.296999999999997;26.138;25.908
vnm;aged_15_24_employment_rate_percent;68.585;68.002;67.51100000000001;66.904;66.187;65.453;63.153;63.622;63.148;62.656000000000006;61.266000000000005;61.793;60.972;61.223;60.099;59.036;57.935;57.63;57.681000000000004;56.318999999999996;57.043;57.309;56.979;57.556999999999995;57.595;55.753;55.24100000000001;54.336999999999996;53.397;52.56;51.817;51.181999999999995
vut;aged_15_24_employment_rate_percent;51.095;51.126000000000005;51.372;50.466;50.711999999999996;50.62;50.192;49.972;50.185;49.681999999999995;50.644;51.706;51.552;51.543;51.291000000000004;50.611999999999995;50.456;50.167;50.365;50.623000000000005;50.578;50.324;50.053000000000004;49.864;50.217;49.973;50.053000000000004;50.239;50.372;50.328;50.048;49.646
wsm;aged_15_24_employment_rate_percent;26.162;26.284000000000002;25.916;25.947;25.014;24.37;24.295;23.92;23.467;22.497;21.609;21.756;21.805999999999997;21.753;21.634;21.947;20.869;20.172;20.034000000000002;19.436;18.52;18.238;18.572;18.707;18.707;18.39;18.404;18.315;18.18;18.022000000000002;17.87;17.665
yem;aged_15_24_employment_rate_percent;27.744;27.397;27.304000000000002;27.125999999999998;27.694000000000003;28.305;28.95;29.598000000000003;30.18;28.726;27.269000000000002;25.945;24.708000000000002;23.586;23.217;22.97;22.75;22.543000000000003;22.344;19.918;19.578;19.863;19.83;19.590999999999998;19.979;20.266;19.864;19.504;19.284000000000002;18.984;18.617;18.287
zaf;aged_15_24_employment_rate_percent;22.851;22.381;21.855999999999998;21.314;22.683000000000003;19.567;17.889;16.121;15.446;16.258;14.878;13.838;12.927999999999999;14.225999999999999;15.253;15.972999999999999;16.27;17.065;14.86;13.100999999999999;12.981;12.5;12.689;12.402999999999999;13.294;12.263;12.1;11.911;11.624;11.599;11.542;11.465
zmb;aged_15_24_employment_rate_percent;43.68600000000001;43.086999999999996;42.647;44.117;45.58;48.571999999999996;50.61;52.419;51.733999999999995;52.891999999999996;53.626000000000005;54.302;54.878;55.431999999999995;55.937;55.126999999999995;54.266999999999996;54.195;49.446000000000005;44.527;47.286;48.673;48.24;47.739;47.229;46.727;46.475;46.243;46.025;45.817;45.619;45.43
zwe;aged_15_24_employment_rate_percent;51.17100000000001;51.051;50.538999999999994;49.974;48.865;47.961999999999996;46.06;46.355;46.636;51.031000000000006;55.43899999999999;60.065;64.545;68.792;68.665;68.486;68.332;68.234;67.878;67.669;67.499;67.518;67.64699999999999;67.691;67.64399999999999;67.48100000000001;67.721;67.934;68.164;68.385;68.6;68.814
