geo;indicator;1950;1951;1952;1953;1954;1955;1956;1957;1958;1959;1960;1961;1962;1963;1964;1965;1966;1967;1968;1969;1970;1971;1972;1973;1974;1975;1976;1977;1978;1979;1980;1981;1982;1983;1984;1985;1986;1987;1988;1989;1990;1991;1992;1993;1994;1995;1996;1997;1998;1999;2000;2001;2002;2003;2004
afg;alternative_gdppercapita_ppp_inflation_adjusted_from_pwt;;;;;;;;;;;;;;;;;;;;;1731.0;1748.0;2120.0;2119.0;2148.0;2263.0;2270.0;2121.0;2205.0;2121.0;2121.0;2298.0;2423.0;2529.0;2556.0;2549.0;2617.0;2326.0;2096.0;1907.0;1751.0;1837.0;1447.0;1137.0;1022.0;920.7;939.7;1029.0;1047.0;880.6;478.1;418.2;525.9;588.1;580.8
ago;alternative_gdppercapita_ppp_inflation_adjusted_from_pwt;;;;;;;;;;;;;;;;;;;;;;;;;;;;;;;;;;;;;;;;;;;;;;;;;;;1975.0;;;;
alb;alternative_gdppercapita_ppp_inflation_adjusted_from_pwt;;;;;;;;;;;;;;;;;;;;;;;;;;;;;;;;;;;;;;;;;3902.0;2120.0;1436.0;1871.0;2347.0;2738.0;2658.0;2403.0;2669.0;3256.0;3797.0;4058.0;4134.0;4160.0;4499.0
ant;alternative_gdppercapita_ppp_inflation_adjusted_from_pwt;;;;;;;;;;;;;;;;;;;;;12020.0;12140.0;12260.0;13050.0;12730.0;12120.0;12400.0;12930.0;13930.0;14230.0;15320.0;15320.0;14920.0;14670.0;14250.0;13710.0;12540.0;12770.0;12700.0;13450.0;13710.0;13780.0;14180.0;14770.0;15480.0;15350.0;15130.0;15070.0;14860.0;14560.0;14010.0;14070.0;14020.0;14080.0;
are;alternative_gdppercapita_ppp_inflation_adjusted_from_pwt;;;;;;;;;;;;;;;;;;;;;9756.0;10800.0;9901.0;15220.0;38430.0;43250.0;43630.0;44560.0;38130.0;42140.0;46960.0;43740.0;36680.0;31560.0;30130.0;27090.0;20160.0;20900.0;19860.0;22000.0;25290.0;24630.0;24710.0;22450.0;24010.0;25350.0;26940.0;28790.0;28590.0;29110.0;32180.0;32850.0;32980.0;35680.0;
arg;alternative_gdppercapita_ppp_inflation_adjusted_from_pwt;7091.0;7313.0;6736.0;6754.0;6950.0;7396.0;7353.0;7562.0;7949.0;7354.0;7859.0;8068.0;7968.0;7545.0;8031.0;8739.0;8569.0;8701.0;9005.0;9647.0;9740.0;9948.0;9946.0;10180.0;10590.0;10360.0;10110.0;10500.0;10090.0;10720.0;10810.0;10080.0;9493.0;9723.0;9829.0;8974.0;9533.0;9623.0;9228.0;8465.0;8231.0;9099.0;10050.0;10530.0;10970.0;10570.0;10910.0;11600.0;11930.0;11590.0;11330.0;10690.0;9561.0;10170.0;10940.0
arm;alternative_gdppercapita_ppp_inflation_adjusted_from_pwt;;;;;;;;;;;;;;;;;;;;;;;;;;;;;;;;;;;;;;;;;;;;;;2674.0;2833.0;2805.0;3026.0;3172.0;3471.0;3913.0;4338.0;4765.0;
atg;alternative_gdppercapita_ppp_inflation_adjusted_from_pwt;;;;;;;;;;;;;;;;;;;;;5168.0;4979.0;5249.0;5022.0;5170.0;4871.0;4414.0;4717.0;4738.0;5263.0;5383.0;5281.0;5618.0;7076.0;7171.0;7499.0;7878.0;7852.0;9697.0;9985.0;10790.0;10710.0;11150.0;12000.0;12620.0;12020.0;12440.0;12950.0;13670.0;14060.0;14060.0;14320.0;15270.0;15820.0;
aus;alternative_gdppercapita_ppp_inflation_adjusted_from_pwt;9261.0;9215.0;8613.0;9390.0;9924.0;10130.0;9936.0;9932.0;10390.0;10780.0;10780.0;10690.0;11130.0;11650.0;12210.0;12290.0;12730.0;12980.0;13810.0;14310.0;14670.0;15080.0;15360.0;15900.0;15620.0;15830.0;16250.0;16370.0;16880.0;17090.0;17460.0;17940.0;17500.0;17980.0;18480.0;19140.0;19290.0;19920.0;20270.0;20770.0;20420.0;20380.0;20800.0;21300.0;22010.0;22650.0;23270.0;24010.0;24950.0;25660.0;25830.0;26530.0;27120.0;27870.0;27990.0
aut;alternative_gdppercapita_ppp_inflation_adjusted_from_pwt;5011.0;5335.0;5304.0;5470.0;5930.0;6519.0;6736.0;7154.0;7421.0;7631.0;8495.0;8906.0;9071.0;9374.0;9869.0;10110.0;10610.0;10880.0;11300.0;11910.0;12690.0;13290.0;14060.0;14720.0;15220.0;15180.0;15890.0;16720.0;16450.0;17740.0;17830.0;17910.0;18240.0;18710.0;18790.0;19360.0;19650.0;19930.0;20620.0;21410.0;22220.0;22760.0;23090.0;22980.0;23270.0;23590.0;24020.0;24490.0;25340.0;26110.0;27000.0;27190.0;27350.0;27570.0;28160.0
aze;alternative_gdppercapita_ppp_inflation_adjusted_from_pwt;;;;;;;;;;;;;;;;;;;;;;;;;;;;;;;;;;;;;;;;;;;;;3319.0;2295.0;2129.0;2256.0;2561.0;3149.0;3591.0;3783.0;3852.0;3671.0;
bdi;alternative_gdppercapita_ppp_inflation_adjusted_from_pwt;;;;;;;;;;;663.6;556.9;596.0;637.0;610.6;638.0;630.0;689.9;680.7;639.8;805.9;805.7;782.2;825.7;794.3;800.8;852.5;922.0;914.1;911.4;894.7;933.2;905.6;881.3;857.6;924.2;936.7;939.6;1053.0;975.7;1066.0;1101.0;1104.0;922.7;848.2;850.0;767.7;759.2;780.1;823.6;698.8;715.3;760.5;763.7;
bel;alternative_gdppercapita_ppp_inflation_adjusted_from_pwt;6290.0;6504.0;6622.0;6795.0;7065.0;7298.0;7482.0;7582.0;7469.0;7671.0;8051.0;8404.0;8817.0;9198.0;9781.0;10040.0;10310.0;10670.0;11090.0;11770.0;12470.0;12880.0;13510.0;14330.0;14910.0;14650.0;15460.0;15550.0;16000.0;16370.0;17060.0;16930.0;17020.0;17040.0;17490.0;17760.0;18070.0;18480.0;19380.0;20040.0;20640.0;20930.0;21180.0;20890.0;21490.0;21940.0;22090.0;22790.0;23160.0;23790.0;24660.0;24820.0;25110.0;25260.0;25880.0
ben;alternative_gdppercapita_ppp_inflation_adjusted_from_pwt;;;;;;;;;;896.7;958.0;947.8;883.5;911.6;967.7;1018.0;1044.0;1044.0;1066.0;1100.0;1102.0;1108.0;1241.0;1230.0;1252.0;1159.0;1183.0;1022.0;988.2;1070.0;1124.0;1090.0;1169.0;1079.0;1140.0;1192.0;1177.0;1124.0;1123.0;1077.0;1086.0;1113.0;1125.0;1126.0;1124.0;1130.0;1168.0;1188.0;1209.0;1222.0;1251.0;1274.0;1312.0;1345.0;
bfa;alternative_gdppercapita_ppp_inflation_adjusted_from_pwt;;;;;;;;;;777.7;775.4;661.7;684.5;664.7;665.9;643.6;632.1;676.8;695.5;691.3;691.2;669.4;713.6;691.8;701.0;693.7;693.7;727.3;703.2;716.9;748.5;794.1;804.8;767.2;741.4;785.7;812.2;865.1;886.6;876.4;829.4;867.0;856.8;831.5;854.5;825.1;820.2;843.8;837.5;910.2;933.2;945.4;987.6;1073.0;1075.0
bgd;alternative_gdppercapita_ppp_inflation_adjusted_from_pwt;;;;;;;;;;;;;;;;;;;;;;;1289.0;1325.0;1233.0;1331.0;1294.0;1350.0;1374.0;1351.0;1347.0;1332.0;1335.0;1385.0;1402.0;1387.0;1421.0;1442.0;1506.0;1549.0;1581.0;1609.0;1613.0;1679.0;1658.0;1615.0;1713.0;1767.0;1771.0;1800.0;1851.0;1983.0;2049.0;2155.0;
bgr;alternative_gdppercapita_ppp_inflation_adjusted_from_pwt;;;;;;;;;;;;;;;;;;;;;;;;;;;;;;;;;;;;;;;;;;8215.0;7922.0;7591.0;7126.0;7573.0;6792.0;6562.0;6681.0;6766.0;7258.0;7454.0;7905.0;8207.0;8619.0
bhr;alternative_gdppercapita_ppp_inflation_adjusted_from_pwt;;;;;;;;;;;;;;;;;;;;;11830.0;11680.0;11540.0;10780.0;17750.0;18690.0;19710.0;21460.0;19650.0;19000.0;18490.0;17410.0;17760.0;17620.0;17160.0;15660.0;15590.0;15570.0;16440.0;16660.0;17190.0;16360.0;17100.0;19600.0;15800.0;16910.0;16870.0;16890.0;17050.0;18050.0;18650.0;19090.0;18880.0;19560.0;
bhs;alternative_gdppercapita_ppp_inflation_adjusted_from_pwt;;;;;;;;;;;;;;;;;;;;;16860.0;16750.0;15790.0;16640.0;13590.0;11360.0;11700.0;12480.0;13970.0;17210.0;18050.0;17190.0;17660.0;18510.0;18530.0;18950.0;19020.0;19930.0;20060.0;22220.0;20640.0;19720.0;17950.0;17390.0;17740.0;17110.0;16740.0;16620.0;16710.0;18430.0;19090.0;18530.0;18380.0;18380.0;18710.0
bih;alternative_gdppercapita_ppp_inflation_adjusted_from_pwt;;;;;;;;;;;;;;;;;;;;;;;;;;;;;;;;;;;;;;;;;1640.0;1444.0;1077.0;848.7;993.7;1661.0;2210.0;2796.0;2958.0;3062.0;3037.0;3365.0;3491.0;3492.0;
blr;alternative_gdppercapita_ppp_inflation_adjusted_from_pwt;;;;;;;;;;;;;;;;;;;;;;;;;;;;;;;;;;;;;;;;;;;;;;7047.0;7100.0;8080.0;8551.0;9317.0;10010.0;10960.0;11770.0;12560.0;
blz;alternative_gdppercapita_ppp_inflation_adjusted_from_pwt;;;;;;;;;;;;;;;;;;;;;3441.0;3627.0;3735.0;3857.0;3967.0;4030.0;3930.0;4068.0;4880.0;5142.0;5897.0;5234.0;5465.0;5154.0;4665.0;3927.0;4187.0;4342.0;4455.0;4758.0;5169.0;5029.0;5416.0;5659.0;5925.0;6036.0;5933.0;5889.0;5929.0;5950.0;6014.0;6289.0;6831.0;7147.0;6822.0
bmu;alternative_gdppercapita_ppp_inflation_adjusted_from_pwt;;;;;;;;;;;;;;;;;;;;;21620.0;22200.0;22500.0;22710.0;22840.0;24690.0;26240.0;26480.0;27070.0;28950.0;29970.0;28520.0;29170.0;29340.0;29240.0;30390.0;31150.0;32390.0;32870.0;32680.0;31620.0;31120.0;30170.0;30970.0;31270.0;32160.0;33010.0;33670.0;34200.0;36490.0;34030.0;33600.0;33960.0;35750.0;
bol;alternative_gdppercapita_ppp_inflation_adjusted_from_pwt;2856.0;2995.0;2965.0;2556.0;2508.0;2584.0;2424.0;2401.0;2384.0;2385.0;2406.0;2456.0;2424.0;2565.0;2616.0;2753.0;2861.0;3004.0;2563.0;2589.0;2539.0;2580.0;2654.0;2784.0;2848.0;2952.0;3107.0;3193.0;3131.0;3138.0;3078.0;3050.0;2915.0;2680.0;2636.0;2562.0;2445.0;2503.0;2525.0;2557.0;2582.0;2618.0;2602.0;2651.0;2714.0;2764.0;2798.0;2846.0;2879.0;2915.0;2929.0;2956.0;2971.0;3006.0;
bra;alternative_gdppercapita_ppp_inflation_adjusted_from_pwt;1803.0;1827.0;1943.0;2036.0;2100.0;2180.0;2214.0;2350.0;2428.0;2534.0;2670.0;2943.0;2996.0;3100.0;3117.0;3198.0;3225.0;3321.0;3569.0;3709.0;3976.0;4250.0;4604.0;5069.0;5277.0;5482.0;5903.0;5976.0;6038.0;6326.0;6669.0;6293.0;6270.0;5965.0;6056.0;6515.0;6919.0;7215.0;7079.0;7337.0;6834.0;6788.0;6665.0;6774.0;6977.0;6895.0;6954.0;7030.0;6964.0;7018.0;7194.0;7108.0;6950.0;7204.0;
brb;alternative_gdppercapita_ppp_inflation_adjusted_from_pwt;;;;;;;;;;;6961.0;7328.0;7778.0;7467.0;7624.0;8093.0;8287.0;9163.0;9377.0;10600.0;11620.0;12030.0;12280.0;12120.0;12400.0;11530.0;11300.0;11770.0;12410.0;13400.0;13480.0;12890.0;12660.0;12860.0;13580.0;13450.0;14360.0;14820.0;15030.0;15170.0;14580.0;14330.0;13740.0;13270.0;13590.0;14020.0;14240.0;14540.0;15050.0;15540.0;16090.0;15500.0;15450.0;15710.0;15940.0
brn;alternative_gdppercapita_ppp_inflation_adjusted_from_pwt;;;;;;;;;;;;;;;;;;;;;30940.0;31190.0;32530.0;34240.0;35590.0;34680.0;40130.0;43230.0;44750.0;52920.0;47120.0;36020.0;35270.0;34920.0;34000.0;32390.0;30480.0;30080.0;29450.0;28260.0;28170.0;28460.0;27340.0;26700.0;26440.0;26250.0;26760.0;26860.0;26750.0;24970.0;25110.0;25320.0;25590.0;26240.0;
btn;alternative_gdppercapita_ppp_inflation_adjusted_from_pwt;;;;;;;;;;;;;;;;;;;;;229.7;235.5;237.7;252.9;255.9;266.6;274.6;288.2;277.4;334.3;403.9;410.7;417.3;448.9;477.4;457.6;498.1;588.6;558.1;589.4;586.2;598.0;592.6;598.5;616.4;659.6;686.6;787.4;789.3;813.6;828.2;830.8;846.5;933.5;
bwa;alternative_gdppercapita_ppp_inflation_adjusted_from_pwt;;;;;;;;;;;;;;;;;;;;;1184.0;1358.0;1553.0;1684.0;1876.0;2168.0;2235.0;2451.0;2573.0;2726.0;2764.0;2620.0;3074.0;3384.0;3384.0;3825.0;3918.0;4295.0;4457.0;5222.0;5395.0;5714.0;5967.0;5829.0;5903.0;5928.0;6106.0;6513.0;6608.0;6319.0;7256.0;7788.0;7726.0;8054.0;9050.0
caf;alternative_gdppercapita_ppp_inflation_adjusted_from_pwt;;;;;;;;;;;;;;;;;;;;;1118.0;980.4;941.9;962.2;981.7;991.4;1021.0;1089.0;1219.0;1153.0;1071.0;1061.0;1062.0;963.8;1026.0;1022.0;1033.0;989.7;1011.0;1020.0;1006.0;975.7;786.8;766.0;781.2;811.0;770.7;799.9;823.2;925.5;945.1;954.7;917.8;887.7;
can;alternative_gdppercapita_ppp_inflation_adjusted_from_pwt;9216.0;9505.0;9993.0;10140.0;9680.0;10140.0;10720.0;10570.0;10490.0;10610.0;10580.0;10620.0;11150.0;11550.0;12160.0;12690.0;13230.0;13240.0;13630.0;14110.0;14170.0;14760.0;15270.0;16090.0;16370.0;16560.0;17210.0;17670.0;18110.0;18570.0;18690.0;19000.0;18210.0;18640.0;19540.0;20230.0;20510.0;21160.0;21790.0;22090.0;21770.0;20930.0;20900.0;21240.0;22160.0;22610.0;22780.0;23710.0;24450.0;25670.0;26820.0;26950.0;27510.0;27840.0;28400.0
che;alternative_gdppercapita_ppp_inflation_adjusted_from_pwt;10980.0;11770.0;11500.0;11740.0;12370.0;13060.0;13810.0;14080.0;13310.0;14260.0;15250.0;16210.0;16690.0;17130.0;17830.0;17950.0;18140.0;18510.0;18960.0;19770.0;21080.0;21840.0;22480.0;23070.0;23230.0;21140.0;21040.0;21670.0;22120.0;22890.0;24040.0;24230.0;23770.0;23820.0;24390.0;24940.0;25240.0;25370.0;25900.0;26720.0;27450.0;26980.0;26750.0;26570.0;26820.0;26840.0;26790.0;27090.0;27850.0;27970.0;28830.0;29020.0;28990.0;28790.0;29280.0
chl;alternative_gdppercapita_ppp_inflation_adjusted_from_pwt;;4291.0;4436.0;4836.0;4432.0;4583.0;4509.0;4728.0;4863.0;4666.0;5022.0;5063.0;5188.0;5330.0;5349.0;5294.0;5768.0;5795.0;5940.0;6099.0;6165.0;6634.0;6526.0;6119.0;6129.0;5213.0;5247.0;5649.0;6018.0;6443.0;6675.0;6936.0;5901.0;5616.0;5807.0;5795.0;5981.0;6201.0;6517.0;7041.0;7143.0;7552.0;8314.0;8746.0;9120.0;9911.0;10520.0;11050.0;11250.0;11140.0;11430.0;11660.0;11780.0;12140.0;12680.0
chn;alternative_gdppercapita_ppp_inflation_adjusted_from_pwt;;;334.2;351.0;349.4;362.7;393.7;402.2;438.0;441.1;444.9;377.7;371.7;390.5;425.7;462.3;484.9;457.5;432.3;466.7;500.0;533.9;536.3;561.9;561.5;588.9;591.7;616.0;667.8;723.6;751.0;802.7;888.5;944.5;1061.0;1135.0;1293.0;1414.0;1489.0;1497.0;1678.0;1798.0;1983.0;2131.0;2453.0;2702.0;2925.0;3229.0;3475.0;3691.0;4002.0;4281.0;4630.0;4970.0;5333.0
civ;alternative_gdppercapita_ppp_inflation_adjusted_from_pwt;;;;;;;;;;;1298.0;1320.0;1365.0;1488.0;1638.0;1519.0;1638.0;1652.0;1801.0;1853.0;1913.0;2016.0;2011.0;1964.0;1892.0;2066.0;2171.0;2153.0;2321.0;2358.0;2065.0;2064.0;2319.0;2195.0;2176.0;2222.0;2337.0;2302.0;2278.0;2574.0;2353.0;2210.0;2183.0;2082.0;1955.0;2007.0;2067.0;2086.0;2133.0;2175.0;2172.0;2109.0;2060.0;2019.0;
cmr;alternative_gdppercapita_ppp_inflation_adjusted_from_pwt;;;;;;;;;;;1933.0;1918.0;1927.0;1946.0;1984.0;1981.0;2003.0;1798.0;1853.0;1966.0;1949.0;1895.0;1897.0;1942.0;2010.0;1989.0;2009.0;2056.0;2068.0;2216.0;2372.0;2603.0;3088.0;3274.0;3302.0;3537.0;3506.0;3104.0;2975.0;2702.0;2696.0;2538.0;2393.0;2286.0;2151.0;2128.0;2150.0;2281.0;2353.0;2396.0;2472.0;2516.0;2618.0;2713.0;
cod;alternative_gdppercapita_ppp_inflation_adjusted_from_pwt;;;;;;;;;;;;;;;;;;;;;1419.0;1493.0;1453.0;1537.0;1479.0;1372.0;1214.0;1168.0;1137.0;1166.0;1154.0;1099.0;931.4;988.2;958.9;954.8;986.2;958.8;927.7;884.3;973.7;892.0;694.6;560.4;546.2;498.1;488.3;479.8;466.2;409.2;359.1;348.1;338.1;435.5;419.8
cog;alternative_gdppercapita_ppp_inflation_adjusted_from_pwt;;;;;;;;;;;953.9;1014.0;1061.0;1015.0;1027.0;1044.0;1030.0;1038.0;1103.0;1173.0;1235.0;1407.0;1393.0;1461.0;1386.0;1514.0;1587.0;1587.0;1673.0;1890.0;2089.0;2555.0;2813.0;2830.0;2903.0;2807.0;2535.0;2439.0;2423.0;2402.0;2646.0;2368.0;2512.0;2107.0;1956.0;2161.0;2193.0;2238.0;2548.0;1512.0;1286.0;1405.0;1477.0;1421.0;
col;alternative_gdppercapita_ppp_inflation_adjusted_from_pwt;2465.0;2469.0;2554.0;2645.0;2716.0;2739.0;2732.0;2689.0;2677.0;2766.0;2806.0;2866.0;2944.0;2958.0;3071.0;3036.0;3087.0;3139.0;3218.0;3353.0;3469.0;3622.0;3782.0;3935.0;4040.0;4077.0;4191.0;4268.0;4553.0;4720.0;4823.0;4818.0;4763.0;4723.0;4787.0;4840.0;4984.0;5125.0;5233.0;5327.0;5442.0;5459.0;5524.0;5596.0;5725.0;5901.0;6048.0;6186.0;6167.0;6045.0;6080.0;6022.0;6045.0;6095.0;
com;alternative_gdppercapita_ppp_inflation_adjusted_from_pwt;;;;;;;;;;;1348.0;1445.0;1459.0;1726.0;1751.0;1530.0;1670.0;1859.0;1979.0;1893.0;1660.0;1651.0;1810.0;1639.0;1645.0;1924.0;1857.0;1764.0;1784.0;1872.0;1888.0;1939.0;2011.0;1995.0;1910.0;2019.0;2087.0;2061.0;2102.0;2045.0;1973.0;1965.0;1863.0;1854.0;1796.0;1664.0;1642.0;1576.0;1499.0;1436.0;1359.0;1358.0;1354.0;1278.0;
cpv;alternative_gdppercapita_ppp_inflation_adjusted_from_pwt;;;;;;;;;;;1373.0;1496.0;1404.0;1326.0;1434.0;1374.0;1641.0;1962.0;2056.0;1959.0;2098.0;2091.0;2156.0;1997.0;2080.0;1849.0;1889.0;1899.0;1899.0;1922.0;1930.0;2055.0;2108.0;2372.0;2493.0;2720.0;2765.0;2751.0;2933.0;2966.0;2861.0;2944.0;2966.0;3174.0;3111.0;3490.0;3523.0;3890.0;4176.0;4487.0;4983.0;4810.0;4939.0;5120.0;
cri;alternative_gdppercapita_ppp_inflation_adjusted_from_pwt;3137.0;3131.0;3384.0;3872.0;3906.0;4146.0;3906.0;4011.0;4385.0;4272.0;4484.0;4251.0;4377.0;4512.0;4627.0;4921.0;5033.0;5128.0;5324.0;5397.0;5662.0;5734.0;5991.0;6156.0;6312.0;6360.0;6432.0;6841.0;7040.0;7113.0;6974.0;6636.0;6029.0;5972.0;6202.0;6130.0;6164.0;6183.0;6233.0;6331.0;6351.0;6289.0;6595.0;6903.0;7103.0;7268.0;7264.0;7414.0;7728.0;8324.0;8341.0;8105.0;8154.0;8587.0;8739.0
cub;alternative_gdppercapita_ppp_inflation_adjusted_from_pwt;;;;;;;;;;;;;;;;;;;;;2675.0;2812.0;2868.0;2896.0;2867.0;3132.0;3277.0;3658.0;3900.0;3967.0;3749.0;4471.0;5017.0;5234.0;5345.0;6941.0;7086.0;7134.0;7240.0;7227.0;6726.0;6589.0;5748.0;4948.0;5008.0;4979.0;5165.0;5093.0;5164.0;5475.0;5699.0;5892.0;6031.0;6288.0;
cyp;alternative_gdppercapita_ppp_inflation_adjusted_from_pwt;;;;;;;;;;;;;;;;;;;;;5318.0;5886.0;6186.0;6263.0;5246.0;4626.0;5630.0;6599.0;7229.0;7762.0;8289.0;8570.0;8971.0;9460.0;9936.0;10370.0;10810.0;11740.0;12930.0;13600.0;14630.0;14630.0;15420.0;15150.0;15800.0;17300.0;17630.0;18130.0;18870.0;19840.0;20460.0;21400.0;21650.0;22010.0;22380.0
cze;alternative_gdppercapita_ppp_inflation_adjusted_from_pwt;;;;;;;;;;;;;;;;;;;;;;;;;;;;;;;;;;;;;;;;;13500.0;11920.0;11790.0;11890.0;12070.0;12510.0;13000.0;13030.0;12930.0;13210.0;13620.0;13960.0;14180.0;14640.0;15100.0
deu;alternative_gdppercapita_ppp_inflation_adjusted_from_pwt;;;;;;;;;;;;;;;;;;;;;13550.0;13970.0;14510.0;15090.0;15000.0;14890.0;15630.0;16110.0;16630.0;17370.0;17550.0;17470.0;17300.0;17660.0;18090.0;18400.0;18880.0;19130.0;19740.0;20340.0;21280.0;22130.0;22480.0;22160.0;22630.0;22950.0;23070.0;23420.0;23870.0;24320.0;25060.0;25320.0;25260.0;25190.0;25610.0
dji;alternative_gdppercapita_ppp_inflation_adjusted_from_pwt;;;;;;;;;;;;;;;;;;;;;;;;;;;;;;4809.0;4650.0;4214.0;4086.0;3853.0;4166.0;3821.0;4239.0;4291.0;4079.0;3997.0;3848.0;2984.0;3083.0;3239.0;2860.0;3402.0;3244.0;3098.0;3012.0;4493.0;4376.0;4545.0;4441.0;4324.0;
dma;alternative_gdppercapita_ppp_inflation_adjusted_from_pwt;;;;;;;;;;;;;;;;;;;;;4385.0;4574.0;4584.0;4320.0;3828.0;3570.0;3851.0;3968.0;4127.0;3641.0;3438.0;4293.0;4643.0;4896.0;4882.0;5022.0;5569.0;5897.0;6068.0;5752.0;6183.0;6106.0;6958.0;7060.0;6993.0;6997.0;7337.0;7546.0;8090.0;8306.0;8197.0;7692.0;7907.0;7566.0;
dnk;alternative_gdppercapita_ppp_inflation_adjusted_from_pwt;8796.0;8449.0;8548.0;9059.0;9424.0;9257.0;9430.0;9767.0;9877.0;10720.0;11350.0;12010.0;12640.0;12600.0;13680.0;14160.0;14480.0;14900.0;15320.0;16180.0;16470.0;16770.0;17440.0;17970.0;17600.0;17200.0;18270.0;18400.0;18660.0;19190.0;19020.0;18580.0;19100.0;19460.0;20190.0;20930.0;21810.0;21780.0;22030.0;22030.0;22200.0;22420.0;22790.0;22630.0;23860.0;24540.0;25120.0;25890.0;26370.0;26900.0;27830.0;27880.0;27880.0;27970.0;28450.0
dom;alternative_gdppercapita_ppp_inflation_adjusted_from_pwt;;1725.0;1733.0;1671.0;1723.0;1761.0;1889.0;1955.0;2013.0;2043.0;2125.0;2043.0;2481.0;2630.0;2717.0;2413.0;2522.0;2427.0;2345.0;2452.0;2761.0;2875.0;3017.0;3232.0;3403.0;3355.0;3426.0;3511.0;3553.0;3613.0;3922.0;4210.0;4331.0;4404.0;4337.0;4197.0;4269.0;4327.0;4328.0;4374.0;4135.0;4188.0;4584.0;4781.0;4921.0;4994.0;5325.0;5589.0;5936.0;6172.0;6497.0;6803.0;7158.0;6899.0;
dza;alternative_gdppercapita_ppp_inflation_adjusted_from_pwt;;;;;;;;;;;3898.0;3530.0;2626.0;3284.0;3778.0;4086.0;3685.0;3836.0;4017.0;4100.0;4280.0;3830.0;4621.0;4426.0;4044.0;3988.0;4343.0;4277.0;4437.0;5281.0;5056.0;4912.0;5163.0;5278.0;5461.0;5457.0;5743.0;5934.0;5573.0;5578.0;5570.0;5537.0;5617.0;5432.0;5228.0;5324.0;5513.0;5457.0;5508.0;5611.0;5753.0;5726.0;5723.0;5993.0;
ecu;alternative_gdppercapita_ppp_inflation_adjusted_from_pwt;;1912.0;2015.0;2041.0;2100.0;2116.0;2138.0;2182.0;2154.0;2218.0;2339.0;2313.0;2328.0;2356.0;2469.0;2460.0;2426.0;2502.0;2537.0;2546.0;2661.0;2687.0;2972.0;3611.0;3875.0;4035.0;4321.0;4569.0;4704.0;4823.0;4939.0;5014.0;4924.0;4679.0;4690.0;4680.0;4684.0;4255.0;4595.0;4446.0;4453.0;4501.0;4506.0;4462.0;4511.0;4525.0;4532.0;4583.0;4492.0;4340.0;4314.0;4319.0;4297.0;4330.0;4516.0
egy;alternative_gdppercapita_ppp_inflation_adjusted_from_pwt;1232.0;1307.0;1344.0;1363.0;1293.0;1263.0;1278.0;1300.0;1376.0;1379.0;1451.0;1498.0;1473.0;1447.0;1696.0;1724.0;1678.0;1708.0;1800.0;1848.0;1892.0;1908.0;1978.0;1873.0;1900.0;1829.0;2042.0;2228.0;2239.0;2335.0;2572.0;2550.0;2608.0;2714.0;2789.0;2862.0;2957.0;3081.0;3124.0;3266.0;3384.0;3499.0;3566.0;3587.0;3667.0;3757.0;4103.0;4095.0;4252.0;4425.0;4536.0;4609.0;4688.0;4759.0;
eri;alternative_gdppercapita_ppp_inflation_adjusted_from_pwt;;;;;;;;;;;;;;;;;;;;;;;;;;;;;;;;;;;;;;;;;;;522.5;569.2;643.7;636.4;662.5;699.5;640.7;565.8;555.4;573.1;597.0;609.5;592.7
esp;alternative_gdppercapita_ppp_inflation_adjusted_from_pwt;2972.0;3445.0;3585.0;3425.0;3858.0;4052.0;4327.0;4480.0;4632.0;4485.0;4965.0;5532.0;6045.0;6577.0;6858.0;7249.0;7723.0;7962.0;8374.0;9058.0;9327.0;9625.0;10350.0;11080.0;11620.0;11550.0;11840.0;11960.0;11960.0;11900.0;12060.0;11950.0;12030.0;12190.0;12350.0;12580.0;12950.0;13610.0;14250.0;14890.0;15400.0;15730.0;15830.0;15600.0;15920.0;16310.0;16660.0;17260.0;17980.0;18740.0;19540.0;20030.0;20320.0;20640.0;20970.0
est;alternative_gdppercapita_ppp_inflation_adjusted_from_pwt;;;;;;;;;;;;;;;;;;;;;;;;;;;;;;;;;;;;;;;;;11390.0;9794.0;8065.0;8031.0;7951.0;8693.0;8973.0;9655.0;10020.0;10280.0;11080.0;11580.0;12610.0;12790.0;13780.0
eth;alternative_gdppercapita_ppp_inflation_adjusted_from_pwt;329.3;365.9;370.4;383.1;376.3;381.5;393.1;379.9;373.7;391.7;399.0;405.7;409.4;414.6;427.5;444.8;450.9;450.6;464.5;480.1;478.7;489.3;497.4;502.2;500.0;489.3;496.1;490.2;480.1;493.3;505.3;515.2;504.4;520.6;465.9;461.2;463.7;363.9;462.9;429.0;463.8;437.2;552.3;593.2;595.6;607.5;645.6;668.7;668.7;722.9;725.4;723.4;737.7;687.3;
fin;alternative_gdppercapita_ppp_inflation_adjusted_from_pwt;5139.0;5611.0;5851.0;5669.0;6157.0;6602.0;6730.0;6682.0;6587.0;7041.0;7674.0;8204.0;8352.0;8575.0;9006.0;9495.0;9676.0;9816.0;9985.0;10960.0;11800.0;11970.0;12670.0;13380.0;14090.0;14010.0;13740.0;14010.0;14100.0;14950.0;15760.0;16050.0;16480.0;16760.0;17160.0;17380.0;17640.0;18210.0;19160.0;20290.0;19880.0;18220.0;17310.0;16800.0;17450.0;18220.0;18590.0;19900.0;21070.0;21590.0;22740.0;22910.0;23460.0;23790.0;24610.0
fji;alternative_gdppercapita_ppp_inflation_adjusted_from_pwt;;;;;;;;;;;;;;;;;;;;;3138.0;3291.0;3460.0;3946.0;3917.0;3916.0;3987.0;4027.0;4108.0;4626.0;4464.0;4324.0;4312.0;3999.0;4323.0;4482.0;4059.0;4124.0;3931.0;4071.0;5169.0;5194.0;4883.0;4672.0;4750.0;4753.0;5017.0;4777.0;4763.0;4678.0;4572.0;4656.0;4891.0;4919.0;
fra;alternative_gdppercapita_ppp_inflation_adjusted_from_pwt;6042.0;6378.0;6699.0;6808.0;6849.0;7066.0;7583.0;7906.0;7944.0;8201.0;8605.0;8961.0;9450.0;9817.0;10360.0;10700.0;11150.0;11580.0;12010.0;12800.0;13360.0;13880.0;14400.0;15080.0;15380.0;15190.0;15820.0;16200.0;16660.0;17150.0;17400.0;17540.0;18000.0;18170.0;18320.0;18620.0;19050.0;19400.0;20170.0;20830.0;21300.0;21400.0;21650.0;21220.0;21590.0;22020.0;22120.0;22570.0;23370.0;24110.0;25040.0;25440.0;25580.0;25660.0;26170.0
fsm;alternative_gdppercapita_ppp_inflation_adjusted_from_pwt;;;;;;;;;;;;;;;;;;;;;2297.0;2279.0;2234.0;2881.0;3245.0;3150.0;3067.0;3047.0;3123.0;3094.0;2785.0;2960.0;3011.0;3300.0;3261.0;3422.0;3516.0;3423.0;3501.0;3402.0;3425.0;3537.0;3569.0;3717.0;4227.0;4275.0;4038.0;3775.0;3735.0;3466.0;3782.0;3794.0;3823.0;3854.0;
gab;alternative_gdppercapita_ppp_inflation_adjusted_from_pwt;;;;;;;;;;;6596.0;7086.0;7807.0;9204.0;10290.0;11280.0;10470.0;12230.0;12410.0;13480.0;14430.0;14890.0;17460.0;18710.0;21120.0;20540.0;28770.0;21740.0;15000.0;14600.0;15750.0;14110.0;14270.0;14030.0;14140.0;14010.0;13180.0;12670.0;12380.0;12310.0;13050.0;13200.0;12870.0;12960.0;13640.0;13470.0;13290.0;12620.0;12320.0;11120.0;10440.0;9985.0;9650.0;9562.0;9257.0
gbr;alternative_gdppercapita_ppp_inflation_adjusted_from_pwt;8246.0;8590.0;8564.0;8956.0;9223.0;9515.0;9594.0;9701.0;9700.0;9968.0;10350.0;10500.0;10580.0;10910.0;11370.0;11590.0;11740.0;11990.0;12370.0;12550.0;12820.0;13130.0;13530.0;14510.0;14370.0;14260.0;14710.0;14820.0;15330.0;15750.0;15470.0;15310.0;15520.0;16060.0;16430.0;16970.0;17630.0;18400.0;19380.0;19780.0;19860.0;19530.0;19540.0;19960.0;20760.0;21270.0;21810.0;22470.0;23180.0;23800.0;24670.0;25130.0;25520.0;26040.0;26760.0
geo;alternative_gdppercapita_ppp_inflation_adjusted_from_pwt;;;;;;;;;;;;;;;;;;;;;;;;;;;;;;;;;;;;;;;;;;;4616.0;2769.0;2503.0;2635.0;3345.0;3697.0;3664.0;3714.0;3886.0;3982.0;4236.0;4224.0;5788.0
gha;alternative_gdppercapita_ppp_inflation_adjusted_from_pwt;;;;;;476.2;575.7;596.6;633.5;505.1;372.1;456.3;661.3;527.6;680.4;314.2;677.0;675.8;844.7;828.7;1041.0;1129.0;1432.0;1296.0;1239.0;1078.0;1065.0;957.6;1181.0;1190.0;1140.0;1130.0;1181.0;1042.0;1079.0;1014.0;1094.0;1091.0;1136.0;1152.0;1153.0;1156.0;1195.0;1194.0;1167.0;1224.0;1225.0;1127.0;1205.0;1221.0;1392.0;1373.0;1449.0;1440.0;
gin;alternative_gdppercapita_ppp_inflation_adjusted_from_pwt;;;;;;;;;;2689.0;3067.0;3218.0;3094.0;3142.0;2807.0;2865.0;2851.0;2749.0;2728.0;2637.0;2319.0;2374.0;2335.0;2310.0;2380.0;2398.0;2560.0;2434.0;2516.0;2463.0;2546.0;2464.0;2474.0;2297.0;2163.0;2107.0;2146.0;2146.0;2253.0;2233.0;2196.0;2158.0;2188.0;2207.0;2130.0;2261.0;2323.0;2392.0;2543.0;2553.0;2546.0;2721.0;2853.0;2888.0;2934.0
gmb;alternative_gdppercapita_ppp_inflation_adjusted_from_pwt;;;;;;;;;;;760.5;680.1;635.3;805.0;729.1;898.3;919.7;890.3;914.9;904.2;923.2;899.0;874.1;922.7;943.5;1014.0;995.3;1012.0;935.1;872.8;887.8;894.2;974.2;964.2;928.1;904.1;934.7;914.0;918.6;919.4;912.5;890.3;889.9;871.7;829.5;772.7;787.4;787.6;834.1;925.5;953.9;963.2;890.6;937.4;
gnb;alternative_gdppercapita_ppp_inflation_adjusted_from_pwt;;;;;;;;;;;480.4;471.9;467.7;546.7;587.3;630.1;568.1;640.7;661.3;729.8;690.1;678.4;625.5;632.4;663.8;761.5;719.1;705.9;651.2;655.6;505.4;635.7;631.4;632.3;654.8;628.9;634.6;619.8;603.6;639.0;641.8;643.9;454.3;541.0;623.2;631.5;667.0;671.3;492.0;543.1;762.4;576.7;548.1;582.8;
gnq;alternative_gdppercapita_ppp_inflation_adjusted_from_pwt;;;;;;;;;;;955.6;948.9;959.3;1010.0;1035.0;1049.0;1097.0;1163.0;1192.0;1219.0;1213.0;1226.0;1244.0;1435.0;1552.0;2051.0;2499.0;2735.0;2538.0;2170.0;1969.0;1886.0;1887.0;1795.0;1742.0;1723.0;1581.0;1447.0;1569.0;1490.0;1603.0;1567.0;1826.0;1558.0;936.6;1032.0;1626.0;3679.0;4473.0;5322.0;6495.0;9088.0;13300.0;11600.0;
grc;alternative_gdppercapita_ppp_inflation_adjusted_from_pwt;;2928.0;2839.0;3081.0;3168.0;3315.0;3584.0;3809.0;3962.0;4082.0;4156.0;4588.0;4644.0;5095.0;5493.0;5991.0;6314.0;6626.0;7041.0;7686.0;8240.0;8843.0;9697.0;10430.0;9693.0;10220.0;10790.0;10970.0;11600.0;11820.0;11770.0;11480.0;11290.0;11110.0;11270.0;11500.0;11520.0;11220.0;11680.0;12070.0;12000.0;12280.0;12250.0;11930.0;12050.0;12190.0;12380.0;12750.0;13100.0;13480.0;13980.0;14590.0;15090.0;15790.0;16490.0
grd;alternative_gdppercapita_ppp_inflation_adjusted_from_pwt;;;;;;;;;;;;;;;;;;;;;3015.0;3049.0;3082.0;3122.0;3182.0;3237.0;3278.0;3347.0;3567.0;3403.0;3540.0;3326.0;3548.0;3707.0;4052.0;4360.0;4466.0;3660.0;3823.0;3977.0;4203.0;4318.0;4529.0;4456.0;4483.0;4692.0;4796.0;5011.0;5410.0;5566.0;5896.0;5962.0;6100.0;6141.0;
gtm;alternative_gdppercapita_ppp_inflation_adjusted_from_pwt;2275.0;2279.0;2320.0;2316.0;2274.0;2188.0;2240.0;2289.0;2382.0;2464.0;2493.0;2575.0;2568.0;2646.0;2662.0;2700.0;2806.0;2815.0;2952.0;3091.0;3152.0;3184.0;3406.0;3485.0;3513.0;3552.0;3566.0;3707.0;3764.0;3931.0;4067.0;3959.0;3810.0;3704.0;3604.0;3532.0;3478.0;3405.0;3445.0;3478.0;3500.0;3492.0;3447.0;3509.0;3546.0;3608.0;3664.0;3654.0;3743.0;3824.0;3859.0;3829.0;3783.0;3805.0;
guy;alternative_gdppercapita_ppp_inflation_adjusted_from_pwt;;;;;;;;;;;;;;;;;;;;;;;;;;;;;;;;;;;;;;;;;;;;;;;;;;;3733.0;;;;
hkg;alternative_gdppercapita_ppp_inflation_adjusted_from_pwt;;;;;;;;;;;3264.0;3356.0;3664.0;4360.0;4799.0;5459.0;5875.0;5821.0;5956.0;6528.0;6988.0;7475.0;8043.0;8798.0;8639.0;8656.0;9556.0;10720.0;11740.0;12340.0;13330.0;14200.0;14460.0;14970.0;15970.0;16080.0;17410.0;19350.0;20760.0;21180.0;22000.0;23190.0;24500.0;25620.0;26620.0;26890.0;27160.0;27920.0;25490.0;25360.0;27240.0;27020.0;27160.0;27660.0;29640.0
hnd;alternative_gdppercapita_ppp_inflation_adjusted_from_pwt;1764.0;1755.0;1656.0;1725.0;1530.0;1507.0;1721.0;1697.0;1766.0;1807.0;1719.0;1710.0;1705.0;1655.0;1695.0;1802.0;1819.0;1805.0;1876.0;1837.0;1848.0;1999.0;2075.0;2077.0;1861.0;1960.0;2098.0;2136.0;2250.0;2336.0;2303.0;2405.0;2446.0;2345.0;2298.0;2350.0;2341.0;2384.0;2381.0;2445.0;2366.0;2305.0;2362.0;2330.0;2169.0;2214.0;2284.0;2332.0;2333.0;2164.0;2240.0;2258.0;2294.0;2292.0;2313.0
hrv;alternative_gdppercapita_ppp_inflation_adjusted_from_pwt;;;;;;;;;;;;;;;;;;;;;;;;;;;;;;;;;;;;;;;;;10720.0;8420.0;7355.0;6655.0;7042.0;7418.0;7736.0;8159.0;8531.0;8611.0;8980.0;9215.0;9502.0;9778.0;10130.0
hti;alternative_gdppercapita_ppp_inflation_adjusted_from_pwt;;;;;;;;;;;;;;;;;;;;;1768.0;1818.0;1769.0;1794.0;1845.0;1871.0;2107.0;2141.0;2272.0;2339.0;2612.0;2557.0;2329.0;2278.0;2283.0;2265.0;2199.0;2120.0;2160.0;1945.0;1950.0;1905.0;1781.0;1898.0;1712.0;1912.0;1873.0;1882.0;1931.0;1934.0;2069.0;;;;
hun;alternative_gdppercapita_ppp_inflation_adjusted_from_pwt;;;;;;;;;;;;;;;;;;;;;5725.0;5872.0;6419.0;6880.0;7054.0;7235.0;7501.0;7987.0;7886.0;8523.0;8503.0;8779.0;9081.0;9198.0;9475.0;9554.0;9769.0;10160.0;10330.0;10330.0;10090.0;9018.0;9035.0;9541.0;9408.0;9534.0;9595.0;10000.0;10400.0;10820.0;11380.0;11950.0;12520.0;13020.0;13640.0
idn;alternative_gdppercapita_ppp_inflation_adjusted_from_pwt;;;;;;;;;;;1099.0;1114.0;1062.0;1026.0;1068.0;1019.0;1056.0;1018.0;1119.0;1181.0;1279.0;1364.0;1514.0;1694.0;1716.0;1734.0;1863.0;1978.0;2067.0;2067.0;2083.0;2075.0;1960.0;2096.0;2246.0;2214.0;2317.0;2416.0;2611.0;2793.0;2917.0;3123.0;3313.0;3467.0;3576.0;3695.0;3907.0;3958.0;3604.0;3596.0;3772.0;3826.0;3976.0;4121.0;4064.0
ind;alternative_gdppercapita_ppp_inflation_adjusted_from_pwt;741.9;726.3;771.8;798.7;809.5;808.2;798.6;802.3;843.9;849.3;870.4;894.4;918.9;984.0;1023.0;992.8;966.1;1018.0;1061.0;1152.0;1154.0;1187.0;1159.0;1163.0;1126.0;1179.0;1204.0;1252.0;1316.0;1285.0;1350.0;1392.0;1427.0;1456.0;1519.0;1581.0;1633.0;1702.0;1785.0;1841.0;1897.0;1867.0;1897.0;1933.0;1976.0;2104.0;2181.0;2244.0;2368.0;2593.0;2644.0;2724.0;2847.0;2990.0;
irl;alternative_gdppercapita_ppp_inflation_adjusted_from_pwt;4479.0;4613.0;4590.0;4757.0;4825.0;5045.0;4948.0;4874.0;4881.0;5141.0;5380.0;5639.0;5819.0;6070.0;6282.0;6378.0;6393.0;6712.0;7256.0;7661.0;7752.0;7952.0;8432.0;8824.0;8974.0;8982.0;9144.0;9701.0;10310.0;10640.0;10620.0;10830.0;10730.0;10540.0;10770.0;10980.0;10980.0;11270.0;11740.0;12450.0;13460.0;13660.0;13990.0;14280.0;15060.0;16490.0;17770.0;19650.0;21020.0;23190.0;24950.0;26140.0;27220.0;28250.0;28960.0
irn;alternative_gdppercapita_ppp_inflation_adjusted_from_pwt;;;;;;2661.0;2570.0;2665.0;2746.0;2878.0;3269.0;3200.0;3393.0;3472.0;3586.0;4013.0;4173.0;4359.0;4739.0;5043.0;5797.0;6547.0;7149.0;7797.0;7395.0;7067.0;8271.0;7005.0;6609.0;6322.0;5433.0;4554.0;4780.0;4985.0;5219.0;5206.0;4583.0;4281.0;4074.0;3986.0;4420.0;4620.0;5059.0;5142.0;5505.0;5258.0;5373.0;5416.0;5694.0;5816.0;6046.0;6015.0;6358.0;6398.0;
irq;alternative_gdppercapita_ppp_inflation_adjusted_from_pwt;;;;;;;;;;;;;;;;;;;;;2003.0;2099.0;1898.0;2138.0;2142.0;2223.0;2827.0;2756.0;3285.0;3656.0;3386.0;2033.0;2116.0;2812.0;2622.0;2380.0;2628.0;3026.0;3003.0;2713.0;2538.0;929.8;1148.0;1652.0;1656.0;1343.0;1975.0;1340.0;2130.0;2643.0;2445.0;2469.0;2275.0;1230.0;
isl;alternative_gdppercapita_ppp_inflation_adjusted_from_pwt;6282.0;6119.0;5894.0;6665.0;7152.0;7789.0;7795.0;7618.0;8169.0;8216.0;8252.0;8085.0;8528.0;9308.0;10140.0;10730.0;11480.0;11300.0;10450.0;10510.0;11120.0;12810.0;12910.0;13850.0;14910.0;14680.0;14750.0;16260.0;17070.0;17720.0;18560.0;19150.0;19350.0;18680.0;19230.0;19640.0;20630.0;22200.0;21920.0;21700.0;21740.0;21510.0;20620.0;20590.0;21180.0;20980.0;21890.0;22840.0;24000.0;24720.0;25790.0;26310.0;25500.0;26350.0;27910.0
isr;alternative_gdppercapita_ppp_inflation_adjusted_from_pwt;4620.0;4936.0;4465.0;4265.0;4838.0;5320.0;5781.0;5717.0;5873.0;6291.0;6526.0;7106.0;7521.0;7918.0;8340.0;8700.0;8407.0;8420.0;9776.0;10890.0;11460.0;12250.0;13090.0;13980.0;14240.0;14490.0;13940.0;13490.0;14010.0;14350.0;14010.0;14580.0;14710.0;15010.0;14690.0;14710.0;15150.0;16190.0;16280.0;15910.0;16540.0;17160.0;17680.0;18000.0;18820.0;19660.0;20330.0;20510.0;20780.0;20960.0;22240.0;21600.0;20950.0;20720.0;21240.0
ita;alternative_gdppercapita_ppp_inflation_adjusted_from_pwt;4274.0;4616.0;4780.0;5077.0;5259.0;5560.0;5760.0;5961.0;6194.0;6571.0;7103.0;7640.0;8065.0;8467.0;8611.0;8822.0;9306.0;9887.0;10490.0;11060.0;11590.0;11720.0;12000.0;12730.0;13340.0;12940.0;13740.0;13970.0;14420.0;15190.0;15730.0;15790.0;15870.0;16030.0;16480.0;16970.0;17410.0;17930.0;18630.0;19170.0;19530.0;19780.0;19890.0;19590.0;19980.0;20540.0;20720.0;21130.0;21510.0;21870.0;22490.0;22830.0;22900.0;22920.0;23170.0
jam;alternative_gdppercapita_ppp_inflation_adjusted_from_pwt;;;;2235.0;2444.0;2647.0;2882.0;3178.0;3205.0;3263.0;3394.0;3526.0;3577.0;3759.0;3885.0;3951.0;3916.0;3851.0;3831.0;3925.0;4410.0;4498.0;4881.0;4854.0;4677.0;4452.0;4353.0;4274.0;4232.0;4026.0;3729.0;3761.0;3743.0;3913.0;3798.0;3619.0;3620.0;3966.0;4015.0;4244.0;4446.0;4419.0;4585.0;4743.0;4714.0;4682.0;4612.0;4561.0;4680.0;4541.0;4521.0;4580.0;4588.0;4584.0;
jor;alternative_gdppercapita_ppp_inflation_adjusted_from_pwt;;;;;3186.0;2622.0;3424.0;3489.0;3957.0;4202.0;4187.0;4581.0;4455.0;4615.0;4875.0;5231.0;5214.0;5307.0;4963.0;4871.0;4249.0;4022.0;4070.0;3802.0;3646.0;3273.0;3580.0;3383.0;4002.0;4227.0;4429.0;4245.0;4462.0;4572.0;4969.0;5058.0;5364.0;5272.0;4958.0;4063.0;3538.0;3408.0;3384.0;3412.0;3602.0;3783.0;3764.0;3891.0;3912.0;3892.0;3902.0;3905.0;3922.0;3742.0;
jpn;alternative_gdppercapita_ppp_inflation_adjusted_from_pwt;2392.0;2594.0;2847.0;2996.0;3112.0;3304.0;3498.0;3709.0;3846.0;4149.0;4632.0;5154.0;5551.0;5975.0;6599.0;6879.0;7539.0;8305.0;9286.0;10320.0;11330.0;11690.0;12500.0;13360.0;12970.0;13170.0;13530.0;13970.0;14600.0;15290.0;15520.0;15850.0;16150.0;16270.0;16660.0;17430.0;17870.0;18470.0;19670.0;20640.0;21640.0;22290.0;22400.0;22360.0;22500.0;22880.0;23610.0;23940.0;23580.0;23460.0;23970.0;23950.0;23760.0;24040.0;24660.0
kaz;alternative_gdppercapita_ppp_inflation_adjusted_from_pwt;;;;;;;;;;;;;;;;;;;;;;;;;;;;;;;;;;;;;;;;;;;;8718.0;7087.0;6362.0;6352.0;6253.0;5877.0;6092.0;6520.0;7193.0;8493.0;10170.0;
ken;alternative_gdppercapita_ppp_inflation_adjusted_from_pwt;1096.0;1263.0;1150.0;1060.0;1107.0;1122.0;1156.0;1183.0;1173.0;1101.0;1159.0;1111.0;1176.0;1182.0;1223.0;1243.0;1328.0;1338.0;1255.0;1295.0;1134.0;1157.0;1206.0;1161.0;1229.0;1181.0;1143.0;1175.0;1237.0;1251.0;1261.0;1237.0;1237.0;1195.0;1195.0;1149.0;1237.0;1266.0;1307.0;1333.0;1351.0;1336.0;1280.0;1258.0;1261.0;1281.0;1301.0;1305.0;1285.0;1253.0;1268.0;1257.0;1216.0;1218.0;
kgz;alternative_gdppercapita_ppp_inflation_adjusted_from_pwt;;;;;;;;;;;;;;;;;;;;;;;;;;;;;;;;;;;;;;;;;;;;3493.0;2763.0;2514.0;2693.0;3182.0;3260.0;3267.0;3389.0;3517.0;3463.0;;
khm;alternative_gdppercapita_ppp_inflation_adjusted_from_pwt;;;;;;;;;;;;;;;;;;;;;1087.0;1020.0;953.0;763.1;713.2;693.4;684.3;577.0;571.3;493.1;458.2;456.6;434.5;413.6;399.5;379.6;356.0;346.8;397.8;389.7;388.4;413.0;435.8;447.4;468.6;444.5;462.9;477.4;471.6;476.7;513.9;544.3;561.5;580.0;
kir;alternative_gdppercapita_ppp_inflation_adjusted_from_pwt;;;;;;;;;;;;;;;;;;;;;2162.0;2078.0;2284.0;2720.0;3882.0;4029.0;2904.0;2726.0;2715.0;2421.0;1291.0;1311.0;1422.0;1263.0;1341.0;1261.0;1245.0;1174.0;1350.0;1200.0;1192.0;1240.0;1187.0;1176.0;1241.0;1275.0;1281.0;1321.0;1353.0;1444.0;1432.0;1425.0;1405.0;1424.0;
kna;alternative_gdppercapita_ppp_inflation_adjusted_from_pwt;;;;;;;;;;;;;;;;;;;;;3817.0;3744.0;4193.0;4387.0;4311.0;4480.0;4389.0;4270.0;4829.0;4923.0;4999.0;5971.0;5914.0;5918.0;6523.0;7035.0;7343.0;7712.0;7229.0;7605.0;8313.0;9033.0;9565.0;9983.0;11270.0;11480.0;12220.0;13180.0;13510.0;14940.0;14390.0;14390.0;14610.0;14650.0;
kor;alternative_gdppercapita_ppp_inflation_adjusted_from_pwt;;;;1449.0;1441.0;1514.0;1528.0;1592.0;1593.0;1572.0;1544.0;1579.0;1568.0;1667.0;1754.0;1798.0;1973.0;2035.0;2213.0;2473.0;2621.0;2788.0;2870.0;3132.0;3359.0;3458.0;3758.0;4083.0;4474.0;4787.0;4557.0;4725.0;5007.0;5457.0;5887.0;6194.0;6742.0;7420.0;8142.0;8689.0;9591.0;10400.0;10810.0;11400.0;12320.0;13270.0;14120.0;14550.0;13260.0;14570.0;15700.0;16160.0;17130.0;17600.0;18420.0
kwt;alternative_gdppercapita_ppp_inflation_adjusted_from_pwt;;;;;;;;;;;;;;;;;;;;;64640.0;64340.0;63450.0;54960.0;45990.0;38650.0;39620.0;37460.0;36600.0;39800.0;29580.0;25130.0;23300.0;21290.0;20710.0;19950.0;19710.0;19880.0;19590.0;22450.0;16420.0;21860.0;25300.0;31000.0;30140.0;30570.0;30510.0;28780.0;28030.0;25350.0;25140.0;24520.0;23140.0;26100.0;
lao;alternative_gdppercapita_ppp_inflation_adjusted_from_pwt;;;;;;;;;;;;;;;;;;;;;999.3;1017.0;1035.0;1002.0;999.2;979.1;919.8;901.6;829.3;877.8;892.1;969.0;1005.0;990.8;1013.0;1126.0;1144.0;1084.0;1122.0;1290.0;1309.0;1315.0;1348.0;1325.0;1360.0;1372.0;1410.0;1433.0;1221.0;1277.0;1257.0;1264.0;1424.0;1412.0;
lbn;alternative_gdppercapita_ppp_inflation_adjusted_from_pwt;;;;;;;;;;;;;;;;;;;;;;;;;;;;;;;;;;;;;;;;;;3638.0;3485.0;3403.0;3468.0;4699.0;5334.0;5753.0;6054.0;6261.0;6175.0;5657.0;6030.0;6085.0;
lbr;alternative_gdppercapita_ppp_inflation_adjusted_from_pwt;;;;;;;;;;;;;;;;;;;;;1982.0;2040.0;2015.0;2124.0;2009.0;1606.0;1689.0;1653.0;1754.0;1778.0;1693.0;1739.0;1824.0;1607.0;1674.0;1631.0;1515.0;1426.0;1340.0;959.0;551.6;547.6;338.8;218.5;171.4;170.6;187.0;332.2;372.6;408.8;472.4;486.8;494.1;342.5;
lby;alternative_gdppercapita_ppp_inflation_adjusted_from_pwt;;;;;;;;;;;;;;;;;;;;;;;;;;;;;;;;;;;;;;;;;;;;;;;;;;;10330.0;;;;
lca;alternative_gdppercapita_ppp_inflation_adjusted_from_pwt;;;;;;;;;;;;;;;;;;;;;2883.0;3216.0;3336.0;3302.0;3328.0;3323.0;3078.0;3555.0;3337.0;3737.0;3565.0;3606.0;3781.0;4149.0;4462.0;4757.0;5449.0;5527.0;6008.0;6301.0;6451.0;6411.0;6809.0;6866.0;6480.0;6669.0;6561.0;6419.0;6846.0;6902.0;6839.0;6480.0;6566.0;6717.0;
lka;alternative_gdppercapita_ppp_inflation_adjusted_from_pwt;823.0;828.5;871.9;823.5;885.8;860.2;777.3;778.4;843.6;820.4;865.4;952.4;932.4;999.1;1036.0;1071.0;1070.0;1150.0;1138.0;1166.0;1241.0;1285.0;1363.0;1447.0;1497.0;1506.0;1519.0;1546.0;1665.0;1737.0;1854.0;1989.0;2098.0;2071.0;2110.0;2359.0;2442.0;2440.0;2480.0;2526.0;2756.0;2737.0;2917.0;3044.0;3154.0;3353.0;3496.0;3647.0;3740.0;3904.0;4047.0;4046.0;4111.0;4274.0;
lso;alternative_gdppercapita_ppp_inflation_adjusted_from_pwt;;;;;;;;;;;596.9;609.8;662.9;694.7;721.0;727.3;688.6;761.9;733.2;724.2;712.1;718.7;725.8;878.5;920.2;798.4;836.3;941.0;1203.0;1006.0;1229.0;1211.0;1198.0;1206.0;1170.0;1209.0;1305.0;1320.0;1351.0;1313.0;1318.0;1251.0;1222.0;1359.0;1433.0;1497.0;1583.0;1696.0;1841.0;1822.0;1834.0;1838.0;1773.0;2005.0;
ltu;alternative_gdppercapita_ppp_inflation_adjusted_from_pwt;;;;;;;;;;;;;;;;;;;;;;;;;;;;;;;;;;;;;;;;;;;;7651.0;7073.0;7553.0;7876.0;8307.0;8842.0;8675.0;9161.0;9644.0;10240.0;11150.0;12390.0
lux;alternative_gdppercapita_ppp_inflation_adjusted_from_pwt;10980.0;10220.0;10810.0;11110.0;10910.0;11330.0;11840.0;12480.0;12510.0;12480.0;12890.0;13290.0;13360.0;13420.0;14540.0;14590.0;14590.0;14450.0;15080.0;16670.0;16820.0;17100.0;18010.0;19290.0;19940.0;18450.0;18790.0;19070.0;19760.0;20280.0;20380.0;20240.0;20420.0;21030.0;22330.0;22960.0;25160.0;26040.0;28190.0;30730.0;32030.0;34510.0;34590.0;35490.0;36420.0;36330.0;36960.0;39690.0;42080.0;44770.0;48220.0;48220.0;48590.0;49260.0;50750.0
lva;alternative_gdppercapita_ppp_inflation_adjusted_from_pwt;;;;;;;;;;;;;;;;;;;;;;;;;;;;;;;;;;;;;;;;;;;;6926.0;7012.0;7052.0;7216.0;7835.0;8118.0;8424.0;8998.0;9558.0;10220.0;10810.0;
mac;alternative_gdppercapita_ppp_inflation_adjusted_from_pwt;;;;;;;;;;;;;;;;;;;;;7005.0;7438.0;8037.0;8683.0;9390.0;10150.0;10970.0;11890.0;12770.0;13610.0;14290.0;14960.0;15590.0;16030.0;16800.0;16670.0;17250.0;19150.0;20110.0;20730.0;21870.0;21620.0;23160.0;23870.0;24460.0;25260.0;25320.0;24940.0;23840.0;22980.0;24220.0;24680.0;26850.0;30420.0;37960.0
mar;alternative_gdppercapita_ppp_inflation_adjusted_from_pwt;1302.0;1264.0;1298.0;1325.0;1336.0;1291.0;1282.0;1243.0;1271.0;1319.0;1313.0;1529.0;1717.0;1918.0;2051.0;2001.0;1955.0;2069.0;2246.0;2317.0;2286.0;2358.0;2420.0;2460.0;2491.0;2565.0;2760.0;2806.0;2972.0;3074.0;3092.0;3046.0;3247.0;3175.0;3219.0;3279.0;3531.0;3362.0;3608.0;3606.0;3636.0;3826.0;3587.0;3503.0;3825.0;3485.0;3831.0;3643.0;3825.0;3749.0;3720.0;3893.0;3952.0;4060.0;
mda;alternative_gdppercapita_ppp_inflation_adjusted_from_pwt;;;;;;;;;;;;;;;;;;;;;;;;;;;;;;;;;;;;;;;;;;;2866.0;2854.0;2517.0;2668.0;2499.0;2652.0;2362.0;2179.0;2218.0;2319.0;2579.0;2707.0;2890.0
mdg;alternative_gdppercapita_ppp_inflation_adjusted_from_pwt;;;;;;;;;;;1260.0;1274.0;1302.0;1264.0;1268.0;1236.0;1241.0;1258.0;1320.0;1334.0;1382.0;1395.0;1384.0;1315.0;1294.0;1268.0;1168.0;1173.0;1146.0;1207.0;1175.0;1057.0;1018.0;1013.0;1002.0;996.4;976.7;946.5;944.0;953.0;916.4;937.1;879.5;872.7;846.5;842.3;845.3;853.8;858.2;811.0;822.9;833.7;727.0;758.5;750.6
mdv;alternative_gdppercapita_ppp_inflation_adjusted_from_pwt;;;;;;;;;;;;;;;;;;;;;626.6;671.0;720.7;782.9;852.1;917.4;987.9;1067.0;1188.0;1276.0;1468.0;1589.0;1491.0;1677.0;2056.0;2247.0;2375.0;2497.0;2621.0;2765.0;3103.0;3226.0;3311.0;3396.0;3500.0;3617.0;3867.0;3970.0;4202.0;4085.0;4530.0;4464.0;4653.0;5154.0;5086.0
mex;alternative_gdppercapita_ppp_inflation_adjusted_from_pwt;2699.0;2869.0;2896.0;2801.0;3021.0;3173.0;3302.0;3463.0;3533.0;3502.0;3695.0;3685.0;3721.0;3941.0;4330.0;4414.0;4537.0;4648.0;4893.0;4948.0;5109.0;5178.0;5438.0;5698.0;5851.0;6030.0;6109.0;6116.0;6438.0;6832.0;7201.0;7623.0;7405.0;6937.0;7028.0;7082.0;6684.0;6620.0;6529.0;6677.0;6877.0;7034.0;7148.0;7152.0;7327.0;6769.0;6958.0;7289.0;7528.0;7701.0;8082.0;7974.0;7927.0;7939.0;8168.0
mkd;alternative_gdppercapita_ppp_inflation_adjusted_from_pwt;;;;;;;;;;;;;;;;;;;;;;;;;;;;;;;;;;;;;;;;;5522.0;5337.0;4935.0;4892.0;4847.0;4711.0;4761.0;4760.0;4888.0;5110.0;5271.0;5189.0;5093.0;5253.0;
mli;alternative_gdppercapita_ppp_inflation_adjusted_from_pwt;;;;;;;;;;;786.4;758.1;724.9;750.4;592.4;614.8;617.4;590.9;622.4;617.5;669.8;697.0;708.8;635.0;658.4;685.1;721.3;746.3;766.4;796.2;818.6;763.6;713.9;745.6;757.2;729.4;861.8;858.5;829.9;874.4;863.9;874.7;916.6;948.6;921.5;913.0;992.0;973.3;1105.0;1119.0;1047.0;1163.0;1130.0;1184.0;1183.0
mlt;alternative_gdppercapita_ppp_inflation_adjusted_from_pwt;;;;;;;;;;;;;;;;;;;;;3016.0;3163.0;3473.0;3790.0;4113.0;5121.0;6022.0;6726.0;7652.0;8449.0;8570.0;8732.0;8547.0;8905.0;9113.0;9417.0;10080.0;10360.0;10860.0;11660.0;11960.0;12730.0;13740.0;14070.0;14620.0;15080.0;15820.0;16570.0;17260.0;18030.0;18860.0;18770.0;19380.0;18790.0;18640.0
mng;alternative_gdppercapita_ppp_inflation_adjusted_from_pwt;;;;;;;;;;;;;;;;;;;;;1067.0;1086.0;1093.0;1156.0;1168.0;1207.0;1219.0;1279.0;1337.0;1355.0;1403.0;1479.0;1559.0;1604.0;1654.0;1701.0;1810.0;1822.0;1864.0;1862.0;1768.0;1568.0;1392.0;1329.0;1340.0;1413.0;1414.0;1449.0;1479.0;1505.0;1501.0;1495.0;1534.0;1597.0;
moz;alternative_gdppercapita_ppp_inflation_adjusted_from_pwt;;;;;;;;;;;831.1;835.3;890.6;898.3;908.6;901.4;889.1;974.9;998.0;1038.0;1002.0;1050.0;1071.0;1090.0;1126.0;1143.0;1169.0;1130.0;1108.0;1107.0;1133.0;1144.0;1089.0;1010.0;950.7;834.3;844.3;919.1;1016.0;1098.0;1115.0;1091.0;988.9;1039.0;1079.0;893.1;931.5;1020.0;1096.0;1048.0;1093.0;1254.0;1317.0;1451.0;
mrt;alternative_gdppercapita_ppp_inflation_adjusted_from_pwt;;;;;;;;;;;;;;;;;;;;;1277.0;1262.0;1243.0;1229.0;1322.0;1376.0;1494.0;1510.0;1382.0;1392.0;1272.0;1321.0;1159.0;1162.0;1160.0;1159.0;1212.0;1204.0;1210.0;1247.0;1237.0;1246.0;1192.0;1323.0;1335.0;1385.0;1398.0;1429.0;1424.0;1486.0;1521.0;1509.0;1502.0;1429.0;
mus;alternative_gdppercapita_ppp_inflation_adjusted_from_pwt;5636.0;5754.0;5431.0;5230.0;4913.0;4953.0;4931.0;4881.0;4544.0;4567.0;3534.0;4319.0;4388.0;4809.0;4835.0;4568.0;4522.0;4523.0;4085.0;4102.0;4222.0;4469.0;4521.0;5018.0;5211.0;5820.0;6261.0;6568.0;6656.0;6711.0;6276.0;6355.0;6793.0;6784.0;6962.0;7380.0;7914.0;8663.0;9012.0;9515.0;9871.0;10350.0;10830.0;11260.0;11580.0;12420.0;12920.0;13150.0;13850.0;14060.0;15120.0;16280.0;15970.0;16460.0;16950.0
mwi;alternative_gdppercapita_ppp_inflation_adjusted_from_pwt;;;;;421.5;428.9;437.4;453.3;447.9;451.4;457.6;458.9;466.0;448.9;457.7;492.7;527.4;545.7;512.6;525.4;470.9;515.1;562.2;579.4;608.7;612.3;632.2;647.7;664.1;709.9;707.2;701.0;699.0;713.2;715.2;742.0;741.1;717.4;680.6;684.6;682.3;686.0;602.5;668.9;819.1;828.1;810.9;835.3;827.2;832.1;839.0;756.4;749.9;770.5;803.4
mys;alternative_gdppercapita_ppp_inflation_adjusted_from_pwt;;;;;;1715.0;1744.0;1718.0;1655.0;1776.0;1829.0;1910.0;1963.0;2047.0;2110.0;2207.0;2316.0;2331.0;2436.0;2506.0;2572.0;3084.0;3300.0;3574.0;3756.0;3763.0;4116.0;4295.0;4469.0;4752.0;5010.0;5206.0;5363.0;5550.0;5796.0;5688.0;5659.0;5840.0;6162.0;6555.0;6924.0;7290.0;7818.0;8271.0;8789.0;9335.0;10070.0;10500.0;10240.0;10850.0;11410.0;11340.0;11600.0;12130.0;
nam;alternative_gdppercapita_ppp_inflation_adjusted_from_pwt;;;;;;;;;;;;;;;;;;;;;5241.0;5034.0;4911.0;4783.0;4837.0;5034.0;4939.0;5310.0;5269.0;5207.0;4973.0;5366.0;5452.0;5236.0;5122.0;4862.0;5034.0;5565.0;5222.0;4959.0;4467.0;4931.0;4982.0;4876.0;4894.0;4899.0;4869.0;4843.0;4805.0;4917.0;5269.0;5108.0;5298.0;5557.0;
ner;alternative_gdppercapita_ppp_inflation_adjusted_from_pwt;;;;;;;;;;;1168.0;1221.0;1244.0;1244.0;1226.0;1262.0;1197.0;1213.0;1206.0;1130.0;1106.0;1072.0;1036.0;890.6;837.0;1039.0;1129.0;1068.0;1116.0;1173.0;1224.0;1290.0;1241.0;1232.0;1030.0;1035.0;1103.0;1000.0;988.0;981.8;997.5;948.4;911.1;871.1;858.5;841.5;805.8;833.8;883.8;884.8;807.5;832.3;826.3;834.8;806.8
nga;alternative_gdppercapita_ppp_inflation_adjusted_from_pwt;713.2;748.6;792.3;791.2;835.9;857.6;827.3;834.9;876.7;907.1;1096.0;1021.0;1022.0;1076.0;1100.0;1021.0;932.6;786.7;787.2;917.7;1031.0;1087.0;1116.0;1132.0;1260.0;1189.0;1227.0;1319.0;1264.0;1069.0;987.2;1040.0;1012.0;955.8;896.6;953.2;948.2;915.3;978.5;1013.0;1060.0;1080.0;1082.0;1080.0;1061.0;946.2;1047.0;1045.0;1040.0;1056.0;1074.0;1071.0;1089.0;1223.0;1210.0
nic;alternative_gdppercapita_ppp_inflation_adjusted_from_pwt;3523.0;3801.0;4243.0;4277.0;4572.0;4660.0;4579.0;4794.0;4676.0;4455.0;4493.0;4644.0;4979.0;5151.0;5471.0;5864.0;5804.0;6086.0;6015.0;6141.0;6074.0;6204.0;6307.0;6273.0;6412.0;6862.0;6997.0;6879.0;6813.0;5552.0;5297.0;5329.0;5203.0;5551.0;5525.0;5111.0;5081.0;4540.0;4280.0;3862.0;3893.0;3438.0;3388.0;3260.0;3200.0;3270.0;3291.0;3199.0;3236.0;3253.0;3438.0;3470.0;3358.0;3410.0;3420.0
nld;alternative_gdppercapita_ppp_inflation_adjusted_from_pwt;7854.0;7737.0;7582.0;8207.0;8847.0;9312.0;9772.0;9842.0;9315.0;9633.0;10480.0;10420.0;10930.0;11170.0;11970.0;12400.0;12540.0;13050.0;13740.0;14370.0;15040.0;15430.0;15580.0;16160.0;16640.0;16490.0;17080.0;17490.0;17850.0;17990.0;18130.0;17670.0;17340.0;17580.0;17980.0;18380.0;18890.0;19100.0;19510.0;20310.0;20970.0;21320.0;21470.0;21440.0;21910.0;22430.0;23010.0;23750.0;24650.0;25510.0;26290.0;26490.0;26350.0;26150.0;26480.0
nor;alternative_gdppercapita_ppp_inflation_adjusted_from_pwt;7292.0;7338.0;7647.0;8106.0;8327.0;8467.0;8613.0;8887.0;8940.0;9083.0;9375.0;9867.0;10080.0;10430.0;10850.0;11360.0;11720.0;12390.0;12540.0;12960.0;13220.0;13860.0;14290.0;14880.0;15470.0;16200.0;17090.0;17730.0;17980.0;18690.0;19520.0;19630.0;19710.0;20140.0;21240.0;22270.0;23190.0;23440.0;23340.0;23580.0;23990.0;24700.0;25370.0;25960.0;27270.0;28340.0;29780.0;31310.0;31950.0;32360.0;33090.0;33720.0;33850.0;34010.0;34770.0
npl;alternative_gdppercapita_ppp_inflation_adjusted_from_pwt;;;;;;;;;;;817.6;799.4;809.5;797.6;845.7;831.4;879.8;847.0;834.9;864.6;882.3;861.4;877.9;853.6;876.0;900.5;894.3;910.3;949.5;952.9;872.1;928.8;964.5;931.5;985.1;1019.0;1036.0;1024.0;1074.0;1114.0;1110.0;1159.0;1152.0;1180.0;1235.0;1269.0;1301.0;1332.0;1335.0;1381.0;1421.0;1477.0;1435.0;1441.0;
nzl;alternative_gdppercapita_ppp_inflation_adjusted_from_pwt;10030.0;9500.0;9423.0;9399.0;10200.0;10370.0;10320.0;10610.0;10560.0;10750.0;12100.0;12510.0;12500.0;12990.0;13380.0;14010.0;14670.0;13780.0;13600.0;14760.0;14360.0;14630.0;15060.0;15910.0;16620.0;16110.0;16170.0;15540.0;15460.0;15480.0;15580.0;16010.0;16010.0;16650.0;17310.0;17190.0;17480.0;17500.0;17660.0;17370.0;17170.0;16860.0;16720.0;17500.0;18140.0;18590.0;18980.0;19360.0;19400.0;20180.0;20420.0;20980.0;21710.0;22200.0;22800.0
omn;alternative_gdppercapita_ppp_inflation_adjusted_from_pwt;;;;;;;;;;;;;;;;;;;;;9790.0;8552.0;8637.0;7331.0;7830.0;9245.0;11200.0;11070.0;10410.0;10270.0;9483.0;10510.0;11040.0;11680.0;12600.0;13570.0;13400.0;12800.0;13400.0;13210.0;13840.0;14300.0;14850.0;15330.0;15320.0;15700.0;16010.0;16370.0;16200.0;15860.0;16190.0;17070.0;16750.0;16270.0;
pak;alternative_gdppercapita_ppp_inflation_adjusted_from_pwt;839.5;821.4;819.7;857.3;825.2;806.1;837.2;815.5;810.4;821.4;802.6;812.5;823.2;882.8;937.2;990.1;1032.0;1056.0;1091.0;1094.0;1235.0;1243.0;1293.0;1293.0;1288.0;1337.0;1349.0;1418.0;1417.0;1504.0;1591.0;1634.0;1703.0;1758.0;1839.0;1891.0;1972.0;2074.0;2148.0;2163.0;2197.0;2255.0;2278.0;2296.0;2362.0;2425.0;2383.0;2405.0;2435.0;2486.0;2477.0;2450.0;2507.0;2592.0;2685.0
pan;alternative_gdppercapita_ppp_inflation_adjusted_from_pwt;2106.0;1968.0;2091.0;2198.0;2196.0;2311.0;2290.0;2387.0;2265.0;2185.0;2520.0;2704.0;2859.0;2919.0;3018.0;3178.0;3293.0;3492.0;3710.0;3722.0;3834.0;3958.0;3903.0;4152.0;4037.0;4240.0;4319.0;4628.0;4808.0;4881.0;5763.0;6095.0;6229.0;6116.0;6166.0;6458.0;6537.0;6533.0;5958.0;6077.0;6146.0;6815.0;6942.0;7020.0;6958.0;6929.0;6925.0;7250.0;7677.0;7824.0;7935.0;7946.0;8051.0;8243.0;
per;alternative_gdppercapita_ppp_inflation_adjusted_from_pwt;2398.0;2684.0;2749.0;2725.0;2749.0;2862.0;3000.0;2975.0;2901.0;2788.0;3048.0;3219.0;3441.0;3612.0;3723.0;3857.0;4083.0;4124.0;4203.0;4291.0;4629.0;4706.0;4717.0;4868.0;5123.0;5205.0;5182.0;5114.0;4784.0;4777.0;4970.0;5051.0;4987.0;4323.0;4338.0;4337.0;4714.0;5034.0;4488.0;3776.0;3523.0;3510.0;3417.0;3494.0;3827.0;4047.0;4079.0;4261.0;4158.0;4152.0;4205.0;4145.0;4265.0;4351.0;
phl;alternative_gdppercapita_ppp_inflation_adjusted_from_pwt;1372.0;1394.0;1550.0;1601.0;1709.0;1721.0;1895.0;1817.0;1901.0;2017.0;2037.0;2080.0;2137.0;2237.0;2226.0;2286.0;2311.0;2308.0;2330.0;2360.0;2427.0;2493.0;2592.0;2772.0;2745.0;2867.0;3043.0;3135.0;3160.0;3153.0;3293.0;3382.0;3313.0;3331.0;3201.0;2928.0;3028.0;2973.0;3086.0;3165.0;3209.0;3187.0;3167.0;3156.0;3290.0;3274.0;3340.0;3515.0;3317.0;3458.0;3826.0;3644.0;3617.0;3576.0;3938.0
plw;alternative_gdppercapita_ppp_inflation_adjusted_from_pwt;;;;;;;;;;;;;;;;;;;;;;;;;;;;;;;8692.0;7740.0;7948.0;7803.0;7920.0;7129.0;7005.0;6774.0;8022.0;8174.0;8558.0;8698.0;8628.0;8603.0;9028.0;9786.0;10570.0;10610.0;10610.0;9497.0;9357.0;9611.0;9558.0;9550.0;
png;alternative_gdppercapita_ppp_inflation_adjusted_from_pwt;;;;;;;;;;;;;;;;;;;;;2095.0;2248.0;2594.0;2682.0;2588.0;2561.0;3985.0;3680.0;3837.0;3805.0;3616.0;3548.0;3381.0;3464.0;3394.0;3625.0;3694.0;3677.0;3513.0;3513.0;3248.0;3417.0;3543.0;4469.0;4544.0;4251.0;4292.0;4148.0;4331.0;4784.0;4355.0;4433.0;4445.0;4492.0;
pol;alternative_gdppercapita_ppp_inflation_adjusted_from_pwt;;;;;;;;;;;;;;;;;;;;;3898.0;4150.0;4530.0;4991.0;5339.0;5821.0;6299.0;6639.0;6762.0;6582.0;6236.0;5653.0;5118.0;5318.0;5539.0;5839.0;6057.0;6161.0;6338.0;6292.0;5897.0;5793.0;5906.0;6133.0;6384.0;6792.0;7180.0;7631.0;7969.0;8305.0;8611.0;8728.0;8867.0;9217.0;9708.0
pri;alternative_gdppercapita_ppp_inflation_adjusted_from_pwt;;;;;;;;;;;;;;;;;;;;;8415.0;8855.0;9379.0;9417.0;8701.0;8904.0;9785.0;10250.0;10900.0;10770.0;10720.0;10420.0;10160.0;10860.0;10990.0;11870.0;12360.0;13130.0;13950.0;14680.0;15120.0;15430.0;15650.0;16150.0;16690.0;16420.0;16780.0;17860.0;18570.0;19340.0;21210.0;21010.0;21490.0;22230.0;
prk;alternative_gdppercapita_ppp_inflation_adjusted_from_pwt;;;;;;;;;;;;;;;;;;;;;410.8;446.0;492.0;536.8;580.9;635.6;700.4;774.3;856.4;935.8;1012.0;1080.0;1131.0;1264.0;1416.0;1503.0;1563.0;1689.0;1738.0;1769.0;1788.0;1669.0;1722.0;1586.0;1534.0;1455.0;1397.0;1313.0;1306.0;1388.0;1379.0;1419.0;1420.0;1429.0;
prt;alternative_gdppercapita_ppp_inflation_adjusted_from_pwt;2386.0;2611.0;2697.0;2815.0;2919.0;3017.0;3130.0;3258.0;3275.0;3442.0;3677.0;3909.0;4135.0;4343.0;4586.0;4922.0;5126.0;5562.0;6267.0;6488.0;6988.0;7469.0;8002.0;8849.0;8988.0;8335.0;8786.0;9208.0;9235.0;9561.0;9957.0;10110.0;10280.0;10160.0;9886.0;10130.0;10730.0;11400.0;12290.0;12910.0;13620.0;14040.0;14160.0;14000.0;14460.0;14680.0;15150.0;15660.0;16290.0;16830.0;17320.0;17550.0;17570.0;17330.0;17400.0
pry;alternative_gdppercapita_ppp_inflation_adjusted_from_pwt;;2536.0;2464.0;2334.0;2422.0;2576.0;2511.0;2545.0;2636.0;2558.0;2521.0;2626.0;2631.0;2658.0;2716.0;2733.0;2692.0;2827.0;2859.0;2906.0;2986.0;3049.0;3138.0;3172.0;3301.0;3491.0;3596.0;3896.0;4189.0;4522.0;4854.0;5097.0;5046.0;4881.0;4871.0;4944.0;4787.0;4849.0;5029.0;5167.0;5111.0;5098.0;5107.0;5183.0;5158.0;5264.0;5227.0;5248.0;5119.0;5057.0;4965.0;4995.0;4773.0;4718.0;
qat;alternative_gdppercapita_ppp_inflation_adjusted_from_pwt;;;;;;;;;;;;;;;;;;;;;66880.0;72330.0;73110.0;78910.0;84690.0;67410.0;65180.0;60370.0;60540.0;58590.0;52380.0;49640.0;44470.0;39380.0;36920.0;32660.0;31460.0;29460.0;28930.0;29380.0;28740.0;27020.0;28490.0;26850.0;25640.0;24530.0;23440.0;27480.0;30930.0;32110.0;32260.0;31820.0;33440.0;36180.0;
rou;alternative_gdppercapita_ppp_inflation_adjusted_from_pwt;;;;;;;;;;;1263.0;1346.0;1394.0;1502.0;1575.0;1787.0;1841.0;2011.0;2100.0;2232.0;2375.0;2641.0;2879.0;3408.0;3244.0;3548.0;4246.0;4484.0;5152.0;5403.0;5627.0;5827.0;5956.0;6217.0;6580.0;6533.0;6644.0;6678.0;6573.0;6011.0;5637.0;4914.0;4511.0;4582.0;4801.0;5236.0;5519.0;5282.0;5145.0;5147.0;5211.0;5475.0;5789.0;6058.0;6586.0
rus;alternative_gdppercapita_ppp_inflation_adjusted_from_pwt;;;;;;;;;;;;;;;;;;;;;;;;;;;;;;;;;;;;;;;;;12310.0;10730.0;9823.0;9489.0;8894.0;8462.0;7934.0;8340.0;8131.0;8533.0;9263.0;10050.0;10880.0;11790.0;
rwa;alternative_gdppercapita_ppp_inflation_adjusted_from_pwt;;;;;;;;;;;1023.0;969.3;1062.0;922.0;813.6;855.8;890.5;922.0;935.5;1010.0;1057.0;1023.0;993.6;1019.0;985.2;925.0;1089.0;1075.0;1147.0;1246.0;1255.0;1339.0;1290.0;1344.0;1191.0;1215.0;1258.0;1228.0;1189.0;1218.0;1006.0;1017.0;1040.0;901.3;521.8;840.8;927.8;858.9;943.2;975.3;1018.0;1072.0;1149.0;1297.0;
sau;alternative_gdppercapita_ppp_inflation_adjusted_from_pwt;;;;;;;;;;;;;;;;;;;;;14960.0;17510.0;20950.0;26600.0;32130.0;30490.0;31520.0;30270.0;28630.0;30960.0;30970.0;30680.0;24660.0;19960.0;18240.0;17380.0;17260.0;16140.0;16570.0;16050.0;17420.0;18570.0;18680.0;17650.0;17400.0;16920.0;17000.0;16760.0;16460.0;15550.0;15830.0;15480.0;14690.0;16010.0;
scg;alternative_gdppercapita_ppp_inflation_adjusted_from_pwt;;;;;;;;;;;;;;;;;;;;;;;;;;;;;;;;;;;;;;;;;4419.0;3918.0;2836.0;1958.0;2001.0;2118.0;2237.0;2426.0;2579.0;1920.0;2095.0;2143.0;2922.0;2987.0;
sdn;alternative_gdppercapita_ppp_inflation_adjusted_from_pwt;;;;;;;;;;;;;;;;;;;;;984.2;1008.0;1014.0;1103.0;1080.0;1083.0;1165.0;1176.0;1138.0;1094.0;1048.0;1064.0;1065.0;983.4;939.9;966.5;997.0;1033.0;1026.0;1030.0;1048.0;1087.0;1103.0;1113.0;1121.0;1143.0;1156.0;1191.0;1103.0;979.4;1048.0;1095.0;1123.0;1176.0;
sen;alternative_gdppercapita_ppp_inflation_adjusted_from_pwt;;;;;;;;;;;1797.0;1714.0;1699.0;1653.0;1635.0;1638.0;1653.0;1571.0;1621.0;1443.0;1496.0;1457.0;1459.0;1362.0;1388.0;1449.0;1570.0;1466.0;1428.0;1480.0;1414.0;1351.0;1518.0;1513.0;1391.0;1467.0;1459.0;1475.0;1520.0;1457.0;1441.0;1412.0;1385.0;1329.0;1353.0;1330.0;1347.0;1415.0;1411.0;1492.0;1571.0;1390.0;1371.0;1407.0;
sgp;alternative_gdppercapita_ppp_inflation_adjusted_from_pwt;;;;;;;;;;;4211.0;4285.0;4438.0;4632.0;4393.0;4537.0;4763.0;5028.0;5571.0;6028.0;6844.0;7445.0;8046.0;8836.0;9420.0;9352.0;9843.0;10180.0;10960.0;11950.0;13000.0;13130.0;13420.0;14410.0;15190.0;14590.0;14700.0;15890.0;17040.0;18140.0;19470.0;20220.0;20940.0;23090.0;24500.0;25820.0;26740.0;28310.0;26450.0;27480.0;29430.0;27190.0;27410.0;27000.0;29420.0
slb;alternative_gdppercapita_ppp_inflation_adjusted_from_pwt;;;;;;;;;;;;;;;;;;;;;1995.0;1867.0;1728.0;1843.0;2147.0;1932.0;2145.0;2320.0;2477.0;2892.0;2620.0;2611.0;2425.0;2070.0;2141.0;2127.0;2036.0;2052.0;1939.0;2157.0;2188.0;2220.0;2510.0;2530.0;2518.0;2676.0;2673.0;2554.0;2515.0;2424.0;2013.0;1784.0;1696.0;1711.0;
sle;alternative_gdppercapita_ppp_inflation_adjusted_from_pwt;;;;;;;;;;;;;;;;;;;;;1326.0;1340.0;1306.0;1318.0;1362.0;1371.0;1310.0;1302.0;1291.0;1335.0;1343.0;1357.0;1397.0;1340.0;1326.0;1407.0;1328.0;1372.0;1256.0;1197.0;1178.0;1074.0;941.5;909.4;905.6;946.2;961.9;801.7;721.6;663.1;683.7;666.5;689.5;712.8;
slv;alternative_gdppercapita_ppp_inflation_adjusted_from_pwt;2610.0;2622.0;2746.0;2882.0;2884.0;2944.0;3005.0;3047.0;3032.0;3041.0;2979.0;2975.0;3209.0;3226.0;3350.0;3465.0;3588.0;3678.0;3692.0;3696.0;3701.0;3693.0;3830.0;3932.0;3988.0;4144.0;4281.0;4370.0;4508.0;4289.0;3994.0;3774.0;3653.0;3610.0;3671.0;3738.0;3707.0;3721.0;3709.0;3660.0;3718.0;3762.0;3921.0;4111.0;4269.0;4472.0;4532.0;4611.0;4631.0;4709.0;4732.0;4744.0;4769.0;4752.0;
som;alternative_gdppercapita_ppp_inflation_adjusted_from_pwt;;;;;;;;;;;;;;;;;;;;;1374.0;1380.0;1618.0;1384.0;1469.0;1393.0;1190.0;1307.0;1443.0;1257.0;1137.0;1107.0;1202.0;1105.0;992.4;878.4;980.1;993.1;1034.0;998.8;993.6;1014.0;943.4;949.6;749.2;735.8;744.2;704.8;699.4;682.7;681.6;680.0;679.8;682.5;672.5
stp;alternative_gdppercapita_ppp_inflation_adjusted_from_pwt;;;;;;;;;;;;;;;;;;;;;977.0;1077.0;1093.0;1042.0;1117.0;1200.0;1209.0;1593.0;1617.0;1933.0;1806.0;1428.0;1438.0;1319.0;1215.0;1315.0;1263.0;1271.0;1429.0;1486.0;1475.0;1437.0;1342.0;1299.0;1299.0;1270.0;1229.0;1316.0;1297.0;1243.0;1300.0;1355.0;1353.0;1384.0;1324.0
sur;alternative_gdppercapita_ppp_inflation_adjusted_from_pwt;;;;;;;;;;;;;;;;;;;;;3728.0;3806.0;3715.0;3646.0;3684.0;4008.0;4272.0;4710.0;5003.0;5010.0;4647.0;5006.0;4875.0;4913.0;4780.0;5311.0;4926.0;4352.0;4960.0;4858.0;4679.0;4867.0;4579.0;3747.0;3052.0;2829.0;3855.0;4446.0;4830.0;6252.0;4753.0;6122.0;5939.0;7866.0;
svk;alternative_gdppercapita_ppp_inflation_adjusted_from_pwt;;;;;;;;;;;;;;;;;;;;;;;;;;;;;;;;;;;;;;9733.0;9910.0;10090.0;9903.0;8187.0;7766.0;7499.0;7873.0;8208.0;8600.0;8891.0;9294.0;9544.0;9697.0;9996.0;10480.0;10940.0;11330.0
svn;alternative_gdppercapita_ppp_inflation_adjusted_from_pwt;;;;;;;;;;;;;;;;;;;;;;;;;;;;;;;;;;;;;;;;;15270.0;13860.0;13030.0;13610.0;14290.0;14940.0;15440.0;16130.0;16700.0;17560.0;18210.0;18660.0;19280.0;19760.0;20660.0
swe;alternative_gdppercapita_ppp_inflation_adjusted_from_pwt;8441.0;8568.0;8720.0;8999.0;9434.0;9637.0;9881.0;10020.0;10260.0;10720.0;10960.0;11480.0;11880.0;12450.0;13100.0;13500.0;13690.0;14010.0;14380.0;14920.0;15690.0;15690.0;16000.0;16430.0;16920.0;17400.0;17660.0;17270.0;17340.0;17950.0;18170.0;17960.0;18130.0;18280.0;19030.0;19530.0;20020.0;20670.0;21130.0;21650.0;21710.0;21250.0;20880.0;20230.0;20920.0;21650.0;21860.0;22290.0;23100.0;24170.0;25230.0;25400.0;25760.0;26140.0;27080.0
swz;alternative_gdppercapita_ppp_inflation_adjusted_from_pwt;;;;;;;;;;;;;;;;;;;;;2763.0;2861.0;3185.0;3744.0;4139.0;4478.0;4551.0;4830.0;5130.0;5469.0;5519.0;5464.0;5415.0;5334.0;5490.0;5475.0;5929.0;6456.0;6628.0;7036.0;7393.0;7230.0;7054.0;7075.0;7244.0;7397.0;7519.0;7609.0;7682.0;8311.0;8517.0;9025.0;9329.0;8934.0;9193.0
syc;alternative_gdppercapita_ppp_inflation_adjusted_from_pwt;;;;;;;;;;;;;;;;;;;;;;;;;;;;;;;;;;;;;;;;;;;;;;;;;;;10590.0;;;;
syr;alternative_gdppercapita_ppp_inflation_adjusted_from_pwt;;;;;;;;;;;828.8;837.5;1071.0;927.7;1105.0;1099.0;954.1;1015.0;1025.0;1162.0;1066.0;1138.0;1380.0;1280.0;1453.0;1657.0;1736.0;1514.0;1724.0;1792.0;1900.0;2063.0;2096.0;2064.0;1947.0;1867.0;1724.0;1653.0;1831.0;1535.0;1519.0;1612.0;1687.0;1727.0;1756.0;1840.0;1975.0;2039.0;2119.0;1993.0;2001.0;1975.0;2021.0;2016.0;
tcd;alternative_gdppercapita_ppp_inflation_adjusted_from_pwt;;;;;;;;;;;1126.0;1142.0;1284.0;1152.0;1139.0;1165.0;1069.0;990.3;967.7;956.0;991.2;990.4;900.0;832.3;900.4;992.3;955.3;874.5;854.5;664.6;624.8;616.8;619.3;688.7;718.4;867.2;834.6;787.2;880.9;899.2;833.6;874.0;901.9;876.6;859.5;899.2;849.3;831.1;873.7;881.3;829.5;755.7;717.0;883.5;
tgo;alternative_gdppercapita_ppp_inflation_adjusted_from_pwt;;;;;;;;;;;838.2;922.9;901.6;921.4;958.1;1027.0;1168.0;1237.0;1293.0;1352.0;1302.0;1376.0;1403.0;1287.0;1316.0;1282.0;1321.0;1291.0;1310.0;1351.0;1314.0;1104.0;1067.0;977.4;1029.0;932.6;869.7;869.7;902.2;920.1;906.7;890.6;826.0;815.0;883.9;898.4;878.7;874.2;909.8;868.8;823.2;784.0;731.4;788.5;773.7
tha;alternative_gdppercapita_ppp_inflation_adjusted_from_pwt;1144.0;1063.0;1010.0;893.3;947.4;850.1;861.7;938.5;926.3;994.1;1086.0;1108.0;1150.0;1206.0;1249.0;1311.0;1408.0;1474.0;1553.0;1609.0;1748.0;1848.0;1833.0;1939.0;1993.0;2068.0;2233.0;2409.0;2652.0;2639.0;2742.0;2917.0;3055.0;3047.0;3206.0;3393.0;3495.0;3673.0;3950.0;4319.0;4845.0;5196.0;5578.0;5922.0;6331.0;6680.0;6915.0;6773.0;6159.0;6383.0;6474.0;6638.0;6883.0;7275.0;
tjk;alternative_gdppercapita_ppp_inflation_adjusted_from_pwt;;;;;;;;;;;;;;;;;;;;;;;;;;;;;;;;;;;;;;;;;;;;2410.0;2291.0;1520.0;1381.0;1268.0;1199.0;1450.0;1660.0;1689.0;1847.0;1942.0;
tkm;alternative_gdppercapita_ppp_inflation_adjusted_from_pwt;;;;;;;;;;;;;;;;;;;;;;;;;;;;;;;;;;;;;;;;;;;;8663.0;6432.0;6017.0;6100.0;5377.0;5922.0;6551.0;7624.0;7585.0;7157.0;7342.0;
ton;alternative_gdppercapita_ppp_inflation_adjusted_from_pwt;;;;;;;;;;;;;;;;;;;;;1042.0;1045.0;1056.0;979.4;1069.0;1099.0;1175.0;1201.0;1158.0;1151.0;1240.0;1759.0;2037.0;1995.0;2488.0;2630.0;2796.0;2876.0;2781.0;2891.0;3096.0;3370.0;3155.0;3079.0;3116.0;3234.0;3184.0;3250.0;3254.0;3275.0;3398.0;3431.0;3468.0;3197.0;
tto;alternative_gdppercapita_ppp_inflation_adjusted_from_pwt;3354.0;3642.0;3754.0;3742.0;3882.0;4320.0;4664.0;5081.0;5470.0;5731.0;6128.0;6790.0;6732.0;7012.0;7370.0;7258.0;7529.0;7845.0;8424.0;8875.0;8859.0;8400.0;9513.0;9511.0;9915.0;10090.0;10820.0;11140.0;12330.0;12340.0;13230.0;13660.0;13670.0;11860.0;11110.0;10400.0;9256.0;9182.0;9086.0;8772.0;9094.0;9270.0;9846.0;9513.0;10210.0;10720.0;10750.0;10770.0;10880.0;12110.0;14770.0;14490.0;13760.0;18390.0;
tun;alternative_gdppercapita_ppp_inflation_adjusted_from_pwt;;;;;;;;;;;;2086.0;2004.0;2210.0;2224.0;2253.0;2288.0;2196.0;2457.0;2577.0;2691.0;2958.0;3422.0;3284.0;3430.0;3528.0;3707.0;3714.0;3841.0;3934.0;4202.0;4259.0;4174.0;4364.0;4400.0;4706.0;4661.0;4884.0;4945.0;4945.0;5126.0;5243.0;5464.0;5522.0;5718.0;5746.0;6033.0;6262.0;6475.0;6793.0;6993.0;7235.0;7368.0;7602.0;7923.0
tur;alternative_gdppercapita_ppp_inflation_adjusted_from_pwt;1543.0;1862.0;1949.0;2148.0;1890.0;2034.0;2000.0;2359.0;2462.0;2356.0;2264.0;2294.0;2341.0;2525.0;2540.0;2549.0;2741.0;2784.0;2906.0;2978.0;3031.0;3138.0;3274.0;3291.0;3327.0;3517.0;3798.0;3919.0;3885.0;3769.0;3588.0;3686.0;3698.0;3829.0;3979.0;4057.0;4261.0;4513.0;4513.0;4435.0;4768.0;4754.0;4917.0;5209.0;4853.0;5081.0;5370.0;5649.0;5727.0;5459.0;5715.0;5250.0;5472.0;5634.0;5982.0
twn;alternative_gdppercapita_ppp_inflation_adjusted_from_pwt;;1016.0;1099.0;1162.0;1228.0;1283.0;1300.0;1350.0;1395.0;1449.0;1491.0;1547.0;1621.0;1721.0;1882.0;2035.0;2159.0;2326.0;2480.0;2639.0;2872.0;3173.0;3529.0;3906.0;3868.0;3991.0;4450.0;4806.0;5357.0;5672.0;5945.0;6204.0;6327.0;6762.0;7378.0;7661.0;8464.0;9423.0;10040.0;10750.0;11280.0;12000.0;12760.0;13530.0;14390.0;15180.0;15990.0;16840.0;17410.0;18250.0;19180.0;18750.0;19370.0;19890.0;20870.0
tza;alternative_gdppercapita_ppp_inflation_adjusted_from_pwt;;;;;;;;;;;497.8;452.1;494.6;498.5;565.5;556.0;571.6;583.7;615.5;613.2;576.1;558.6;581.0;572.4;564.5;580.4;600.8;581.6;570.5;571.2;570.5;554.9;538.2;512.4;510.0;502.2;495.8;495.7;495.8;493.5;498.3;515.1;498.9;492.8;474.4;484.7;491.3;773.1;800.8;819.1;816.7;848.2;898.7;911.9;
uga;alternative_gdppercapita_ppp_inflation_adjusted_from_pwt;846.8;903.1;947.4;860.0;834.0;846.2;873.5;908.0;854.2;890.7;873.9;813.6;878.1;922.6;925.0;939.6;985.2;1019.0;1030.0;1059.0;1059.0;1024.0;1067.0;1076.0;1040.0;1034.0;1018.0;1020.0;972.5;786.5;749.5;665.9;703.4;740.6;733.6;681.4;673.6;646.6;644.9;672.5;709.3;729.4;735.9;770.9;898.5;863.8;908.5;950.1;977.4;1032.0;1058.0;1076.0;1093.0;1114.0;
ukr;alternative_gdppercapita_ppp_inflation_adjusted_from_pwt;;;;;;;;;;;;;;;;;;;;;;;;;;;;;;;;;;;;;;;;;;;;7287.0;5906.0;5189.0;4716.0;4609.0;4557.0;4656.0;5003.0;5590.0;5862.0;6427.0;
ury;alternative_gdppercapita_ppp_inflation_adjusted_from_pwt;5398.0;6197.0;5818.0;6042.0;6534.0;6524.0;6409.0;6569.0;6046.0;5847.0;6050.0;6049.0;5991.0;5789.0;5885.0;5753.0;5956.0;5760.0;5776.0;6108.0;6323.0;6360.0;6132.0;6257.0;6408.0;6755.0;7002.0;7075.0;7475.0;8067.0;8477.0;8556.0;7692.0;6969.0;6775.0;6797.0;7457.0;8156.0;8035.0;8029.0;7960.0;8278.0;9095.0;9397.0;10070.0;9860.0;10370.0;10860.0;11370.0;11010.0;10740.0;10280.0;8759.0;8856.0;9878.0
usa;alternative_gdppercapita_ppp_inflation_adjusted_from_pwt;11090.0;11850.0;12190.0;12490.0;12080.0;12760.0;12790.0;12770.0;12440.0;12930.0;13030.0;13110.0;13720.0;14140.0;14770.0;15550.0;16320.0;16500.0;17190.0;17590.0;17430.0;17870.0;18700.0;19580.0;19260.0;19050.0;19940.0;20700.0;21630.0;22050.0;21680.0;21990.0;21430.0;22260.0;23680.0;24420.0;25010.0;25580.0;26340.0;26980.0;27170.0;26790.0;27430.0;27940.0;28850.0;29290.0;30120.0;31250.0;32300.0;33440.0;34360.0;34160.0;34290.0;34880.0;36100.0
uzb;alternative_gdppercapita_ppp_inflation_adjusted_from_pwt;;;;;;;;;;;;;;;;;;;;;;;;;;;;;;;;;;;;;;;;;4181.0;4061.0;3081.0;3792.0;3347.0;3169.0;3189.0;3346.0;3394.0;3580.0;3543.0;3622.0;3708.0;3915.0;
vct;alternative_gdppercapita_ppp_inflation_adjusted_from_pwt;;;;;;;;;;;;;;;;;;;;;2537.0;2615.0;3242.0;2844.0;2562.0;2335.0;2433.0;2507.0;3004.0;2942.0;2840.0;3328.0;3530.0;3737.0;3950.0;3931.0;4148.0;4214.0;4514.0;4800.0;5560.0;5386.0;6073.0;6495.0;6269.0;6649.0;6781.0;6463.0;6433.0;6962.0;7672.0;7633.0;7948.0;7748.0;
ven;alternative_gdppercapita_ppp_inflation_adjusted_from_pwt;4588.0;4869.0;5148.0;5172.0;5415.0;5650.0;5972.0;6449.0;6271.0;6390.0;5968.0;5976.0;6244.0;6414.0;6900.0;7031.0;6824.0;6871.0;7193.0;7374.0;7761.0;7067.0;7124.0;7650.0;8316.0;8592.0;9127.0;9496.0;9446.0;9233.0;8815.0;8672.0;8338.0;7786.0;7714.0;7517.0;7740.0;7825.0;8102.0;7270.0;7484.0;8063.0;8351.0;8119.0;7683.0;7792.0;7507.0;7817.0;7693.0;7193.0;7323.0;7468.0;6760.0;6251.0;7068.0
vnm;alternative_gdppercapita_ppp_inflation_adjusted_from_pwt;;;;;;;;;;;;;;;;;;;;;;;;;;;;;;;;;;;;;;;;1380.0;1442.0;1476.0;1549.0;1628.0;1691.0;1804.0;1938.0;2033.0;2109.0;2121.0;2189.0;2284.0;2413.0;2561.0;
vut;alternative_gdppercapita_ppp_inflation_adjusted_from_pwt;;;;;;;;;;;;;;;;;;;;;1818.0;1808.0;1803.0;2043.0;2667.0;2465.0;2438.0;2341.0;2667.0;2672.0;2298.0;2325.0;2499.0;3099.0;3171.0;2950.0;2990.0;2636.0;2640.0;2659.0;2679.0;2942.0;3109.0;3147.0;3114.0;3164.0;3066.0;3217.0;3377.0;3111.0;3235.0;2752.0;2586.0;2873.0;
wsm;alternative_gdppercapita_ppp_inflation_adjusted_from_pwt;;;;;;;;;;;;;;;;;;;;;2584.0;2607.0;2633.0;2694.0;2769.0;2836.0;2919.0;2978.0;3054.0;3042.0;3272.0;2925.0;3026.0;2916.0;2922.0;3065.0;3144.0;3061.0;3082.0;3145.0;2764.0;2658.0;2530.0;2573.0;2335.0;2486.0;2676.0;2719.0;2851.0;2866.0;3071.0;3270.0;3329.0;3457.0;
yem;alternative_gdppercapita_ppp_inflation_adjusted_from_pwt;;;;;;;;;;;;;;;;;;;;;;;;;;;;;;;;;;;;;;;;969.2;975.3;970.6;909.3;871.9;1053.0;1016.0;937.4;951.1;954.9;1012.0;1082.0;1104.0;1105.0;1076.0;
zaf;alternative_gdppercapita_ppp_inflation_adjusted_from_pwt;4101.0;4018.0;4023.0;4238.0;4365.0;4431.0;4592.0;4689.0;4621.0;4786.0;4886.0;5195.0;5496.0;5528.0;5511.0;5712.0;5924.0;5981.0;6233.0;6294.0;6404.0;6481.0;6682.0;6707.0;6569.0;6821.0;6984.0;7138.0;7083.0;7220.0;7514.0;7467.0;7588.0;7794.0;7761.0;7649.0;7427.0;7458.0;7543.0;7687.0;7723.0;7562.0;7279.0;7284.0;7311.0;7335.0;7545.0;7672.0;7697.0;7916.0;8226.0;8447.0;8655.0;8835.0;9145.0
zmb;alternative_gdppercapita_ppp_inflation_adjusted_from_pwt;;;;;;759.3;772.7;923.7;804.0;788.8;819.5;853.7;767.1;802.8;919.6;1081.0;1045.0;1134.0;1104.0;918.7;1147.0;1142.0;1247.0;1281.0;1188.0;1246.0;1415.0;1322.0;1316.0;1319.0;1289.0;1329.0;1296.0;1382.0;1342.0;1233.0;1134.0;1195.0;1196.0;1259.0;1117.0;1150.0;1069.0;1045.0;935.6;830.8;837.3;854.9;832.3;835.8;865.6;857.9;904.3;945.9;
zwe;alternative_gdppercapita_ppp_inflation_adjusted_from_pwt;;;;;1927.0;2028.0;2190.0;2283.0;2258.0;2278.0;2277.0;2343.0;2284.0;2244.0;2233.0;2341.0;2267.0;2230.0;1957.0;2435.0;2880.0;3120.0;3246.0;3306.0;3541.0;3386.0;3190.0;2800.0;2925.0;3168.0;3227.0;3752.0;3614.0;3802.0;3089.0;3064.0;2961.0;2794.0;3029.0;3409.0;3448.0;3823.0;3156.0;3073.0;3159.0;2881.0;3080.0;3135.0;3128.0;3221.0;3256.0;3082.0;2675.0;2438.0;
