geo;indicator;1950;1951;1952;1953;1954;1955;1956;1957;1958;1959;1960;1961;1962;1963;1964;1965;1966;1967;1968;1969;1970;1971;1972;1973;1974;1975;1976;1977;1978;1979;1980;1981;1982;1983;1984;1985;1986;1987;1988;1989;1990;1991;1992;1993;1994;1995;1996;1997;1998;1999;2000;2001;2002;2003;2004;2005;2006;2007;2008;2009;2010;2011
ago;alternative_gdp_per_capita_ppp_pwt_8_0;;;;;;;;;;;;;;;;;;;;;2396.0;2488.0;2441.0;2580.0;2604.0;2400.0;2217.0;2187.0;2015.0;1981.0;1890.0;1808.0;1759.0;1747.0;1874.0;1781.0;1746.0;1956.0;1856.0;1853.0;1899.0;2030.0;2155.0;1514.0;1664.0;1869.0;2208.0;2176.0;1924.0;2285.0;1738.0;1621.0;1886.0;1878.0;2002.0;2411.0;2916.0;3317.0;3741.0;3194.0;3991.0;4214.0
alb;alternative_gdp_per_capita_ppp_pwt_8_0;;;;;;;;;;;;;;;;;;;;;3748.0;3803.0;3863.0;3924.0;3989.0;4059.0;4128.0;4200.0;4284.0;4352.0;4432.0;4557.0;4578.0;4582.0;4377.0;4325.0;4468.0;4321.0;4108.0;4451.0;4515.0;2547.0;1930.0;2490.0;3190.0;3521.0;4157.0;3756.0;3769.0;4341.0;4453.0;4597.0;4621.0;4885.0;5193.0;5371.0;5754.0;6117.0;6760.0;7177.0;7315.0;7365.0
arg;alternative_gdp_per_capita_ppp_pwt_8_0;2146.0;2208.0;1961.0;1996.0;2048.0;2198.0;2215.0;2277.0;2403.0;2251.0;2383.0;2451.0;2302.0;2258.0;2380.0;2685.0;2626.0;2705.0;2746.0;2942.0;2951.0;3061.0;3075.0;3184.0;3254.0;3133.0;3072.0;3152.0;3010.0;3240.0;3372.0;3304.0;3298.0;3559.0;3733.0;3525.0;3976.0;4203.0;4377.0;4230.0;4604.0;5413.0;6309.0;7167.0;8306.0;9078.0;11680.0;11780.0;11560.0;10590.0;10180.0;9364.0;8663.0;9014.0;9437.0;9957.0;10770.0;11600.0;12430.0;12370.0;13360.0;14510.0
arm;alternative_gdp_per_capita_ppp_pwt_8_0;;;;;;;;;;;;;;;;;;;;;;;;;;;;;;;;;;;;;;;;;3901.0;4438.0;2872.0;2316.0;2397.0;2397.0;2567.0;2448.0;2493.0;2508.0;2604.0;2831.0;3159.0;3548.0;3883.0;4359.0;4850.0;5447.0;5613.0;4835.0;5002.0;5235.0
atg;alternative_gdp_per_capita_ppp_pwt_8_0;;;;;;;;;;;;;;;;;;;;;4329.0;4587.0;4859.0;5214.0;5348.0;4988.0;4535.0;4857.0;4894.0;5636.0;5736.0;5912.0;6178.0;7199.0;7375.0;7933.0;8648.0;9191.0;10830.0;11430.0;12010.0;11960.0;12170.0;12760.0;13110.0;12140.0;12370.0;12700.0;13130.0;13400.0;13380.0;13300.0;13770.0;13630.0;14050.0;14030.0;14700.0;16050.0;16470.0;14900.0;13320.0;12910.0
aus;alternative_gdp_per_capita_ppp_pwt_8_0;11640.0;10520.0;10200.0;11040.0;11470.0;11600.0;11620.0;11360.0;11830.0;12430.0;12290.0;12370.0;12830.0;13670.0;13970.0;13950.0;14590.0;14910.0;15780.0;16600.0;16750.0;16970.0;17490.0;18650.0;17860.0;17680.0;18180.0;18100.0;18840.0;19300.0;19710.0;20400.0;19630.0;20480.0;21000.0;21280.0;21370.0;22680.0;23980.0;24620.0;24050.0;23830.0;24500.0;25260.0;26380.0;27460.0;28410.0;29470.0;30440.0;31650.0;31810.0;32640.0;33290.0;34280.0;34900.0;35510.0;36070.0;36530.0;36210.0;36080.0;37580.0;38500.0
aut;alternative_gdp_per_capita_ppp_pwt_8_0;4836.0;5014.0;5253.0;5512.0;5872.0;6447.0;6959.0;7302.0;7621.0;7891.0;8441.0;8886.0;9093.0;9445.0;9846.0;10120.0;10550.0;10800.0;11240.0;11740.0;12410.0;12990.0;13770.0;14510.0;14800.0;14860.0;15280.0;15900.0;15910.0;16540.0;16630.0;16460.0;16590.0;16960.0;16920.0;17240.0;18080.0;18820.0;19920.0;21140.0;22480.0;23710.0;24540.0;24950.0;26140.0;27470.0;27990.0;28970.0;30630.0;31810.0;32910.0;32190.0;32790.0;32630.0;33370.0;33230.0;34700.0;35830.0;36410.0;35430.0;36640.0;37280.0
aze;alternative_gdp_per_capita_ppp_pwt_8_0;;;;;;;;;;;;;;;;;;;;;;;;;;;;;;;;;;;;;;;;;6497.0;7837.0;5377.0;4381.0;3129.0;2098.0;2029.0;2049.0;1973.0;2127.0;2528.0;2782.0;2772.0;2894.0;3067.0;4327.0;5997.0;7696.0;9446.0;7876.0;8923.0;9317.0
bdi;alternative_gdp_per_capita_ppp_pwt_8_0;;;;;;;;;;;470.1;394.5;419.5;431.7;437.0;442.6;436.7;479.0;470.3;441.5;558.0;564.0;502.7;547.7;541.8;498.9;589.3;673.1;615.2;607.4;602.0;628.3;575.3;580.7;586.2;628.2;655.1;626.8;581.4;610.1;570.8;544.9;496.0;474.8;458.3;418.6;408.6;506.1;478.3;466.5;447.6;452.3;448.5;455.7;473.4;435.9;433.8;430.3;534.9;462.8;471.2;490.1
bel;alternative_gdp_per_capita_ppp_pwt_8_0;7192.0;7674.0;7792.0;7749.0;8036.0;8489.0;8811.0;8819.0;8737.0;8792.0;9338.0;9698.0;10160.0;10430.0;11090.0;11460.0;11740.0;12130.0;12590.0;13450.0;14250.0;14670.0;15570.0;16700.0;17210.0;16830.0;17880.0;18210.0;18890.0;19540.0;20260.0;18990.0;18400.0;17860.0;17900.0;17740.0;18680.0;19440.0;20960.0;22170.0;23040.0;23490.0;24230.0;24360.0;25270.0;26120.0;26170.0;27690.0;28590.0;29680.0;31590.0;31740.0;32460.0;31520.0;31760.0;31680.0;32450.0;33660.0;34300.0;33670.0;35220.0;35450.0
ben;alternative_gdp_per_capita_ppp_pwt_8_0;;;;;;;;;;921.7;963.6;954.5;899.3;919.2;938.1;982.3;976.3;996.0;1063.0;1077.0;1154.0;1156.0;1206.0;1247.0;1254.0;1116.0;1105.0;1127.0;1080.0;1103.0;1175.0;1211.0;1238.0;1272.0;1365.0;1385.0;1321.0;1199.0;1163.0;1058.0;1045.0;1053.0;1035.0;1032.0;968.0;1026.0;1068.0;1097.0;1101.0;1136.0;1174.0;1174.0;1187.0;1222.0;1229.0;1206.0;1226.0;1233.0;1253.0;1241.0;1223.0;1232.0
bfa;alternative_gdp_per_capita_ppp_pwt_8_0;;;;;;;;;;407.9;449.6;439.2;471.7;453.7;473.9;473.2;472.9;508.3;521.5;527.0;503.8;505.8;570.9;536.6;560.5;547.2;538.9;565.2;610.7;653.1;628.0;646.6;627.9;572.0;565.4;625.7;646.9;625.8;648.6;639.4;624.8;658.0;636.4;637.8;598.8;606.5;651.6;675.7;716.7;736.5;721.1;746.4;760.4;799.4;814.4;850.9;874.8;879.8;907.8;926.3;1022.0;1052.0
bgd;alternative_gdp_per_capita_ppp_pwt_8_0;;;;;;;;;;1250.0;1323.0;1296.0;1349.0;1403.0;1370.0;1329.0;1324.0;1264.0;1273.0;1300.0;1365.0;1317.0;1236.0;1027.0;1018.0;963.8;1065.0;1087.0;1086.0;1122.0;1085.0;1079.0;1046.0;1046.0;1115.0;1128.0;1129.0;1113.0;1122.0;1218.0;1234.0;1264.0;1268.0;1281.0;1316.0;1339.0;1343.0;1285.0;1245.0;1193.0;1167.0;1159.0;1171.0;1173.0;1179.0;1192.0;1242.0;1314.0;1360.0;1421.0;1489.0;1554.0
bgr;alternative_gdp_per_capita_ppp_pwt_8_0;;;;;;;;;;;;;;;;;;;;;3024.0;3213.0;3439.0;3700.0;3958.0;4287.0;4555.0;4814.0;5069.0;5425.0;5642.0;5942.0;6209.0;6524.0;6678.0;7018.0;7215.0;7627.0;8376.0;8185.0;7646.0;8844.0;7484.0;6903.0;6962.0;7096.0;6338.0;6014.0;6600.0;6890.0;7372.0;7670.0;8233.0;8441.0;8841.0;9007.0;9805.0;10850.0;11830.0;12010.0;12560.0;12910.0
bhr;alternative_gdp_per_capita_ppp_pwt_8_0;;;;;;;;;;;;;;;;;;;;;13390.0;13280.0;14390.0;15120.0;15390.0;14090.0;17210.0;16940.0;15220.0;16700.0;18580.0;17290.0;15920.0;15680.0;16720.0;13030.0;11950.0;11430.0;12570.0;13000.0;14100.0;13610.0;14160.0;13890.0;14540.0;13430.0;12850.0;12580.0;11900.0;12660.0;15800.0;15870.0;18300.0;21600.0;24660.0;28660.0;30310.0;29680.0;26660.0;22350.0;22030.0;20680.0
bhs;alternative_gdp_per_capita_ppp_pwt_8_0;;;;;;;;;;;;;;;;;;;;;12050.0;11810.0;11370.0;11820.0;9332.0;8716.0;9223.0;10690.0;12250.0;16980.0;16740.0;15380.0;14050.0;12940.0;15460.0;17070.0;17490.0;17470.0;17780.0;18940.0;18700.0;17240.0;16660.0;16390.0;16920.0;17330.0;19880.0;20710.0;22630.0;24360.0;24840.0;24070.0;25910.0;24670.0;23720.0;24530.0;23840.0;24350.0;23040.0;20780.0;20280.0;19370.0
bih;alternative_gdp_per_capita_ppp_pwt_8_0;;;;;;;;;;;;;;;;;;;;;;;;;;;;;;;;;;;;;;;;;1139.0;1069.0;1068.0;1111.0;1307.0;1695.0;2496.0;3598.0;4637.0;5108.0;4940.0;4991.0;5141.0;5264.0;5392.0;5696.0;6311.0;6910.0;7368.0;7402.0;7577.0;7581.0
blr;alternative_gdp_per_capita_ppp_pwt_8_0;;;;;;;;;;;;;;;;;;;;;;;;;;;;;;;;;;;;;;;;;11830.0;11680.0;9826.0;7739.0;6865.0;6597.0;6822.0;6878.0;7011.0;7003.0;7164.0;7437.0;7603.0;7818.0;8331.0;9107.0;10240.0;11310.0;13040.0;12620.0;13600.0;15350.0
blz;alternative_gdp_per_capita_ppp_pwt_8_0;;;;;;;;;;;;;;;;;;;;;3510.0;3727.0;3831.0;3563.0;4223.0;4002.0;3383.0;3676.0;3716.0;3949.0;4489.0;3569.0;3583.0;3499.0;3475.0;3843.0;4145.0;4496.0;4656.0;4944.0;5485.0;5010.0;5191.0;5583.0;5964.0;6356.0;5712.0;5622.0;5729.0;5790.0;6154.0;6441.0;6724.0;6948.0;7005.0;7054.0;7131.0;7294.0;7052.0;7092.0;7313.0;7367.0
bmu;alternative_gdp_per_capita_ppp_pwt_8_0;;;;;;;;;;;;;;;;;;;;;18520.0;18990.0;19150.0;19220.0;19170.0;19700.0;21540.0;21890.0;22000.0;22980.0;23830.0;23390.0;23920.0;24860.0;24500.0;25760.0;27370.0;28280.0;28230.0;28280.0;27540.0;27150.0;26610.0;27510.0;27900.0;29130.0;30280.0;30940.0;31520.0;32320.0;33070.0;36050.0;36510.0;37330.0;37860.0;38330.0;40370.0;41520.0;41750.0;39630.0;38780.0;38920.0
bol;alternative_gdp_per_capita_ppp_pwt_8_0;1583.0;1764.0;1711.0;1449.0;1460.0;1553.0;1408.0;1339.0;1327.0;1314.0;1360.0;1405.0;1413.0;1471.0;1555.0;1685.0;1741.0;1791.0;1569.0;1596.0;1629.0;1681.0;1669.0;1730.0;1961.0;1858.0;1934.0;1992.0;1895.0;1961.0;1972.0;2015.0;2004.0;1937.0;2031.0;2106.0;2008.0;2029.0;1854.0;1943.0;2030.0;2083.0;2126.0;2220.0;2387.0;2587.0;2785.0;2799.0;2816.0;2807.0;2814.0;2845.0;2893.0;3020.0;3205.0;3311.0;3549.0;3598.0;3795.0;3709.0;3970.0;4167.0
bra;alternative_gdp_per_capita_ppp_pwt_8_0;1411.0;1433.0;1523.0;1521.0;1610.0;1678.0;1686.0;1779.0;1826.0;1855.0;1982.0;2172.0;2245.0;2325.0;2378.0;2473.0;2503.0;2632.0;2818.0;2797.0;3116.0;3391.0;3715.0;4150.0;4290.0;4392.0;4706.0;4755.0;4789.0;4953.0;4880.0;4834.0;4851.0;4669.0;4839.0;4979.0;5512.0;5600.0;5594.0;5559.0;5297.0;5536.0;5662.0;5991.0;6623.0;7594.0;9020.0;8572.0;8067.0;7580.0;7528.0;7330.0;7302.0;7158.0;7424.0;7439.0;7719.0;8131.0;8526.0;8402.0;9002.0;9295.0
brb;alternative_gdp_per_capita_ppp_pwt_8_0;;;;;;;;;;;7672.0;7961.0;8285.0;8722.0;8427.0;8449.0;8834.0;9896.0;10060.0;11340.0;12540.0;13030.0;12920.0;13430.0;12630.0;13830.0;10810.0;10970.0;10760.0;11310.0;11650.0;11320.0;10800.0;10860.0;11270.0;11260.0;12330.0;13360.0;13890.0;15200.0;15010.0;15170.0;15180.0;15850.0;16700.0;17140.0;19310.0;20760.0;20960.0;22030.0;22870.0;21530.0;21370.0;22310.0;22310.0;24090.0;25180.0;25500.0;23590.0;23160.0;21410.0;20640.0
brn;alternative_gdp_per_capita_ppp_pwt_8_0;;;;;;;;;;;;;;;;;;;;;54550.0;56880.0;60290.0;64160.0;65400.0;66810.0;81930.0;87510.0;95100.0;113300.0;92360.0;81300.0;84720.0;77340.0;70770.0;68960.0;41940.0;45370.0;38170.0;41540.0;42990.0;40770.0;40930.0;37300.0;34300.0;32210.0;39610.0;35020.0;30010.0;33860.0;41300.0;39430.0;39700.0;42510.0;47670.0;55940.0;63610.0;60840.0;70710.0;53740.0;56900.0;67540.0
btn;alternative_gdp_per_capita_ppp_pwt_8_0;;;;;;;;;;;;;;;;;;;;;1084.0;1073.0;1046.0;1023.0;1030.0;957.4;1010.0;1047.0;1087.0;1114.0;1098.0;1226.0;1261.0;1400.0;1385.0;1411.0;1486.0;1643.0;1599.0;1685.0;1784.0;1789.0;1859.0;2020.0;2150.0;2364.0;2485.0;2607.0;2675.0;2874.0;3048.0;3190.0;3505.0;3590.0;3707.0;3978.0;3782.0;4327.0;4406.0;4680.0;4797.0;4607.0
bwa;alternative_gdp_per_capita_ppp_pwt_8_0;;;;;;;;;;;382.8;402.8;426.4;442.3;467.3;436.4;453.5;513.6;595.5;589.9;706.1;854.0;1029.0;1216.0;1288.0;1349.0;1455.0;1530.0;1555.0;1721.0;1988.0;2115.0;2055.0;2171.0;2464.0;2929.0;3545.0;3871.0;4413.0;5558.0;5717.0;5903.0;5846.0;5973.0;6223.0;6601.0;7362.0;7546.0;7783.0;8659.0;8129.0;9424.0;9396.0;8849.0;9688.0;9093.0;10500.0;11150.0;12880.0;9755.0;11420.0;11810.0
caf;alternative_gdp_per_capita_ppp_pwt_8_0;;;;;;;;;;;992.6;1061.0;1051.0;971.2;1003.0;984.4;950.3;853.4;1028.0;1008.0;1033.0;983.7;939.5;993.6;880.1;829.6;824.4;849.7;849.0;808.7;719.1;830.4;788.9;743.4;774.5;846.0;817.9;746.1;756.2;776.7;756.2;732.5;687.1;647.2;729.9;710.2;610.9;630.5;644.9;665.4;667.8;661.0;646.9;593.7;599.8;599.6;587.2;602.0;625.5;600.2;605.1;617.3
can;alternative_gdp_per_capita_ppp_pwt_8_0;9711.0;9849.0;10440.0;10680.0;10310.0;11000.0;11660.0;11480.0;11390.0;11640.0;11760.0;11930.0;12450.0;12820.0;13460.0;14110.0;14760.0;14920.0;15370.0;15920.0;16060.0;16640.0;17410.0;18680.0;19530.0;19480.0;20460.0;20680.0;21060.0;21900.0;22110.0;22440.0;21380.0;21980.0;23180.0;24160.0;24410.0;25540.0;26780.0;27430.0;26970.0;25940.0;25830.0;26180.0;27410.0;28410.0;28800.0;29860.0;30280.0;31870.0;33490.0;33080.0;32960.0;33610.0;34540.0;35400.0;35550.0;35710.0;35580.0;33020.0;34390.0;35340.0
che;alternative_gdp_per_capita_ppp_pwt_8_0;12070.0;12680.0;12720.0;13210.0;13880.0;14660.0;15340.0;15600.0;15140.0;16050.0;17060.0;17970.0;18400.0;18910.0;19740.0;20190.0;20590.0;21140.0;21770.0;22610.0;23660.0;24650.0;25460.0;25960.0;25860.0;23930.0;23930.0;24310.0;25220.0;25800.0;26580.0;26610.0;26530.0;26700.0;27550.0;27960.0;29290.0;29860.0;30450.0;31420.0;32570.0;32050.0;31420.0;31460.0;32070.0;32160.0;32460.0;34260.0;35640.0;35940.0;36980.0;36830.0;36820.0;35740.0;36480.0;36810.0;39120.0;42440.0;44330.0;42500.0;44400.0;44820.0
chl;alternative_gdp_per_capita_ppp_pwt_8_0;;3995.0;4278.0;4248.0;4449.0;4335.0;4219.0;4433.0;4458.0;4405.0;4543.0;4307.0;5210.0;5419.0;5432.0;5340.0;5786.0;5950.0;6125.0;6447.0;6337.0;6875.0;6684.0;6391.0;6128.0;4841.0;5097.0;5330.0;5633.0;6131.0;6369.0;6537.0;5544.0;5349.0;5375.0;5358.0;5522.0;5804.0;6368.0;6801.0;6770.0;7177.0;7766.0;8077.0;8720.0;9895.0;10120.0;10110.0;9823.0;9361.0;9468.0;9293.0;9268.0;9571.0;10630.0;11440.0;13050.0;13670.0;13060.0;12800.0;14440.0;15240.0
chn;alternative_gdp_per_capita_ppp_pwt_8_0;;;613.9;679.4;687.5;705.4;741.9;793.0;912.5;992.2;928.2;588.4;603.3;681.6;771.5;842.4;909.9;798.7;749.3;827.0;966.9;1006.0;975.6;1043.0;1044.0;1090.0;1065.0;1089.0;1234.0;1296.0;1324.0;1368.0;1475.0;1556.0;1858.0;2005.0;2083.0;2164.0;2111.0;1966.0;2041.0;2138.0;2297.0;2548.0;2742.0;3058.0;3132.0;3296.0;3239.0;3371.0;3533.0;3753.0;4137.0;4451.0;4880.0;5342.0;5973.0;6610.0;6721.0;7189.0;7679.0;8069.0
civ;alternative_gdp_per_capita_ppp_pwt_8_0;;;;;;;;;;;1584.0;1550.0;1575.0;1777.0;2040.0;1754.0;1884.0;1892.0;2078.0;2233.0;2363.0;2251.0;2246.0;2347.0;2488.0;2340.0;2659.0;2882.0;2895.0;2742.0;2096.0;2067.0;2023.0;2010.0;2168.0;2366.0;2326.0;2145.0;2107.0;2237.0;1997.0;1965.0;1987.0;1935.0;1979.0;2094.0;2227.0;2112.0;2069.0;1964.0;1663.0;1802.0;1780.0;1613.0;1509.0;1474.0;1468.0;1424.0;1475.0;1523.0;1544.0;1372.0
cmr;alternative_gdp_per_capita_ppp_pwt_8_0;;;;;;;;;;;1117.0;1143.0;1115.0;1163.0;1186.0;1218.0;1242.0;1101.0;1150.0;1208.0;1234.0;1293.0;1384.0;1397.0;1403.0;1525.0;1457.0;1599.0;1858.0;1879.0;1815.0;2002.0;2196.0;2437.0;2680.0;2739.0;2452.0;2287.0;2163.0;2128.0;2120.0;2024.0;1906.0;1813.0;1820.0;1875.0;1949.0;1913.0;1906.0;1897.0;1870.0;1802.0;1778.0;1802.0;1774.0;1726.0;1801.0;1796.0;1772.0;1791.0;1830.0;1858.0
cod;alternative_gdp_per_capita_ppp_pwt_8_0;739.1;833.5;883.9;993.8;999.8;1054.0;1060.0;999.4;959.2;928.5;926.4;791.7;873.1;944.8;887.6;893.4;982.2;873.9;831.4;935.2;836.5;862.7;803.1;880.7;874.1;702.4;618.1;670.5;602.7;748.1;770.8;691.4;671.2;706.6;877.8;787.0;708.3;557.4;643.7;693.3;475.4;422.8;372.2;298.0;301.0;300.1;273.1;264.4;236.9;241.3;218.9;203.7;199.2;227.5;230.3;223.5;255.7;270.7;254.3;245.6;275.4;290.6
cog;alternative_gdp_per_capita_ppp_pwt_8_0;;;;;;;;;;;900.6;932.6;1045.0;1077.0;1125.0;1124.0;1098.0;1090.0;1141.0;1195.0;1271.0;1316.0;1324.0;1332.0;1619.0;1532.0;1556.0;1513.0;1516.0;1731.0;2052.0;2298.0;2480.0;2942.0;3416.0;3295.0;2075.0;2017.0;1762.0;1858.0;1689.0;1877.0;1669.0;1689.0;1246.0;1204.0;1425.0;1269.0;974.4;1206.0;1820.0;1614.0;1640.0;1589.0;1859.0;2315.0;2532.0;2105.0;2252.0;1874.0;2379.0;2427.0
col;alternative_gdp_per_capita_ppp_pwt_8_0;2950.0;2869.0;2962.0;3145.0;3373.0;3361.0;3327.0;3204.0;3078.0;3135.0;3200.0;3293.0;3351.0;3347.0;3544.0;3438.0;3503.0;3544.0;3657.0;3809.0;4025.0;4320.0;4679.0;5096.0;5325.0;5524.0;5823.0;6044.0;6302.0;6340.0;6466.0;6256.0;6139.0;5957.0;5957.0;5830.0;6144.0;6011.0;6032.0;6047.0;6120.0;6078.0;6127.0;6296.0;6545.0;6706.0;6600.0;6629.0;6353.0;5917.0;6014.0;5873.0;5877.0;5970.0;6203.0;6427.0;6833.0;7273.0;7564.0;7481.0;7798.0;8408.0
com;alternative_gdp_per_capita_ppp_pwt_8_0;;;;;;;;;;;729.5;771.7;884.6;956.0;1038.0;1011.0;1108.0;1207.0;1164.0;1099.0;1166.0;1188.0;1186.0;1242.0;1238.0;1271.0;1231.0;1235.0;1216.0;1279.0;1334.0;1308.0;1352.0;1400.0;1394.0;1371.0;1365.0;1330.0;1321.0;1249.0;1219.0;1186.0;1222.0;1179.0;987.1;1055.0;1010.0;1001.0;1008.0;1008.0;986.3;1023.0;1050.0;1025.0;982.2;980.6;969.4;952.2;941.2;928.0;923.3;921.3
cpv;alternative_gdp_per_capita_ppp_pwt_8_0;;;;;;;;;;;709.5;834.2;679.1;532.5;556.8;570.6;705.4;742.5;816.1;870.7;965.6;985.4;976.2;963.4;956.2;781.0;796.0;768.9;855.4;892.0;943.5;979.6;1037.0;1095.0;1105.0;1131.0;1261.0;1324.0;1344.0;1425.0;1391.0;1390.0;1472.0;1528.0;1693.0;1687.0;1877.0;1866.0;2040.0;2353.0;2332.0;2403.0;2498.0;2737.0;2918.0;2875.0;3059.0;3431.0;3748.0;3661.0;4075.0;4126.0
cri;alternative_gdp_per_capita_ppp_pwt_8_0;2971.0;3037.0;3425.0;4024.0;4101.0;4226.0;3950.0;4094.0;4388.0;4190.0;4314.0;4103.0;4227.0;4329.0;4452.0;4641.0;4796.0;4863.0;5002.0;5133.0;5447.0;5470.0;5738.0;6000.0;5729.0;5952.0;6460.0;7228.0;7291.0;7285.0;7107.0;6471.0;6064.0;5987.0;6285.0;6303.0;6767.0;6481.0;6491.0;6589.0;6507.0;6531.0;6954.0;7319.0;7608.0;7764.0;7585.0;7867.0;8304.0;8846.0;8458.0;8145.0;8113.0;8372.0;8420.0;8473.0;8815.0;9289.0;9220.0;9750.0;9962.0;10120.0
cyp;alternative_gdp_per_capita_ppp_pwt_8_0;2182.0;2261.0;2542.0;2832.0;3130.0;3176.0;3576.0;3423.0;3026.0;3141.0;2989.0;3328.0;3937.0;3951.0;3408.0;4318.0;4571.0;5005.0;5163.0;5758.0;5797.0;6267.0;6573.0;6548.0;5903.0;4894.0;6291.0;7668.0;8457.0;9666.0;10200.0;10200.0;10910.0;11210.0;12450.0;12750.0;13100.0;14090.0;15040.0;16250.0;17070.0;16510.0;17810.0;17170.0;18090.0;19090.0;18870.0;19120.0;20290.0;21280.0;22210.0;23440.0;23250.0;22850.0;23700.0;23800.0;24830.0;26530.0;28750.0;28160.0;28580.0;28180.0
cze;alternative_gdp_per_capita_ppp_pwt_8_0;;;;;;;;;;;;;;;;;;;;;;;;;;;;;;;;;;;;;;;;;19350.0;16230.0;15660.0;16040.0;16590.0;17410.0;18220.0;17660.0;17540.0;17470.0;17760.0;18780.0;19160.0;19580.0;20510.0;20780.0;21840.0;23710.0;23560.0;23350.0;23180.0;23250.0
deu;alternative_gdp_per_capita_ppp_pwt_8_0;4093.0;4473.0;4916.0;5342.0;5753.0;6487.0;6951.0;7311.0;7586.0;8165.0;8879.0;9193.0;9494.0;9618.0;10250.0;10680.0;10910.0;10790.0;11340.0;12170.0;12940.0;13420.0;14080.0;14790.0;14830.0;14930.0;15690.0;16270.0;16960.0;17630.0;17640.0;17100.0;16810.0;16930.0;17060.0;17180.0;18350.0;18990.0;19920.0;20820.0;22190.0;23390.0;24240.0;24260.0;25140.0;25960.0;26190.0;27100.0;28180.0;29180.0;29460.0;29790.0;29740.0;29740.0;30190.0;30380.0;31500.0;32960.0;33470.0;32050.0;33750.0;34520.0
dji;alternative_gdp_per_capita_ppp_pwt_8_0;;;;;;;;;;;;;;;;;;;;;5403.0;5408.0;5279.0;5221.0;4696.0;4818.0;4801.0;3824.0;3215.0;3202.0;3161.0;3100.0;3091.0;3045.0;3011.0;2866.0;2635.0;2446.0;2285.0;2092.0;2125.0;1918.0;2047.0;2561.0;1992.0;2167.0;1902.0;2083.0;2003.0;1956.0;1853.0;1782.0;1661.0;1689.0;1812.0;1786.0;2085.0;2291.0;2583.0;2238.0;2245.0;2392.0
dma;alternative_gdp_per_capita_ppp_pwt_8_0;;;;;;;;;;;;;;;;;;;;;2899.0;3027.0;3309.0;3670.0;3460.0;3619.0;3798.0;3742.0;4189.0;3606.0;3724.0;4319.0;4618.0;4868.0;5025.0;5104.0;5637.0;6002.0;6330.0;6191.0;6626.0;6649.0;7328.0;7403.0;7385.0;7502.0;7755.0;8136.0;8653.0;8752.0;8773.0;8803.0;8640.0;8889.0;8973.0;8967.0;9488.0;10080.0;10280.0;10930.0;11250.0;11330.0
dnk;alternative_gdp_per_capita_ppp_pwt_8_0;8405.0;8018.0;8268.0;8783.0;9034.0;8974.0;9126.0;9466.0;9690.0;10550.0;11050.0;11670.0;12230.0;12380.0;13370.0;13910.0;14240.0;14930.0;15670.0;16790.0;16980.0;17270.0;17950.0;18880.0;18030.0;17830.0;19010.0;19350.0;19960.0;20530.0;20150.0;19280.0;19510.0;19680.0;20210.0;20740.0;22370.0;22570.0;22540.0;22850.0;23330.0;23530.0;24210.0;23940.0;25330.0;26300.0;27120.0;28950.0;30290.0;30980.0;32340.0;32130.0;32650.0;31180.0;32250.0;31890.0;33570.0;34940.0;35850.0;33910.0;35810.0;35640.0
dom;alternative_gdp_per_capita_ppp_pwt_8_0;;1985.0;1828.0;1730.0;1858.0;1785.0;1898.0;2097.0;1973.0;1937.0;2125.0;2003.0;2416.0;2512.0;2559.0;2165.0;2288.0;2267.0;2205.0;2370.0;2706.0;2868.0;3089.0;3335.0;3581.0;3866.0;3687.0;3768.0;3643.0;3728.0;4122.0;4293.0;4201.0;4312.0;4088.0;3984.0;4122.0;4213.0;4433.0;4278.0;3862.0;3864.0;4204.0;4492.0;4611.0;4725.0;4929.0;5321.0;5694.0;5910.0;6018.0;6167.0;6371.0;6084.0;6208.0;6590.0;7171.0;7671.0;7827.0;8242.0;8584.0;8727.0
ecu;alternative_gdp_per_capita_ppp_pwt_8_0;;1680.0;1810.0;1843.0;1978.0;2003.0;2013.0;2034.0;2024.0;2066.0;2134.0;2166.0;2210.0;2189.0;2287.0;2284.0;2297.0;2393.0;2431.0;2420.0;2533.0;2554.0;2626.0;2945.0;3574.0;3519.0;3800.0;4132.0;4160.0;4463.0;4616.0;4567.0;4492.0;4233.0;4249.0;4239.0;3948.0;3680.0;3804.0;3828.0;4017.0;4032.0;4070.0;3888.0;4016.0;4009.0;4070.0;4118.0;4000.0;3866.0;4125.0;4174.0;4509.0;4722.0;5178.0;5733.0;6047.0;6204.0;6666.0;6261.0;6503.0;6828.0
egy;alternative_gdp_per_capita_ppp_pwt_8_0;525.6;533.2;481.8;471.7;489.3;499.5;505.2;514.3;509.5;553.0;559.5;569.5;587.3;624.7;689.3;699.0;705.5;714.3;772.1;813.3;905.4;902.7;939.5;927.7;1002.0;1021.0;1031.0;1067.0;1095.0;1063.0;1068.0;1247.0;1224.0;1376.0;1521.0;1588.0;1572.0;1584.0;1531.0;1666.0;1826.0;2076.0;2374.0;2612.0;2929.0;3378.0;3989.0;3990.0;3862.0;3908.0;3931.0;3957.0;3919.0;3920.0;3970.0;3972.0;4120.0;4334.0;4513.0;4490.0;4708.0;4836.0
esp;alternative_gdp_per_capita_ppp_pwt_8_0;3107.0;3597.0;3722.0;3553.0;3985.0;4156.0;4427.0;4593.0;4749.0;4608.0;5066.0;5588.0;6082.0;6608.0;6888.0;7202.0;7713.0;8059.0;8524.0;9241.0;9549.0;9941.0;10680.0;11350.0;11500.0;11540.0;11960.0;12340.0;12720.0;12840.0;12910.0;12050.0;11660.0;11310.0;11140.0;11040.0;11820.0;12720.0;13690.0;14670.0;15620.0;16400.0;16880.0;16860.0;17570.0;18530.0;19110.0;20430.0;22030.0;23110.0;24140.0;24890.0;25740.0;25600.0;26390.0;26950.0;28880.0;30740.0;30830.0;29610.0;29170.0;28740.0
est;alternative_gdp_per_capita_ppp_pwt_8_0;;;;;;;;;;;;;;;;;;;;;;;;;;;;;;;;;;;;;;;;;10430.0;11490.0;8635.0;8371.0;8240.0;9153.0;8285.0;9315.0;9913.0;10370.0;11340.0;12040.0;12880.0;13720.0;14750.0;15830.0;17620.0;19890.0;19910.0;17860.0;18760.0;20100.0
eth;alternative_gdp_per_capita_ppp_pwt_8_0;357.4;401.6;411.6;431.7;426.8;428.6;441.7;431.0;427.0;445.5;458.1;467.9;474.3;480.0;504.9;529.4;535.2;528.9;541.3;572.0;556.7;563.8;577.8;581.2;577.1;577.1;589.8;588.3;588.2;596.2;620.8;673.5;714.0;800.8;787.3;786.9;763.2;617.0;699.9;663.4;631.9;561.9;480.4;498.0;446.6;476.9;472.3;504.7;447.6;445.2;434.7;437.6;404.2;382.2;426.6;490.4;536.7;612.2;646.7;713.5;755.1;782.7
fin;alternative_gdp_per_capita_ppp_pwt_8_0;5216.0;6141.0;6144.0;5850.0;6475.0;7021.0;7070.0;6963.0;6901.0;7369.0;8069.0;8830.0;8925.0;9063.0;9471.0;10080.0;10310.0;10480.0;10870.0;12050.0;13100.0;13260.0;14050.0;15030.0;15400.0;15260.0;15230.0;15040.0;15360.0;16610.0;17220.0;17130.0;17320.0;17440.0;17810.0;17910.0;18600.0;19420.0;20980.0;22300.0;22150.0;20050.0;19150.0;18810.0;19900.0;21680.0;21840.0;24030.0;26240.0;27390.0;29030.0;29220.0;29380.0;28590.0;29940.0;29930.0;30990.0;33530.0;34490.0;32010.0;32880.0;33750.0
fji;alternative_gdp_per_capita_ppp_pwt_8_0;;;;;;;;;;;2355.0;2339.0;2293.0;2661.0;2964.0;2286.0;2328.0;2428.0;2646.0;2730.0;2951.0;3089.0;3269.0;3607.0;3866.0;4154.0;4107.0;4272.0;4311.0;4796.0;4700.0;4272.0;4160.0;4033.0;4192.0;4247.0;4265.0;4288.0;4385.0;4712.0;5091.0;4916.0;5060.0;5076.0;5092.0;5269.0;5483.0;5453.0;5067.0;4860.0;5082.0;4805.0;4733.0;4713.0;4564.0;4653.0;4729.0;4635.0;4600.0;4543.0;4417.0;4645.0
fra;alternative_gdp_per_capita_ppp_pwt_8_0;6290.0;6539.0;6710.0;6974.0;7297.0;7636.0;7944.0;8305.0;8466.0;8658.0;9274.0;9622.0;10050.0;10540.0;11130.0;11560.0;12060.0;12570.0;13010.0;13830.0;14510.0;15260.0;16000.0;17100.0;17420.0;17340.0;18080.0;18670.0;19550.0;20210.0;20260.0;19530.0;19420.0;19130.0;18780.0;18570.0;19360.0;19790.0;20810.0;21610.0;22160.0;22270.0;22550.0;22310.0;22810.0;23260.0;23510.0;24810.0;26410.0;27420.0;28770.0;29660.0;29980.0;28380.0;28760.0;29040.0;29750.0;31220.0;31300.0;30490.0;31240.0;31440.0
gab;alternative_gdp_per_capita_ppp_pwt_8_0;;;;;;;;;;;2609.0;2767.0;3083.0;3672.0;4007.0;4468.0;3988.0;4487.0;4471.0;4699.0;5352.0;5875.0;5600.0;6259.0;8166.0;8056.0;9586.0;9049.0;9832.0;10560.0;11880.0;11750.0;10470.0;11220.0;10710.0;9580.0;7486.0;6693.0;6120.0;8014.0;7757.0;8095.0;7480.0;7199.0;7519.0;7507.0;8131.0;6633.0;5609.0;6077.0;7354.0;6796.0;6575.0;7061.0;7879.0;10560.0;10480.0;10440.0;12310.0;11110.0;13640.0;12400.0
gbr;alternative_gdp_per_capita_ppp_pwt_8_0;8022.0;8129.0;8216.0;8674.0;8960.0;9271.0;9471.0;9600.0;9665.0;9932.0;10310.0;10500.0;10570.0;10890.0;11440.0;11690.0;11900.0;12120.0;12490.0;12690.0;13000.0;13180.0;13620.0;14200.0;13420.0;13620.0;14200.0;14900.0;15930.0;16800.0;17100.0;16610.0;16640.0;16970.0;17110.0;17530.0;18060.0;18950.0;20070.0;20640.0;20880.0;20650.0;20730.0;21260.0;22160.0;22720.0;23840.0;26000.0;27370.0;28710.0;30120.0;31040.0;31340.0;31500.0;32600.0;32510.0;33320.0;33840.0;32840.0;31140.0;32410.0;32260.0
geo;alternative_gdp_per_capita_ppp_pwt_8_0;;;;;;;;;;;;;;;;;;;;;;;;;;;;;;;;;;;;;;;;;9462.0;8092.0;3727.0;2199.0;2055.0;2229.0;2464.0;2689.0;2641.0;2651.0;2637.0;2770.0;2974.0;3317.0;3612.0;3990.0;4457.0;5067.0;5343.0;5372.0;5531.0;5839.0
gha;alternative_gdp_per_capita_ppp_pwt_8_0;;;;;;1839.0;1790.0;1708.0;1822.0;2016.0;2108.0;1975.0;1919.0;2014.0;2076.0;1925.0;1853.0;1752.0;1766.0;1861.0;2115.0;2076.0;1791.0;1969.0;2100.0;1836.0;1607.0;1779.0;1748.0;1656.0;1637.0;1481.0;1219.0;1178.0;1274.0;1338.0;1338.0;1356.0;1440.0;1389.0;1385.0;1450.0;1383.0;1373.0;1413.0;1424.0;1407.0;1501.0;1470.0;1595.0;1661.0;1542.0;1537.0;1666.0;1753.0;1727.0;1741.0;1844.0;1988.0;2073.0;2354.0;2522.0
gin;alternative_gdp_per_capita_ppp_pwt_8_0;;;;;;;;;;1691.0;1817.0;1838.0;1836.0;2024.0;1808.0;1833.0;1780.0;1760.0;1744.0;1687.0;1590.0;1658.0;1683.0;1699.0;1780.0;1829.0;1965.0;1891.0;2009.0;1971.0;2035.0;1971.0;1969.0;1941.0;1931.0;1980.0;1955.0;1959.0;2022.0;2020.0;1920.0;1903.0;1767.0;1736.0;1766.0;1877.0;1962.0;1718.0;1510.0;1411.0;1244.0;1180.0;1068.0;994.6;943.4;909.2;910.8;935.0;975.3;913.9;943.5;958.3
gmb;alternative_gdp_per_capita_ppp_pwt_8_0;;;;;;;;;;;1192.0;1070.0;1055.0;1050.0;1153.0;1234.0;1221.0;1198.0;1183.0;1152.0;1267.0;1230.0;1189.0;1206.0;1251.0;1288.0;1241.0;1224.0;1245.0;1167.0;1128.0;1280.0;1318.0;1225.0;1208.0;1193.0;1162.0;1146.0;1152.0;1141.0;1135.0;1125.0;1127.0;1130.0;1118.0;1092.0;1105.0;1084.0;1091.0;1132.0;1169.0;1190.0;1140.0;1126.0;1244.0;1189.0;1176.0;1198.0;1302.0;1302.0;1318.0;1236.0
gnb;alternative_gdp_per_capita_ppp_pwt_8_0;;;;;;;;;;;860.1;842.8;837.5;888.1;939.5;907.0;831.5;928.0;929.9;1055.0;1231.0;1126.0;1093.0;1040.0;991.1;1033.0;1053.0;995.9;1100.0;1072.0;950.1;787.4;815.9;771.7;852.8;715.3;832.7;879.9;944.0;945.9;973.5;993.7;913.2;953.7;1024.0;995.0;986.4;1071.0;735.9;785.3;767.4;808.3;751.5;810.3;827.5;806.6;793.7;830.5;842.8;887.7;884.4;906.7
gnq;alternative_gdp_per_capita_ppp_pwt_8_0;;;;;;;;;;;285.0;288.7;294.5;381.7;363.6;327.3;369.9;392.2;434.0;446.5;353.5;383.4;410.3;462.2;494.4;586.0;630.6;702.2;644.5;621.1;624.2;615.4;566.5;613.5;582.8;472.1;392.6;325.4;364.1;398.3;301.4;278.3;321.0;336.1;258.4;469.5;753.0;1571.0;1263.0;2029.0;3219.0;4293.0;7580.0;6893.0;10620.0;14390.0;12560.0;12380.0;15070.0;8161.0;7251.0;9176.0
grc;alternative_gdp_per_capita_ppp_pwt_8_0;;2796.0;2711.0;2991.0;3044.0;3239.0;3498.0;3721.0;3882.0;3984.0;4010.0;4528.0;4463.0;5013.0;5387.0;5942.0;6386.0;6672.0;7095.0;7893.0;8588.0;9210.0;10090.0;10860.0;9987.0;10390.0;10970.0;11170.0;11820.0;11990.0;11880.0;11850.0;11530.0;11430.0;11620.0;11960.0;12420.0;12300.0;13200.0;13830.0;14100.0;14920.0;15180.0;15210.0;15870.0;16540.0;16920.0;18090.0;18840.0;19430.0;20260.0;21310.0;22560.0;22980.0;24090.0;23660.0;25130.0;26030.0;26890.0;26510.0;25660.0;23700.0
grd;alternative_gdp_per_capita_ppp_pwt_8_0;;;;;;;;;;;;;;;;;;;;;1531.0;1641.0;1796.0;1907.0;2056.0;2279.0;2494.0;2449.0;2617.0;2634.0;2575.0;2454.0;2511.0;2528.0;2676.0;2834.0;2860.0;3290.0;3444.0;3897.0;4175.0;4267.0;4801.0;4741.0;5026.0;5073.0;5783.0;6011.0;6473.0;6792.0;7319.0;7241.0;7379.0;7716.0;7432.0;7830.0;7878.0;8294.0;8666.0;8368.0;8511.0;8502.0
gtm;alternative_gdp_per_capita_ppp_pwt_8_0;2181.0;2136.0;2116.0;2135.0;2135.0;2087.0;2189.0;2211.0;2204.0;2237.0;2223.0;2230.0;2246.0;2342.0;2383.0;2411.0;2482.0;2505.0;2649.0;2737.0;2889.0;2902.0;3006.0;3121.0;3113.0;3116.0;3220.0;3547.0;3521.0;3557.0;3603.0;3501.0;3346.0;3259.0;3214.0;3093.0;3157.0;3025.0;3086.0;3124.0;3165.0;3252.0;3208.0;3304.0;3403.0;3505.0;3523.0;3594.0;3670.0;3700.0;3739.0;3750.0;3767.0;3735.0;3699.0;3695.0;3769.0;3910.0;4014.0;4152.0;4190.0;4236.0
hkg;alternative_gdp_per_capita_ppp_pwt_8_0;;;;;;;;;;;3322.0;3423.0;3766.0;4268.0;4544.0;5174.0;5366.0;5529.0;5777.0;6360.0;6778.0;7366.0;8138.0;8868.0;8493.0;8662.0;9872.0;10640.0;11220.0;12120.0;13150.0;13620.0;13950.0;14360.0;15750.0;16140.0;17110.0;19030.0;20200.0;20950.0;21580.0;22970.0;24640.0;26400.0;27760.0;28000.0;29810.0;30900.0;28620.0;27850.0;29430.0;29260.0;30040.0;30260.0;31480.0;33150.0;34690.0;36980.0;37000.0;35810.0;37470.0;38570.0
hnd;alternative_gdp_per_capita_ppp_pwt_8_0;2043.0;2047.0;2019.0;2118.0;1915.0;1878.0;2059.0;2001.0;2015.0;2000.0;1924.0;1966.0;2011.0;2002.0;2074.0;2156.0;2132.0;2150.0;2228.0;2139.0;2109.0;2071.0;2152.0;2265.0;2085.0;2061.0;2389.0;2684.0;2770.0;2708.0;2671.0;2554.0;2481.0;2345.0;2400.0;2402.0;2477.0;2498.0;2585.0;2583.0;2496.0;2533.0;2557.0;2539.0;2487.0;2587.0;2593.0;2615.0;2635.0;2457.0;2571.0;2590.0;2624.0;2647.0;2673.0;2764.0;2862.0;2908.0;2846.0;2870.0;2874.0;2920.0
hrv;alternative_gdp_per_capita_ppp_pwt_8_0;;;;;;;;;;;;;;;;;;;;;;;;;;;;;;;;;;;;;;;;;13100.0;10240.0;9001.0;8194.0;8707.0;9238.0;9892.0;10950.0;11600.0;11640.0;12020.0;12330.0;12860.0;13580.0;14350.0;14630.0;15630.0;17280.0;18140.0;17500.0;17170.0;17220.0
hun;alternative_gdp_per_capita_ppp_pwt_8_0;;;;;;;;;;;;;;;;;;;;;4940.0;5186.0;5428.0;5700.0;5693.0;5796.0;6410.0;7100.0;7797.0;8508.0;9239.0;9418.0;9544.0;9468.0;9582.0;9488.0;9779.0;10490.0;10850.0;11300.0;11310.0;10170.0;10360.0;10920.0;11640.0;12230.0;12120.0;12490.0;12830.0;13160.0;13730.0;15160.0;16140.0;16110.0;16470.0;16500.0;17180.0;17720.0;18460.0;18210.0;18760.0;18850.0
idn;alternative_gdp_per_capita_ppp_pwt_8_0;;;;;;;;;;;790.0;787.4;844.2;802.8;792.3;769.0;714.1;740.3;789.4;760.0;825.2;860.7;926.0;1039.0;1207.0;1203.0;1263.0;1374.0;1442.0;1666.0;1887.0;2007.0;2000.0;2097.0;2192.0;2219.0;2186.0;2248.0;2302.0;2489.0;2738.0;2923.0;3110.0;3277.0;3466.0;3712.0;3996.0;4049.0;3629.0;3381.0;3181.0;3161.0;3056.0;2984.0;3148.0;3327.0;3440.0;3537.0;3768.0;3857.0;4064.0;4339.0
ind;alternative_gdp_per_capita_ppp_pwt_8_0;805.0;824.0;832.1;860.4;881.5;884.4;902.3;884.2;931.2;932.9;981.6;997.6;1018.0;1066.0;1121.0;1077.0;1048.0;1105.0;1133.0;1229.0;1222.0;1238.0;1244.0;1286.0;1227.0;1324.0;1280.0;1251.0;1200.0;1094.0;1075.0;1048.0;1019.0;1009.0;985.0;978.5;1011.0;1053.0;1117.0;1171.0;1217.0;1220.0;1260.0;1324.0;1384.0;1456.0;1547.0;1612.0;1695.0;1778.0;1831.0;1890.0;1958.0;2091.0;2210.0;2415.0;2597.0;2823.0;2953.0;3155.0;3432.0;3602.0
irl;alternative_gdp_per_capita_ppp_pwt_8_0;4487.0;4351.0;4677.0;4917.0;4995.0;5098.0;5071.0;5096.0;5147.0;5399.0;5670.0;5966.0;6108.0;6336.0;6597.0;6651.0;6814.0;7235.0;7694.0;8069.0;8126.0;8516.0;9102.0;9717.0;8978.0;9401.0;9730.0;10140.0;11090.0;11400.0;11790.0;11860.0;12000.0;11970.0;12140.0;12360.0;12830.0;13430.0;14050.0;15180.0;16240.0;16410.0;16920.0;17760.0;18870.0;21050.0;22550.0;25280.0;28200.0;30150.0;32500.0;33340.0;34920.0;35170.0;35820.0;37200.0;39780.0;42820.0;39240.0;35730.0;36030.0;36700.0
irn;alternative_gdp_per_capita_ppp_pwt_8_0;;;;;;1630.0;1682.0;1824.0;1976.0;2154.0;2100.0;2099.0;2127.0;2136.0;2127.0;2304.0;2431.0;2598.0;2772.0;2825.0;3028.0;3412.0;3746.0;4503.0;6915.0;6610.0;6764.0;5862.0;4715.0;4540.0;3546.0;3174.0;3259.0;3260.0;3001.0;2760.0;2328.0;2235.0;2151.0;2201.0;2600.0;2979.0;3355.0;4055.0;4176.0;4342.0;5050.0;5145.0;5106.0;5722.0;6202.0;6509.0;7429.0;8153.0;9007.0;10450.0;11080.0;12170.0;11080.0;10780.0;11400.0;11820.0
irq;alternative_gdp_per_capita_ppp_pwt_8_0;;;;;;;;;;;;;;;;;;;;;2578.0;2659.0;2514.0;2959.0;3257.0;3608.0;4091.0;3976.0;4542.0;5754.0;5724.0;4648.0;4378.0;3725.0;3690.0;3709.0;3833.0;4514.0;4569.0;4005.0;3903.0;1270.0;1531.0;2219.0;1979.0;1548.0;2227.0;2656.0;3467.0;4090.0;4039.0;4024.0;3572.0;2257.0;3483.0;3501.0;3719.0;3679.0;3816.0;3899.0;4022.0;4197.0
isl;alternative_gdp_per_capita_ppp_pwt_8_0;7261.0;6818.0;6710.0;7676.0;8337.0;9452.0;9211.0;9108.0;9821.0;10130.0;9736.0;10200.0;10370.0;11420.0;12940.0;14180.0;14990.0;14520.0;13090.0;13330.0;14470.0;17460.0;17160.0;19410.0;20440.0;19360.0;19570.0;22330.0;23010.0;23170.0;24250.0;25200.0;25890.0;22820.0;24850.0;24440.0;25610.0;28480.0;28830.0;27530.0;27280.0;27760.0;26300.0;26210.0;26660.0;26820.0;27650.0;29990.0;32630.0;33760.0;33560.0;34150.0;33490.0;32310.0;34850.0;36280.0;36970.0;37160.0;36870.0;33340.0;31340.0;31920.0
isr;alternative_gdp_per_capita_ppp_pwt_8_0;3618.0;3784.0;3350.0;3232.0;3682.0;3946.0;4203.0;4246.0;4414.0;4718.0;4893.0;5357.0;5383.0;5755.0;6103.0;6526.0;6452.0;6542.0;7381.0;11090.0;11730.0;12730.0;13970.0;13830.0;14090.0;13730.0;13780.0;13960.0;14000.0;14670.0;14210.0;14850.0;15310.0;16060.0;15560.0;15630.0;16740.0;17540.0;18190.0;17720.0;18720.0;20050.0;21000.0;21190.0;22230.0;23040.0;23940.0;24470.0;25150.0;25860.0;27800.0;27570.0;27150.0;25570.0;24900.0;24460.0;24510.0;24440.0;23810.0;24110.0;24520.0;25080.0
ita;alternative_gdp_per_capita_ppp_pwt_8_0;3826.0;4098.0;4201.0;4506.0;4695.0;4980.0;5150.0;5369.0;5621.0;5963.0;6323.0;6832.0;7192.0;7518.0;7670.0;7829.0;8214.0;8761.0;9266.0;9798.0;11090.0;11280.0;11790.0;12500.0;12950.0;12790.0;13860.0;14560.0;15380.0;16640.0;17530.0;17120.0;16990.0;16870.0;17110.0;17300.0;18420.0;19320.0;20320.0;21260.0;22120.0;22890.0;23270.0;23050.0;23890.0;24890.0;25330.0;26440.0;28010.0;28800.0;29580.0;30230.0;29110.0;28530.0;28400.0;28150.0;29070.0;30410.0;30760.0;29510.0;29380.0;29090.0
jam;alternative_gdp_per_capita_ppp_pwt_8_0;;;;2830.0;3153.0;3390.0;3638.0;4149.0;4114.0;4148.0;4316.0;4477.0;4401.0;4820.0;4832.0;4798.0;4928.0;4850.0;4707.0;4837.0;5474.0;5566.0;6027.0;5999.0;5726.0;5800.0;5337.0;5053.0;4856.0;4280.0;3759.0;3495.0;3437.0;3474.0;3504.0;3093.0;3484.0;3773.0;3978.0;4020.0;4241.0;4287.0;4636.0;4780.0;4833.0;4917.0;5051.0;5017.0;5009.0;4981.0;4929.0;4925.0;4911.0;5038.0;4991.0;5034.0;5118.0;5257.0;5231.0;5162.0;5063.0;5078.0
jor;alternative_gdp_per_capita_ppp_pwt_8_0;;;;;1891.0;1513.0;2120.0;2089.0;2283.0;2509.0;2652.0;2920.0;2901.0;2899.0;3254.0;3469.0;3383.0;3490.0;3398.0;3151.0;2702.0;2564.0;2604.0;2397.0;2330.0;2155.0;2428.0;2596.0;3090.0;3542.0;4061.0;3962.0;3757.0;3681.0;4105.0;3894.0;3993.0;4307.0;4209.0;4033.0;3172.0;2762.0;2994.0;2990.0;3184.0;3191.0;3109.0;3082.0;3077.0;3121.0;3152.0;3284.0;3497.0;3514.0;3756.0;4186.0;4382.0;4524.0;5141.0;5102.0;5277.0;5092.0
jpn;alternative_gdp_per_capita_ppp_pwt_8_0;1942.0;2165.0;2311.0;2388.0;2512.0;2703.0;2860.0;3026.0;3194.0;3463.0;3889.0;4316.0;4674.0;5022.0;5575.0;5857.0;6423.0;7072.0;7927.0;8819.0;11450.0;12020.0;12940.0;13770.0;13230.0;13520.0;14190.0;14970.0;16060.0;16780.0;17080.0;16900.0;16520.0;16200.0;16230.0;16560.0;17680.0;18780.0;20650.0;22290.0;23990.0;25420.0;26250.0;26910.0;27840.0;29160.0;29780.0;29990.0;29260.0;28930.0;29550.0;29710.0;29790.0;30140.0;30650.0;30710.0;31050.0;31680.0;30950.0;29690.0;30770.0;30430.0
kaz;alternative_gdp_per_capita_ppp_pwt_8_0;;;;;;;;;;;;;;;;;;;;;;;;;;;;;;;;;;;;;;;;;9893.0;9826.0;10440.0;7505.0;6055.0;5328.0;5363.0;5057.0;4691.0;4710.0;5440.0;5816.0;6198.0;6936.0;7826.0;8984.0;10640.0;11830.0;13150.0;12180.0;14030.0;16270.0
ken;alternative_gdp_per_capita_ppp_pwt_8_0;1271.0;1465.0;1303.0;1221.0;1350.0;1411.0;1400.0;1413.0;1384.0;1327.0;1396.0;1363.0;1408.0;1401.0;1472.0;1475.0;1578.0;1586.0;1542.0;1586.0;1475.0;1525.0;1592.0;1570.0;1635.0;1548.0;1561.0;1757.0;1761.0;1685.0;1667.0;1606.0;1595.0;1626.0;1689.0;1674.0;1722.0;1654.0;1672.0;1639.0;1621.0;1635.0;1561.0;1593.0;1766.0;1646.0;1677.0;1580.0;1513.0;1443.0;1337.0;1278.0;1211.0;1163.0;1134.0;1140.0;1201.0;1250.0;1241.0;1232.0;1274.0;1298.0
kgz;alternative_gdp_per_capita_ppp_pwt_8_0;;;;;;;;;;;;;;;;;;;;;;;;;;;;;;;;;;;;;;;;;6665.0;6621.0;5161.0;4346.0;3377.0;2669.0;2518.0;2380.0;2017.0;2031.0;2077.0;2075.0;1958.0;2071.0;2120.0;1998.0;2021.0;2174.0;2243.0;2209.0;2104.0;2217.0
khm;alternative_gdp_per_capita_ppp_pwt_8_0;;;;;;;;;;;;;;;;;;;;;1299.0;1217.0;1138.0;917.3;869.8;865.4;881.1;770.8;792.1;703.3;662.7;648.8;624.8;623.8;623.6;620.8;624.5;725.7;783.5;808.7;785.1;832.2;864.2;791.7;833.4;887.6;837.4;877.6;877.6;972.7;1023.0;1090.0;1186.0;1265.0;1362.0;1513.0;1657.0;1825.0;2051.0;2107.0;2183.0;2348.0
kna;alternative_gdp_per_capita_ppp_pwt_8_0;;;;;;;;;;;;;;;;;;;;;2427.0;2676.0;2917.0;2623.0;3360.0;3680.0;3634.0;3726.0;4132.0;4449.0;4802.0;5020.0;4865.0;4813.0;5452.0;5808.0;6775.0;7318.0;7486.0;8062.0;8426.0;8743.0;8996.0;9290.0;10010.0;10070.0;10790.0;10920.0;11140.0;12070.0;11810.0;10880.0;11450.0;11240.0;12130.0;13080.0;12790.0;12900.0;13710.0;12920.0;12800.0;12710.0
kor;alternative_gdp_per_capita_ppp_pwt_8_0;;;;986.2;999.0;1059.0;1046.0;1131.0;1133.0;1109.0;1074.0;1091.0;1071.0;1179.0;1244.0;1273.0;1401.0;1450.0;1583.0;1779.0;1904.0;2156.0;2451.0;2953.0;3260.0;3645.0;4092.0;4401.0;4763.0;4878.0;4340.0;4569.0;4855.0;5380.0;5851.0;6166.0;7072.0;8042.0;9045.0;9723.0;10680.0;11760.0;12520.0;13500.0;14860.0;16330.0;17170.0;17890.0;17100.0;18520.0;19600.0;20260.0;21810.0;22480.0;23400.0;24050.0;24850.0;25960.0;25550.0;25660.0;27230.0;27520.0
kwt;alternative_gdp_per_capita_ppp_pwt_8_0;;;;;;;;;;;;;;;;;;;;;17250.0;20310.0;19940.0;19000.0;36860.0;29400.0;29630.0;28220.0;26040.0;35280.0;34760.0;27510.0;21790.0;20990.0;20500.0;18750.0;13830.0;15490.0;13190.0;14990.0;12140.0;6091.0;16480.0;22550.0;24460.0;26620.0;29490.0;27650.0;23230.0;24800.0;29190.0;26150.0;27510.0;32560.0;39390.0;50390.0;59700.0;62950.0;68180.0;48700.0;53660.0;63200.0
lao;alternative_gdp_per_capita_ppp_pwt_8_0;;;;;;;;;;;;;;;;;;;;;654.5;669.3;673.9;714.2;721.9;755.0;766.4;743.7;746.9;715.7;778.5;883.9;929.8;967.1;922.5;1025.0;1048.0;1013.0;1039.0;1084.0;1128.0;1143.0;1174.0;1212.0;1276.0;1331.0;1404.0;1452.0;1473.0;1614.0;1558.0;1647.0;1695.0;1700.0;1776.0;1804.0;1860.0;2106.0;2135.0;2372.0;2450.0;2624.0
lbn;alternative_gdp_per_capita_ppp_pwt_8_0;;;;;;;;;;;;;;;;;;;;;5189.0;5524.0;6041.0;6150.0;6167.0;4237.0;1764.0;3008.0;3056.0;3427.0;3601.0;3596.0;2261.0;2711.0;3895.0;4833.0;4523.0;5254.0;3771.0;2163.0;2818.0;4005.0;3434.0;3535.0;3704.0;3884.0;3957.0;4343.0;4894.0;5198.0;5471.0;6078.0;6820.0;7497.0;8729.0;9641.0;9547.0;10210.0;11000.0;12960.0;13180.0;13160.0
lbr;alternative_gdp_per_capita_ppp_pwt_8_0;;;;;;;;;;;;;;;1445.0;1394.0;1474.0;1515.0;1585.0;1741.0;1596.0;1646.0;1595.0;1669.0;1650.0;1569.0;1687.0;1579.0;1566.0;1535.0;1378.0;1132.0;1094.0;1031.0;947.4;931.0;907.5;941.5;1004.0;1052.0;539.5;480.0;311.1;210.9;164.2;153.2;153.3;295.7;356.8;411.0;515.9;517.3;527.9;364.9;362.7;367.0;406.2;418.0;428.6;440.8;453.0;474.5
lca;alternative_gdp_per_capita_ppp_pwt_8_0;;;;;;;;;;;;;;;;;;;;;3801.0;3981.0;3999.0;4088.0;4356.0;4174.0;5399.0;6025.0;6611.0;6864.0;6567.0;6250.0;6349.0;6728.0;4568.0;4901.0;5401.0;5557.0;5901.0;5913.0;6145.0;6049.0;6391.0;6421.0;6316.0;6788.0;7321.0;7300.0;7823.0;7832.0;7412.0;6738.0;7130.0;7885.0;8349.0;8212.0;6850.0;8430.0;8718.0;9838.0;9525.0;9198.0
lka;alternative_gdp_per_capita_ppp_pwt_8_0;2371.0;2474.0;2137.0;2170.0;2398.0;2530.0;2248.0;2179.0;2244.0;2297.0;2365.0;2290.0;2380.0;2253.0;2290.0;2309.0;2309.0;2310.0;2438.0;2481.0;2560.0;2531.0;2561.0;2685.0;2641.0;2501.0;2296.0;2195.0;2107.0;1765.0;1623.0;1803.0;1797.0;1851.0;1994.0;2217.0;2351.0;2411.0;2439.0;2507.0;2569.0;2589.0;2775.0;2979.0;3147.0;3308.0;3544.0;3416.0;3475.0;3261.0;3178.0;3085.0;3152.0;3303.0;3294.0;3324.0;3501.0;3678.0;3775.0;4102.0;4382.0;4701.0
lso;alternative_gdp_per_capita_ppp_pwt_8_0;;;;;;;;;;;396.1;391.4;442.8;483.0;512.4;509.0;511.2;554.8;545.3;542.6;536.8;473.9;560.1;681.3;657.5;709.2;715.4;844.5;1018.0;836.7;790.3;783.4;757.7;681.3;678.0;698.7;662.4;741.7;819.1;855.3;862.5;853.1;907.8;953.0;985.8;996.2;1074.0;901.9;961.6;996.0;1020.0;1093.0;1069.0;1069.0;1099.0;1136.0;1191.0;1258.0;1319.0;1315.0;1414.0;1488.0
ltu;alternative_gdp_per_capita_ppp_pwt_8_0;;;;;;;;;;;;;;;;;;;;;;;;;;;;;;;;;;;;;;;;;11570.0;10510.0;8858.0;7459.0;7024.0;7219.0;7784.0;8591.0;9286.0;9571.0;10290.0;11070.0;11880.0;12790.0;13370.0;13890.0;14990.0;16710.0;17580.0;15330.0;16370.0;17200.0
lux;alternative_gdp_per_capita_ppp_pwt_8_0;10300.0;12760.0;14360.0;12420.0;12430.0;13220.0;14660.0;14930.0;14410.0;14450.0;16600.0;16310.0;15680.0;15860.0;17000.0;17150.0;17120.0;17330.0;18350.0;20820.0;22240.0;21120.0;22280.0;25040.0;27390.0;22620.0;23820.0;23100.0;24640.0;25580.0;26440.0;25540.0;25590.0;25320.0;25790.0;26010.0;28710.0;29720.0;32860.0;36290.0;37590.0;40530.0;40410.0;43310.0;45370.0;45710.0;46620.0;47830.0;51050.0;58460.0;62050.0;60700.0;62700.0;64430.0;66410.0;69290.0;75230.0;79230.0;81680.0;74130.0;77720.0;78130.0
lva;alternative_gdp_per_capita_ppp_pwt_8_0;;;;;;;;;;;;;;;;;;;;;;;;;;;;;;;;;;;;;;;;;13020.0;11480.0;8360.0;7934.0;7209.0;6938.0;7061.0;7646.0;8351.0;8922.0;9350.0;9948.0;10740.0;10890.0;11520.0;12170.0;13400.0;15570.0;16070.0;14370.0;14890.0;16010.0
mac;alternative_gdp_per_capita_ppp_pwt_8_0;;;;;;;;;;;;;;;;;;;;;5327.0;5680.0;6115.0;6630.0;7229.0;7885.0;8569.0;9321.0;10130.0;10840.0;11590.0;12310.0;12490.0;13310.0;14110.0;13810.0;14480.0;16550.0;17750.0;18190.0;19840.0;20740.0;24460.0;25460.0;25750.0;26870.0;26160.0;25350.0;23380.0;22910.0;22920.0;23070.0;24800.0;28040.0;34840.0;37210.0;41610.0;46440.0;47140.0;48380.0;59620.0;69470.0
mar;alternative_gdp_per_capita_ppp_pwt_8_0;1182.0;1193.0;1238.0;1243.0;1286.0;1242.0;1229.0;1178.0;1230.0;1228.0;1249.0;1520.0;1681.0;1916.0;1997.0;1920.0;1812.0;1824.0;1904.0;2061.0;1915.0;1976.0;1982.0;2000.0;2160.0;2167.0;2272.0;2268.0;2339.0;2428.0;2364.0;2276.0;2472.0;2568.0;2670.0;2916.0;3169.0;3131.0;3441.0;3379.0;3433.0;3767.0;3701.0;3640.0;4037.0;3949.0;4621.0;4053.0;3932.0;3586.0;3278.0;3255.0;3155.0;3226.0;3155.0;2983.0;3167.0;3242.0;3342.0;3555.0;3577.0;3647.0
mda;alternative_gdp_per_capita_ppp_pwt_8_0;;;;;;;;;;;;;;;;;;;;;;;;;;;;;;;;;;;;;;;;;4730.0;4501.0;2612.0;2615.0;2253.0;2391.0;2233.0;2246.0;1920.0;1675.0;1695.0;1804.0;1996.0;2183.0;2353.0;2535.0;2685.0;2804.0;2963.0;2941.0;3170.0;3393.0
mdg;alternative_gdp_per_capita_ppp_pwt_8_0;;;;;;;;;;;1149.0;1170.0;1202.0;1183.0;1183.0;1137.0;1155.0;1176.0;1250.0;1268.0;1327.0;1332.0;1289.0;1212.0;1153.0;1112.0;1092.0;1077.0;1008.0;1004.0;989.5;942.2;982.5;1041.0;1092.0;1146.0;1130.0;1060.0;1009.0;961.0;925.4;877.2;830.6;830.9;814.5;807.4;822.1;812.3;821.8;823.0;832.2;853.5;741.8;780.8;766.9;756.5;768.0;757.6;780.5;730.6;768.2;759.4
mdv;alternative_gdp_per_capita_ppp_pwt_8_0;;;;;;;;;;;;;;;;;;;;;1108.0;1118.0;1101.0;1081.0;1125.0;1072.0;913.0;1008.0;1167.0;1357.0;2049.0;2254.0;2633.0;2192.0;2421.0;2643.0;2792.0;2939.0;3093.0;3270.0;3654.0;3835.0;3979.0;4132.0;4276.0;4356.0;4829.0;5246.0;5676.0;5753.0;6193.0;6304.0;6661.0;8002.0;7142.0;7013.0;8522.0;9801.0;10320.0;8777.0;9952.0;10340.0
mex;alternative_gdp_per_capita_ppp_pwt_8_0;3900.0;4100.0;4175.0;3949.0;4262.0;4479.0;4633.0;4818.0;4896.0;4882.0;5054.0;5044.0;5086.0;5391.0;5924.0;6057.0;6253.0;6370.0;6705.0;6748.0;6930.0;7046.0;7410.0;7780.0;8034.0;8240.0;8454.0;8506.0;9046.0;9752.0;10650.0;11250.0;10910.0;10080.0;10030.0;9913.0;9040.0;9044.0;8685.0;8801.0;9102.0;9256.0;9444.0;9537.0;9820.0;8875.0;9159.0;9663.0;9945.0;10320.0;10940.0;10880.0;10880.0;11020.0;11460.0;11990.0;12570.0;12910.0;12960.0;11950.0;12400.0;12710.0
mkd;alternative_gdp_per_capita_ppp_pwt_8_0;;;;;;;;;;;;;;;;;;;;;;;;;;;;;;;;;;;;;;;;;5000.0;5029.0;4605.0;4484.0;4582.0;4759.0;4801.0;4802.0;4949.0;5322.0;5613.0;5488.0;5667.0;5784.0;6204.0;6713.0;7092.0;7701.0;7793.0;7718.0;7905.0;8240.0
mli;alternative_gdp_per_capita_ppp_pwt_8_0;;;;;;;;;;;449.6;436.6;424.8;441.3;363.1;381.5;380.4;386.5;428.2;430.1;452.4;453.2;393.8;394.6;369.5;398.9;453.1;468.4;450.6;495.2;465.9;504.0;545.1;525.5;524.2;647.1;698.1;655.3;592.3;635.4;635.4;629.8;674.9;781.3;744.9;815.5;845.0;858.3;882.3;859.2;780.1;862.9;853.3;827.8;826.1;815.4;875.5;882.4;910.5;922.9;941.4;941.1
mlt;alternative_gdp_per_capita_ppp_pwt_8_0;;;;;2635.0;2656.0;2968.0;3074.0;3320.0;3403.0;3623.0;3725.0;3652.0;3666.0;3778.0;3997.0;4438.0;4743.0;5209.0;5757.0;6220.0;5703.0;5193.0;4699.0;4675.0;5575.0;6489.0;6928.0;7654.0;8144.0;8530.0;8873.0;9145.0;8724.0;8639.0;8739.0;9050.0;9370.0;10340.0;10990.0;11490.0;12180.0;12430.0;12640.0;13240.0;13970.0;14150.0;15980.0;17690.0;19030.0;20640.0;20020.0;20740.0;20210.0;19790.0;19920.0;20330.0;21500.0;22440.0;22580.0;23370.0;23990.0
mne;alternative_gdp_per_capita_ppp_pwt_8_0;;;;;;;;;;;;;;;;;;;;;;;;;;;;;;;;;;;;;;;;;10380.0;9140.0;6910.0;4328.0;4358.0;4967.0;6293.0;6881.0;7381.0;6678.0;7990.0;7943.0;6911.0;7204.0;7554.0;7925.0;9138.0;10440.0;11140.0;10880.0;11150.0;11020.0
mng;alternative_gdp_per_capita_ppp_pwt_8_0;;;;;;;;;;;;;;;;;;;;;958.1;974.5;979.6;1035.0;1049.0;1079.0;1089.0;1165.0;1185.0;1204.0;1357.0;1201.0;1392.0;1560.0;1738.0;1695.0;1779.0;1885.0;1942.0;1890.0;2672.0;1909.0;1783.0;1450.0;1552.0;2008.0;1844.0;1901.0;1784.0;1832.0;2014.0;2169.0;2318.0;2508.0;2900.0;3363.0;4067.0;4447.0;4425.0;4105.0;4711.0;5219.0
moz;alternative_gdp_per_capita_ppp_pwt_8_0;;;;;;;;;;;322.7;322.1;341.5;345.3;352.0;351.5;355.3;380.6;397.6;416.4;408.3;429.5;440.9;451.1;467.8;465.5;478.5;465.5;457.2;457.6;469.3;458.4;428.3;361.8;380.9;344.3;358.6;320.4;313.2;339.5;336.1;337.9;288.7;299.4;320.2;305.0;355.1;387.1;421.4;433.4;422.9;454.4;492.1;523.0;554.4;596.3;640.9;680.6;725.3;756.5;779.4;817.7
mrt;alternative_gdp_per_capita_ppp_pwt_8_0;;;;;;;;;;;751.2;731.0;806.4;776.4;1124.0;1319.0;1298.0;1420.0;1611.0;1494.0;1665.0;1632.0;1609.0;1533.0;1650.0;1755.0;1834.0;1757.0;1532.0;1633.0;1593.0;1631.0;1478.0;1467.0;1394.0;1395.0;1406.0;1399.0;1383.0;1390.0;1340.0;1339.0;1339.0;1408.0;1437.0;1362.0;1467.0;1368.0;1367.0;1416.0;1380.0;1368.0;1390.0;1477.0;1515.0;1608.0;2126.0;2076.0;2015.0;2077.0;2393.0;2616.0
mus;alternative_gdp_per_capita_ppp_pwt_8_0;4126.0;4143.0;4169.0;4015.0;3843.0;3929.0;4009.0;4010.0;3712.0;3836.0;3178.0;3627.0;3818.0;4585.0;4725.0;4063.0;4182.0;4165.0;3439.0;3479.0;3806.0;3853.0;4082.0;4148.0;4394.0;4184.0;5183.0;5189.0;5220.0;5216.0;4759.0;4717.0;5028.0;5194.0;5271.0;5517.0;6438.0;7232.0;7396.0;7625.0;8194.0;8661.0;9225.0;9542.0;9986.0;10880.0;11970.0;11260.0;11290.0;10600.0;10490.0;9856.0;9759.0;9383.0;9302.0;8366.0;8723.0;9366.0;9365.0;9485.0;9423.0;9645.0
mwi;alternative_gdp_per_capita_ppp_pwt_8_0;;;;;514.7;538.6;564.5;597.6;595.3;565.2;604.3;603.6;600.7;596.5;580.6;656.6;724.2;721.1;721.0;758.6;774.9;854.6;906.4;846.2;867.4;874.3;866.6;846.0;834.0;766.7;767.3;794.7;819.2;859.7;910.0;970.9;861.6;776.2;695.1;715.1;675.4;720.1;646.8;697.3;765.2;767.2;700.5;731.6;655.2;610.9;588.4;531.5;536.6;535.7;545.7;546.8;616.6;722.7;718.4;763.3;795.2;802.3
mys;alternative_gdp_per_capita_ppp_pwt_8_0;;;;;;2061.0;2013.0;1912.0;1794.0;2096.0;2252.0;2182.0;2217.0;2246.0;2318.0;2472.0;2531.0;2480.0;2488.0;2669.0;2744.0;3226.0;3352.0;4008.0;4350.0;4065.0;4679.0;4932.0;4993.0;5447.0;5700.0;5539.0;5612.0;5811.0;6301.0;5774.0;5052.0;5312.0;5681.0;5923.0;6251.0;6639.0;7010.0;7558.0;8144.0;8887.0;9598.0;9963.0;9006.0;9237.0;9866.0;9295.0;9560.0;9970.0;10570.0;11130.0;11670.0;12230.0;13180.0;12340.0;13010.0;13470.0
nam;alternative_gdp_per_capita_ppp_pwt_8_0;;;;;;;;;;;2982.0;2894.0;3209.0;3369.0;3789.0;3950.0;4096.0;3865.0;3904.0;4048.0;4142.0;4233.0;4185.0;4210.0;4388.0;4354.0;4278.0;4280.0;4223.0;4178.0;4920.0;4200.0;3855.0;3567.0;3445.0;3463.0;3209.0;3807.0;3977.0;3908.0;3720.0;3270.0;3405.0;3080.0;3433.0;3326.0;3514.0;3505.0;3627.0;3605.0;3744.0;3875.0;3958.0;3890.0;4250.0;4376.0;4809.0;4941.0;5141.0;4930.0;5101.0;5146.0
ner;alternative_gdp_per_capita_ppp_pwt_8_0;;;;;;;;;;;995.4;1035.0;1137.0;1248.0;1180.0;1185.0;1137.0;1129.0;1128.0;985.1;1030.0;1028.0;986.0;850.3;910.2;757.0;784.0;841.5;849.7;993.3;1022.0;901.8;895.2;851.0;619.0;679.8;665.3;634.7;634.1;600.7;609.3;596.1;568.6;539.8;546.0;560.1;547.6;533.2;572.7;550.7;514.1;540.4;549.4;547.4;519.3;527.7;534.7;531.1;530.0;506.5;527.1;522.6
nga;alternative_gdp_per_capita_ppp_pwt_8_0;1057.0;1108.0;1205.0;1191.0;1266.0;1280.0;1214.0;1230.0;1294.0;1391.0;1573.0;1494.0;1489.0;1560.0;1608.0;1600.0;1443.0;1225.0;1247.0;1571.0;1716.0;1943.0;2058.0;1962.0;2215.0;2045.0;2174.0;2344.0;2177.0;1979.0;1857.0;1790.0;1641.0;1486.0;1426.0;1541.0;782.5;525.9;439.9;449.6;407.4;365.3;330.6;278.9;229.7;225.9;229.7;239.2;226.0;282.8;416.8;499.4;591.4;803.7;1134.0;1541.0;1574.0;1914.0;1896.0;1969.0;2089.0;2339.0
nld;alternative_gdp_per_capita_ppp_pwt_8_0;6447.0;6543.0;7109.0;7598.0;7766.0;8466.0;8699.0;8770.0;8802.0;9153.0;9615.0;9811.0;10210.0;10530.0;11170.0;11860.0;12140.0;12760.0;13690.0;14210.0;14860.0;15470.0;16010.0;17040.0;17580.0;17700.0;18450.0;18720.0;19130.0;19190.0;19660.0;19090.0;18520.0;18430.0;18810.0;18800.0;19340.0;19340.0;20090.0;21080.0;22010.0;22610.0;22940.0;23150.0;23940.0;24830.0;25840.0;27840.0;29800.0;31630.0;33800.0;34500.0;34770.0;33090.0;33420.0;33870.0;35230.0;37330.0;38330.0;36400.0;37640.0;38050.0
nor;alternative_gdp_per_capita_ppp_pwt_8_0;7809.0;8302.0;8509.0;8690.0;8886.0;9199.0;9617.0;9896.0;9631.0;9844.0;10130.0;10690.0;10910.0;11180.0;11850.0;12450.0;12840.0;13670.0;14110.0;14430.0;14900.0;15610.0;16040.0;16880.0;17260.0;17520.0;18120.0;18600.0;19100.0;20170.0;21730.0;21950.0;21580.0;21780.0;22930.0;23530.0;22930.0;22880.0;22480.0;22910.0;23360.0;23850.0;24030.0;24770.0;25700.0;26910.0;29230.0;31740.0;31790.0;33840.0;38910.0;38850.0;37910.0;38130.0;41480.0;44550.0;48220.0;50040.0;53100.0;47810.0;50180.0;52410.0
npl;alternative_gdp_per_capita_ppp_pwt_8_0;;;;;;;;;;;690.2;683.7;689.8;687.3;738.1;713.5;748.6;719.8;707.9;731.0;754.2;723.0;729.8;704.5;733.4;713.7;725.8;727.4;739.4;757.8;692.4;738.6;769.4;743.0;788.2;778.2;835.0;832.6;876.1;918.7;919.4;962.7;959.3;1011.0;1116.0;1129.0;1193.0;1148.0;1067.0;1030.0;1036.0;1096.0;1034.0;1007.0;1009.0;988.1;987.6;1003.0;1049.0;1087.0;1166.0;1185.0
nzl;alternative_gdp_per_capita_ppp_pwt_8_0;10840.0;9924.0;9424.0;9780.0;10530.0;10730.0;10650.0;10770.0;10500.0;11140.0;12180.0;12530.0;12670.0;13470.0;13900.0;14410.0;15010.0;13830.0;13560.0;14870.0;14160.0;14530.0;15390.0;16670.0;16110.0;15080.0;15600.0;15070.0;15160.0;15240.0;14970.0;15520.0;15280.0;15970.0;16390.0;16310.0;17280.0;17950.0;18600.0;18910.0;18690.0;18210.0;18390.0;19610.0;20630.0;21510.0;22000.0;22550.0;22850.0;24060.0;24230.0;24790.0;25210.0;25620.0;25730.0;25520.0;25790.0;27200.0;26510.0;26130.0;26590.0;26670.0
omn;alternative_gdp_per_capita_ppp_pwt_8_0;;;;;;;;;;;;;;;;;;;;;4030.0;3892.0;4067.0;3310.0;4063.0;5079.0;5802.0;6418.0;7126.0;7014.0;10110.0;11250.0;11210.0;10920.0;11480.0;12330.0;8962.0;8846.0;7741.0;8114.0;9304.0;8729.0;9055.0;8898.0;8672.0;9105.0;9898.0;10240.0;9224.0;10320.0;12690.0;12890.0;13680.0;15210.0;17600.0;20430.0;22050.0;23440.0;29990.0;24360.0;29470.0;31050.0
pak;alternative_gdp_per_capita_ppp_pwt_8_0;1086.0;1058.0;1003.0;1008.0;997.0;949.1;981.8;964.9;943.0;987.4;964.6;978.6;1009.0;1045.0;1090.0;1158.0;1268.0;1254.0;1295.0;1363.0;1453.0;1446.0;1450.0;1488.0;1482.0;1454.0;1505.0;1505.0;1553.0;1572.0;1613.0;1643.0;1653.0;1703.0;1752.0;1802.0;1819.0;1887.0;1955.0;1980.0;1974.0;1965.0;2026.0;2020.0;2029.0;2103.0;2159.0;2069.0;2113.0;2074.0;2053.0;2004.0;2028.0;2039.0;2128.0;2209.0;2282.0;2345.0;2327.0;2349.0;2430.0;2473.0
pan;alternative_gdp_per_capita_ppp_pwt_8_0;1980.0;1853.0;1977.0;2045.0;2146.0;2261.0;2267.0;2427.0;2407.0;2450.0;2514.0;2728.0;2892.0;3055.0;3129.0;3337.0;3478.0;3709.0;3857.0;4100.0;4630.0;5027.0;5189.0;5262.0;5091.0;4997.0;4920.0;4753.0;5171.0;5118.0;5662.0;5894.0;5878.0;5952.0;5819.0;5854.0;6169.0;6397.0;5648.0;5509.0;5661.0;6166.0;6606.0;6866.0;6905.0;6726.0;6957.0;7439.0;7801.0;7807.0;7820.0;7861.0;7990.0;8494.0;8614.0;9310.0;9735.0;10330.0;10840.0;10930.0;11340.0;12150.0
per;alternative_gdp_per_capita_ppp_pwt_8_0;1929.0;2053.0;2037.0;2060.0;2183.0;2213.0;2233.0;2323.0;2197.0;2228.0;2416.0;2486.0;2631.0;2711.0;2886.0;2933.0;3094.0;3153.0;3134.0;3220.0;3357.0;3354.0;3326.0;3508.0;3639.0;3539.0;3536.0;3492.0;3370.0;3666.0;3677.0;3679.0;3727.0;3304.0;3425.0;3477.0;3688.0;4056.0;3807.0;3139.0;3123.0;3187.0;3201.0;3349.0;3870.0;4291.0;4459.0;4665.0;4493.0;4417.0;4484.0;4436.0;4657.0;4887.0;5266.0;5746.0;6480.0;7048.0;7475.0;7396.0;8277.0;8924.0
phl;alternative_gdp_per_capita_ppp_pwt_8_0;1278.0;1272.0;1299.0;1443.0;1500.0;1568.0;1582.0;1629.0;1630.0;1729.0;1708.0;1714.0;1772.0;1830.0;1799.0;1832.0;1867.0;1867.0;1939.0;1999.0;2076.0;2127.0;2159.0;2344.0;2339.0;2395.0;2482.0;2533.0;2603.0;2615.0;2757.0;2800.0;2821.0;2774.0;2575.0;2396.0;2474.0;2628.0;2828.0;2962.0;3090.0;3141.0;3210.0;3293.0;3574.0;3872.0;4164.0;3886.0;3564.0;3419.0;3340.0;3176.0;3103.0;3064.0;3050.0;2984.0;3058.0;3174.0;3252.0;3267.0;3451.0;3521.0
pol;alternative_gdp_per_capita_ppp_pwt_8_0;;;;;;;;;;;;;;;;;;;;;4617.0;4916.0;5105.0;5276.0;5603.0;5862.0;5985.0;6108.0;6130.0;6066.0;5353.0;4996.0;4998.0;5357.0;5822.0;6289.0;6634.0;6978.0;7468.0;7927.0;7114.0;6748.0;7221.0;7801.0;8476.0;9379.0;9839.0;10480.0;11080.0;11590.0;11970.0;12280.0;12660.0;12550.0;13210.0;13440.0;14150.0;15540.0;16170.0;16930.0;17910.0;18430.0
prt;alternative_gdp_per_capita_ppp_pwt_8_0;2385.0;2610.0;2690.0;2849.0;2984.0;3062.0;3197.0;3283.0;3283.0;3454.0;3657.0;3868.0;4168.0;4407.0;4509.0;4795.0;4919.0;5259.0;6141.0;6418.0;6807.0;7312.0;7858.0;8591.0;8387.0;7782.0;8104.0;8417.0;8561.0;8816.0;8935.0;8660.0;8708.0;8556.0;8252.0;8535.0;9436.0;10160.0;11060.0;11840.0;12760.0;13340.0;13940.0;13910.0;14730.0;15380.0;15870.0;17000.0;18100.0;19260.0;19820.0;20150.0;20290.0;20070.0;20300.0;20870.0;21570.0;22550.0;22550.0;22480.0;23030.0;22290.0
pry;alternative_gdp_per_capita_ppp_pwt_8_0;;1459.0;1397.0;1315.0;1381.0;1458.0;1443.0;1402.0;1456.0;1441.0;1426.0;1468.0;1464.0;1498.0;1532.0;1592.0;1581.0;1649.0;1677.0;1725.0;1815.0;1877.0;1965.0;2068.0;2132.0;2142.0;2313.0;2580.0;2747.0;2670.0;3021.0;3305.0;3188.0;3013.0;3006.0;3026.0;2915.0;2942.0;3116.0;3240.0;3255.0;3274.0;3301.0;3372.0;3467.0;3544.0;3582.0;3602.0;3593.0;3414.0;3156.0;3207.0;3219.0;3464.0;3658.0;3515.0;3574.0;3779.0;3976.0;3854.0;4231.0;4351.0
qat;alternative_gdp_per_capita_ppp_pwt_8_0;;;;;;;;;;;;;;;;;;;;;79690.0;80450.0;81910.0;82910.0;81920.0;81690.0;81900.0;74050.0;77250.0;74970.0;67080.0;64930.0;47060.0;34850.0;33470.0;28650.0;20810.0;21260.0;20750.0;22470.0;23780.0;21490.0;22430.0;20590.0;20500.0;21880.0;22450.0;27430.0;25150.0;30330.0;44400.0;46750.0;47190.0;68590.0;78600.0;90720.0;106400.0;107800.0;116400.0;91580.0;106500.0;124700.0
rou;alternative_gdp_per_capita_ppp_pwt_8_0;;;;;;;;;;;1276.0;1392.0;1516.0;1631.0;1720.0;1880.0;1969.0;2170.0;2272.0;2396.0;2526.0;2826.0;3104.0;3379.0;3730.0;4054.0;4570.0;4834.0;5142.0;5525.0;5586.0;5508.0;5757.0;5968.0;6222.0;6332.0;6505.0;6556.0;6689.0;6303.0;6057.0;5572.0;5099.0;5391.0;5775.0;6051.0;6121.0;6072.0;6205.0;6485.0;6633.0;7238.0;7579.0;7881.0;7351.0;8835.0;10080.0;11540.0;13130.0;13020.0;13230.0;13570.0
rus;alternative_gdp_per_capita_ppp_pwt_8_0;;;;;;;;;;;;;;;;;;;;;;;;;;;;;;;;;;;;;;;;;17920.0;18330.0;16820.0;13840.0;11530.0;10790.0;8235.0;7903.0;7484.0;7962.0;9256.0;8928.0;9151.0;9866.0;11030.0;12320.0;14250.0;16400.0;18530.0;16170.0;17250.0;18680.0
rwa;alternative_gdp_per_capita_ppp_pwt_8_0;;;;;;;;;;;939.6;893.9;981.7;858.2;746.5;768.3;799.1;839.1;869.7;937.6;971.2;950.1;957.1;965.6;951.1;929.9;1056.0;1088.0;1054.0;1165.0;1104.0;1232.0;1166.0;1205.0;1133.0;1148.0;1160.0;1065.0;1042.0;1099.0;1069.0;995.0;1125.0;1104.0;522.5;661.5;736.5;793.8;776.0;727.7;677.0;692.1;756.9;756.0;816.9;878.2;963.4;1005.0;1036.0;1086.0;1135.0;1201.0
sau;alternative_gdp_per_capita_ppp_pwt_8_0;;;;;;;;;;;;;;;;;;;;;13670.0;16070.0;18090.0;19400.0;30500.0;23220.0;27370.0;26410.0;24220.0;23720.0;24640.0;22920.0;18870.0;16850.0;15160.0;12320.0;11940.0;10880.0;10860.0;10920.0;12070.0;12220.0;12940.0;12720.0;11900.0;11620.0;12320.0;12650.0;11430.0;12760.0;14520.0;13460.0;13920.0;15090.0;16730.0;19810.0;20960.0;21530.0;24650.0;18060.0;20750.0;25560.0
sdn;alternative_gdp_per_capita_ppp_pwt_8_0;;;;;;;;;;;;;;;;;;;;;1010.0;1034.0;905.8;811.4;926.4;1083.0;1236.0;1352.0;1228.0;1081.0;1085.0;1148.0;1257.0;1109.0;1082.0;1069.0;1135.0;1138.0;1166.0;1106.0;1147.0;1169.0;1114.0;1086.0;1115.0;1091.0;1093.0;1111.0;1125.0;1283.0;1399.0;1394.0;1414.0;1529.0;1641.0;1826.0;2104.0;2101.0;2020.0;2169.0;2317.0;2374.0
sen;alternative_gdp_per_capita_ppp_pwt_8_0;;;;;;;;;;;2052.0;2052.0;1991.0;1982.0;1987.0;1914.0;1924.0;1863.0;1746.0;1511.0;1634.0;1577.0;1584.0;1446.0;1552.0;1575.0;1632.0;1614.0;1543.0;1611.0;1489.0;1476.0;1675.0;1738.0;1801.0;1939.0;1998.0;1981.0;1984.0;1905.0;1889.0;1815.0;1787.0;1688.0;1670.0;1634.0;1686.0;1619.0;1604.0;1605.0;1543.0;1526.0;1440.0;1458.0;1434.0;1448.0;1431.0;1467.0;1418.0;1476.0;1469.0;1412.0
sgp;alternative_gdp_per_capita_ppp_pwt_8_0;;;;;;;;;;;2413.0;2496.0;2650.0;2920.0;2762.0;2957.0;3259.0;3648.0;4123.0;4699.0;5262.0;5871.0;6540.0;7092.0;7566.0;7637.0;8070.0;8444.0;9225.0;10070.0;11150.0;11950.0;12880.0;14000.0;14720.0;13880.0;13600.0;14450.0;15400.0;16640.0;18330.0;19320.0;19990.0;21730.0;23200.0;24960.0;26250.0;28890.0;27660.0;29050.0;34040.0;32840.0;34460.0;35230.0;41650.0;45750.0;48590.0;51870.0;48780.0;45340.0;50670.0;51640.0
sle;alternative_gdp_per_capita_ppp_pwt_8_0;;;;;;;;;;;;822.2;852.1;892.2;1044.0;1047.0;1021.0;914.5;970.8;1007.0;1183.0;1180.0;1204.0;1224.0;1229.0;1200.0;1155.0;1139.0;1153.0;1155.0;1109.0;1147.0;1181.0;1136.0;1160.0;1152.0;1158.0;1217.0;1244.0;1298.0;1408.0;1426.0;1350.0;1506.0;1690.0;1597.0;1339.0;1128.0;942.8;657.4;717.2;777.3;842.2;812.0;774.6;730.8;743.1;756.7;777.8;801.2;843.1;867.0
slv;alternative_gdp_per_capita_ppp_pwt_8_0;599.5;618.6;638.1;665.0;686.1;691.8;700.0;733.7;682.6;668.6;655.3;652.5;697.5;698.1;735.3;764.6;785.1;801.6;777.8;774.8;816.9;803.6;834.8;872.6;841.3;854.4;970.0;1117.0;1029.0;1014.0;905.1;777.5;721.9;713.0;722.3;732.8;761.7;738.8;753.4;740.4;706.5;720.0;747.2;798.1;842.8;905.6;917.8;949.9;975.5;992.2;994.4;1018.0;1033.0;1039.0;1042.0;1070.0;1101.0;1133.0;1131.0;1103.0;1108.0;1117.0
srb;alternative_gdp_per_capita_ppp_pwt_8_0;;;;;;;;;;;;;;;;;;;;;;;;;;;;;;;;;;;;;;;;;6847.0;6290.0;4517.0;3140.0;3216.0;3401.0;6116.0;6725.0;6884.0;6178.0;6473.0;6712.0;6963.0;7018.0;7377.0;7684.0;8313.0;8933.0;9811.0;9507.0;9427.0;9575.0
stp;alternative_gdp_per_capita_ppp_pwt_8_0;;;;;;;;;;;;;;;;;;;;;1313.0;1354.0;1369.0;1407.0;1460.0;1525.0;1515.0;1783.0;1856.0;2109.0;1653.0;1452.0;1471.0;1374.0;1335.0;1327.0;1233.0;1158.0;1095.0;1253.0;1218.0;1181.0;1146.0;1127.0;1103.0;1070.0;1100.0;1082.0;1151.0;1116.0;1167.0;1247.0;1252.0;1313.0;1358.0;1368.0;1523.0;1536.0;1650.0;1705.0;1744.0;1852.0
sur;alternative_gdp_per_capita_ppp_pwt_8_0;;;;;;;;;;;;;;;;;;;;;4156.0;4401.0;4563.0;4841.0;4423.0;4844.0;5050.0;5731.0;6091.0;5938.0;5383.0;5680.0;5452.0;5477.0;5318.0;5853.0;5431.0;4794.0;5381.0;5453.0;5444.0;5425.0;5405.0;4848.0;4605.0;4140.0;5025.0;5315.0;5557.0;4116.0;4866.0;4932.0;5039.0;5535.0;5646.0;5664.0;5793.0;5778.0;6100.0;6028.0;6581.0;6700.0
svk;alternative_gdp_per_capita_ppp_pwt_8_0;;;;;;;;;;;;;;;;;;;;;;;;;;;;;;;;;;;;;;;;;14880.0;11780.0;10950.0;11030.0;11580.0;12150.0;12370.0;12580.0;12620.0;12280.0;12800.0;13390.0;14040.0;14370.0;14900.0;15650.0;17080.0;19360.0;20870.0;20250.0;21020.0;21470.0
svn;alternative_gdp_per_capita_ppp_pwt_8_0;;;;;;;;;;;;;;;;;;;;;;;;;;;;;;;;;;;;;;;;;18040.0;15720.0;14780.0;15640.0;16660.0;17610.0;18320.0;18710.0;18970.0;19610.0;20050.0;20540.0;21310.0;21360.0;22620.0;23010.0;24020.0;25570.0;26510.0;24940.0;24940.0;24360.0
swe;alternative_gdp_per_capita_ppp_pwt_8_0;8502.0;8998.0;8902.0;9109.0;9558.0;9834.0;10100.0;10250.0;10450.0;10970.0;11380.0;11960.0;12320.0;12860.0;13620.0;14020.0;14150.0;14500.0;14930.0;15580.0;16520.0;16480.0;16760.0;17310.0;17490.0;18250.0;18340.0;17630.0;17580.0;18200.0;18390.0;18170.0;18200.0;18500.0;19490.0;19910.0;20910.0;21710.0;22520.0;23420.0;23640.0;23370.0;23070.0;22330.0;23610.0;25110.0;25480.0;26670.0;28190.0;30150.0;31800.0;31450.0;31540.0;31560.0;32450.0;31230.0;32880.0;35200.0;35230.0;32950.0;35120.0;36100.0
swz;alternative_gdp_per_capita_ppp_pwt_8_0;;;;;;;;;;;;;;;;;;;;;1505.0;1898.0;2121.0;1832.0;2252.0;2727.0;2652.0;2529.0;2271.0;2386.0;2755.0;2827.0;2812.0;2943.0;2861.0;2824.0;3328.0;3571.0;3559.0;3579.0;4062.0;4224.0;4420.0;4878.0;5021.0;5746.0;6145.0;5637.0;5220.0;4820.0;4519.0;4357.0;4242.0;1489.0;1441.0;3773.0;3825.0;3502.0;3952.0;4043.0;3958.0;4239.0
syr;alternative_gdp_per_capita_ppp_pwt_8_0;;;;;;;;;;;1692.0;1781.0;2143.0;1679.0;2322.0;2269.0;1968.0;2192.0;2215.0;2626.0;2743.0;2942.0;3512.0;3091.0;3827.0;4259.0;3649.0;3032.0;2800.0;2520.0;2394.0;2237.0;2073.0;1836.0;1651.0;1592.0;1384.0;1249.0;1277.0;1144.0;1051.0;943.2;945.9;878.5;824.9;858.9;842.8;932.5;1043.0;1079.0;1271.0;1395.0;1660.0;1946.0;2579.0;3768.0;3566.0;3679.0;3855.0;3818.0;4050.0;3919.0
tcd;alternative_gdp_per_capita_ppp_pwt_8_0;;;;;;;;;;;1028.0;1037.0;1120.0;1058.0;1024.0;1047.0;1033.0;1046.0;1036.0;1105.0;1123.0;1125.0;1013.0;913.6;1014.0;1110.0;1096.0;1048.0;1020.0;789.5;723.5;707.7;747.9;822.9;797.6;1086.0;838.4;767.4;1043.0;981.8;989.6;1127.0;942.9;917.1;943.1;941.4;820.9;810.3;829.4;837.2;784.1;820.0;836.5;982.9;1471.0;1720.0;1924.0;1843.0;1889.0;1696.0;1970.0;1851.0
tgo;alternative_gdp_per_capita_ppp_pwt_8_0;;;;;;;;;;;675.8;721.6;713.3;746.3;820.1;897.2;997.8;1029.0;1061.0;1130.0;1082.0;1103.0;1089.0;1042.0;1327.0;1074.0;1051.0;1215.0;1274.0;1260.0;1215.0;1059.0;1048.0;963.1;963.4;942.0;942.4;837.5;904.5;918.2;959.8;950.6;898.5;737.7;822.6;857.2;894.5;951.5;827.2;860.7;814.5;800.3;831.1;806.4;801.9;788.1;861.6;905.5;812.7;870.2;895.2;946.7
tha;alternative_gdp_per_capita_ppp_pwt_8_0;946.7;916.3;871.3;790.4;826.4;766.8;778.9;846.1;844.2;909.5;986.2;1022.0;1035.0;1069.0;1132.0;1217.0;1347.0;1359.0;1407.0;1505.0;1982.0;1999.0;2050.0;2223.0;2200.0;2213.0;2382.0;2545.0;2743.0;2822.0;2840.0;2922.0;2997.0;3075.0;3232.0;3307.0;3358.0;3537.0;3827.0;4107.0;4392.0;4709.0;5245.0;5710.0;6285.0;7016.0;7671.0;7071.0;6233.0;6156.0;6184.0;6135.0;6462.0;6827.0;7167.0;7345.0;7655.0;8031.0;8000.0;7982.0;8628.0;8491.0
tjk;alternative_gdp_per_capita_ppp_pwt_8_0;;;;;;;;;;;;;;;;;;;;;;;;;;;;;;;;;;;;;;;;;5694.0;5509.0;2825.0;2587.0;1917.0;1813.0;1357.0;1660.0;1482.0;1326.0;1356.0;1460.0;1602.0;1779.0;1940.0;1966.0;2076.0;2169.0;2205.0;2308.0;2541.0;2437.0
tkm;alternative_gdp_per_capita_ppp_pwt_8_0;;;;;;;;;;;;;;;;;;;;;;;;;;;;;;;;;;;;;;;;;9202.0;8460.0;7037.0;7778.0;5338.0;4932.0;5054.0;4769.0;5218.0;5632.0;7063.0;6481.0;6628.0;6684.0;6966.0;8495.0;9422.0;9792.0;9462.0;10150.0;11450.0;12530.0
tto;alternative_gdp_per_capita_ppp_pwt_8_0;3624.0;3912.0;3929.0;4328.0;4482.0;4795.0;5359.0;5889.0;6137.0;6338.0;6422.0;7380.0;7058.0;7881.0;8019.0;7208.0;8274.0;8941.0;9283.0;9599.0;9203.0;8848.0;9620.0;10510.0;14150.0;14530.0;16090.0;16620.0;17120.0;19020.0;21270.0;20500.0;18730.0;16200.0;15090.0;14820.0;12370.0;11070.0;10410.0;9760.0;10290.0;9692.0;8960.0;8422.0;8643.0;8637.0;8445.0;8480.0;8239.0;9306.0;10880.0;10050.0;10240.0;12220.0;14140.0;14390.0;17070.0;19020.0;21180.0;18300.0;18560.0;20200.0
tun;alternative_gdp_per_capita_ppp_pwt_8_0;;;;;;;;;;;1381.0;1473.0;1466.0;1577.0;1561.0;1584.0;1616.0;1584.0;1690.0;1715.0;2200.0;2346.0;2712.0;2683.0;2959.0;3032.0;3080.0;3154.0;3275.0;3467.0;3719.0;3864.0;3856.0;4018.0;4116.0;4301.0;4140.0;4327.0;4424.0;4484.0;4713.0;4952.0;5356.0;5620.0;6099.0;6513.0;7435.0;6979.0;6675.0;6566.0;6306.0;6226.0;5951.0;5942.0;5960.0;5874.0;6156.0;6409.0;6642.0;6689.0;6830.0;6632.0
tur;alternative_gdp_per_capita_ppp_pwt_8_0;2683.0;3197.0;3419.0;3759.0;3352.0;3575.0;3543.0;4245.0;4506.0;4173.0;4055.0;4014.0;4147.0;4432.0;4522.0;4529.0;5035.0;5129.0;5360.0;5506.0;5732.0;5751.0;6108.0;6323.0;6787.0;7116.0;7760.0;7521.0;7126.0;6920.0;6637.0;7219.0;7052.0;7229.0;7450.0;7757.0;8087.0;8758.0;8815.0;8543.0;9021.0;8647.0;8875.0;9537.0;8821.0;9199.0;10080.0;10360.0;10070.0;9512.0;10260.0;9801.0;9650.0;9173.0;10290.0;10970.0;11960.0;12690.0;13260.0;12760.0;13840.0;14440.0
twn;alternative_gdp_per_capita_ppp_pwt_8_0;;1277.0;1405.0;1503.0;1557.0;1612.0;1612.0;1680.0;1732.0;1793.0;1881.0;1944.0;2057.0;2268.0;2496.0;2617.0;2811.0;3039.0;3270.0;3497.0;3770.0;4218.0;4783.0;5229.0;4945.0;5173.0;5983.0;6538.0;7250.0;7594.0;7782.0;8167.0;8414.0;9141.0;9945.0;10210.0;11730.0;12800.0;13050.0;14140.0;14860.0;16000.0;16880.0;17890.0;18980.0;19860.0;21000.0;22270.0;23190.0;23900.0;24880.0;23940.0;24920.0;25340.0;26210.0;26790.0;27400.0;28200.0;26570.0;26550.0;28430.0;28410.0
tza;alternative_gdp_per_capita_ppp_pwt_8_0;;;;;;;;;;;898.5;893.3;956.1;1014.0;1129.0;1087.0;1134.0;1153.0;1196.0;1216.0;1287.0;1302.0;1340.0;1385.0;1385.0;1440.0;1520.0;1433.0;1428.0;1415.0;1322.0;1090.0;1096.0;1113.0;1182.0;1322.0;880.4;663.4;876.7;809.3;836.3;802.3;720.0;685.5;637.6;641.5;660.1;687.7;717.8;733.3;749.6;779.6;831.2;864.1;890.9;948.1;975.9;998.4;1072.0;1113.0;1199.0;1269.0
uga;alternative_gdp_per_capita_ppp_pwt_8_0;895.8;1059.0;1060.0;847.5;883.5;861.6;861.2;917.5;864.9;857.0;843.8;796.0;832.5;878.5;963.7;901.4;935.0;942.6;959.3;1008.0;985.3;926.3;960.3;937.7;878.4;828.9;838.6;821.6;746.4;621.6;573.1;552.5;623.7;677.9;659.4;614.6;604.4;625.9;621.8;620.1;625.4;616.9;623.6;635.7;807.0;793.9;778.6;795.9;842.2;851.5;851.3;884.5;908.0;916.6;940.5;994.8;1023.0;1054.0;1078.0;1163.0;1175.0;1187.0
ukr;alternative_gdp_per_capita_ppp_pwt_8_0;;;;;;;;;;;;;;;;;;;;;;;;;;;;;;;;;;;;;;;;;9272.0;8674.0;7974.0;6470.0;5388.0;4693.0;4290.0;3966.0;3820.0;3795.0;3877.0;4095.0;4326.0;4761.0;5500.0;5975.0;6595.0;7503.0;8083.0;6931.0;7379.0;8176.0
ury;alternative_gdp_per_capita_ppp_pwt_8_0;5644.0;6776.0;6084.0;6243.0;7025.0;7083.0;6886.0;7090.0;6458.0;6165.0;6411.0;6419.0;6467.0;6208.0;6411.0;6271.0;6496.0;6184.0;6219.0;6598.0;7049.0;7078.0;6911.0;7174.0;6996.0;7161.0;7267.0;7097.0;7466.0;8038.0;8476.0;8593.0;7683.0;6904.0;6753.0;6708.0;7542.0;8228.0;8194.0;8218.0;8035.0;8355.0;9284.0;9630.0;10460.0;10330.0;10910.0;10860.0;10950.0;10230.0;9591.0;9043.0;8186.0;8081.0;8348.0;8639.0;8944.0;9575.0;10340.0;10670.0;11900.0;12630.0
usa;alternative_gdp_per_capita_ppp_pwt_8_0;12800.0;13390.0;13620.0;14030.0;13740.0;14550.0;14600.0;14640.0;14280.0;15070.0;15220.0;15320.0;16030.0;16490.0;17240.0;18180.0;19140.0;19410.0;20190.0;20670.0;20490.0;21050.0;22060.0;23180.0;22540.0;22240.0;23320.0;24150.0;25300.0;25740.0;25020.0;25480.0;24720.0;25720.0;27530.0;28380.0;28980.0;29500.0;30400.0;31190.0;31340.0;30980.0;31800.0;32540.0;33680.0;34210.0;35230.0;36570.0;37980.0;39380.0;40490.0;40520.0;40820.0;41400.0;42450.0;43210.0;43950.0;44370.0;43240.0;41730.0;42290.0;42650.0
uzb;alternative_gdp_per_capita_ppp_pwt_8_0;;;;;;;;;;;;;;;;;;;;;;;;;;;;;;;;;;;;;;;;;4219.0;4020.0;3199.0;3785.0;3207.0;3165.0;3136.0;3207.0;3266.0;3430.0;3357.0;3447.0;3542.0;3744.0;3883.0;4137.0;4522.0;4660.0;5051.0;5337.0;5762.0;6209.0
vct;alternative_gdp_per_capita_ppp_pwt_8_0;;;;;;;;;;;;;;;;;;;;;2806.0;2872.0;3486.0;3181.0;2869.0;2339.0;3094.0;2851.0;3261.0;3253.0;3245.0;3506.0;3686.0;3865.0;4079.0;4219.0;4456.0;4459.0;5222.0;5126.0;5038.0;5530.0;6339.0;6082.0;5885.0;6169.0;6305.0;6416.0;6233.0;6601.0;7037.0;6907.0;7060.0;6889.0;7320.0;7425.0;7988.0;8316.0;8417.0;8529.0;8420.0;8092.0
ven;alternative_gdp_per_capita_ppp_pwt_8_0;5793.0;6131.0;6606.0;6673.0;7108.0;7321.0;7504.0;8269.0;8081.0;8038.0;7224.0;7103.0;7147.0;7398.0;7806.0;7732.0;7518.0;7484.0;7970.0;8061.0;8745.0;8808.0;8768.0;9017.0;9701.0;8721.0;9025.0;9037.0;8528.0;9233.0;9397.0;9150.0;8144.0;8296.0;8319.0;7885.0;7093.0;7269.0;7104.0;7126.0;7721.0;7442.0;7346.0;6931.0;6660.0;6622.0;6662.0;6285.0;5594.0;5466.0;6170.0;6052.0;5712.0;5475.0;6958.0;8545.0;9471.0;10130.0;10900.0;8805.0;9887.0;10340.0
vnm;alternative_gdp_per_capita_ppp_pwt_8_0;;;;;;;;;;;;;;;;;;;;;700.1;710.7;709.0;684.4;687.1;694.8;758.8;848.8;851.7;894.8;847.5;879.0;929.9;972.9;1032.0;1065.0;1074.0;1082.0;1111.0;1132.0;1181.0;1267.0;1342.0;1387.0;1437.0;1528.0;1620.0;1680.0;1710.0;1735.0;1764.0;1821.0;1887.0;1948.0;2096.0;2284.0;2454.0;2623.0;2816.0;2966.0;3214.0;3448.0
yem;alternative_gdp_per_capita_ppp_pwt_8_0;;;;;;;;;;;;;;;;;;;;;;;;;;;;;;;;;;;;;;;;531.0;617.1;574.4;563.6;552.8;545.8;593.3;690.1;749.3;813.7;878.6;947.3;1055.0;1182.0;1379.0;1745.0;2541.0;2569.0;2485.0;2489.0;2298.0;2502.0;2048.0
zaf;alternative_gdp_per_capita_ppp_pwt_8_0;3533.0;3582.0;3175.0;3492.0;3723.0;3779.0;3907.0;4039.0;3926.0;3856.0;3949.0;3984.0;3999.0;4213.0;4422.0;4535.0;4598.0;4876.0;4929.0;5172.0;5312.0;5269.0;5304.0;5956.0;6211.0;5953.0;5686.0;5514.0;5630.0;5833.0;6597.0;6422.0;6124.0;6112.0;6109.0;5874.0;5581.0;5655.0;5734.0;5726.0;5520.0;5372.0;5171.0;5203.0;5320.0;5525.0;5641.0;5679.0;5667.0;5710.0;5914.0;6041.0;6228.0;6337.0;6620.0;6921.0;7308.0;7703.0;7830.0;7686.0;8062.0;8457.0
zmb;alternative_gdp_per_capita_ppp_pwt_8_0;;;;;;3089.0;3191.0;2629.0;2356.0;2946.0;3039.0;2868.0;2736.0;2828.0;3231.0;3270.0;4032.0;4326.0;4413.0;4986.0;3874.0;3094.0;3194.0;3168.0;2898.0;2221.0;2313.0;1912.0;1556.0;1652.0;1459.0;1486.0;1368.0;1424.0;1650.0;1850.0;1621.0;1662.0;1549.0;1179.0;1285.0;1177.0;940.2;803.8;746.2;946.7;901.7;974.9;903.0;839.4;946.4;1107.0;1106.0;1089.0;1081.0;1105.0;1253.0;1685.0;1677.0;1715.0;2058.0;2052.0
zwe;alternative_gdp_per_capita_ppp_pwt_8_0;;;;;1456.0;1456.0;1538.0;1645.0;1594.0;1755.0;1805.0;1850.0;1781.0;1767.0;1669.0;1780.0;1651.0;1627.0;1472.0;1797.0;2128.0;2245.0;2435.0;2460.0;2608.0;2454.0;2387.0;2074.0;2224.0;2257.0;2303.0;2703.0;2747.0;3086.0;2839.0;3000.0;3011.0;2923.0;3333.0;3638.0;3769.0;4294.0;3748.0;3833.0;4196.0;3917.0;4401.0;4437.0;4514.0;4662.0;4415.0;4553.0;4010.0;3704.0;3636.0;3257.0;3151.0;3659.0;2874.0;3952.0;4077.0;4348.0
