geo;indicator;1980;1981;1982;1983;1984;1985;1986;1987;1988;1989;1990;1991;1992;1993;1994;1995;1996;1997;1998;1999;2000;2001;2002;2003;2004;2005;2006;2007;2008
afg;cholesterol_fat_in_blood_men_mmolperl;4.583;4.5760000000000005;4.57;4.566;4.561;4.555;4.55;4.541;4.525;4.507;4.486000000000001;4.467;4.441;4.407;4.372;4.341;4.313;4.291;4.273;4.252;4.2219999999999995;4.191;4.171;4.156000000000001;4.14;4.128;4.1160000000000005;4.106;4.096
ago;cholesterol_fat_in_blood_men_mmolperl;4.524;4.51;4.497;4.485;4.476;4.47;4.461;4.457;4.454;4.4510000000000005;4.446000000000001;4.439;4.427;4.405;4.379;4.359;4.345;4.335;4.33;4.3260000000000005;4.323;4.322;4.325;4.33;4.336;4.346;4.359;4.376;4.394
alb;cholesterol_fat_in_blood_men_mmolperl;5.006;5.002;4.996;4.988;4.982;4.978;4.9719999999999995;4.968999999999999;4.965;4.962;4.957;4.94;4.917;4.9;4.894;4.901;4.905;4.901;4.897;4.896;4.899;4.9030000000000005;4.906000000000001;4.907;4.905;4.901;4.897;4.894;4.891
and;cholesterol_fat_in_blood_men_mmolperl;6.178999999999999;6.144;6.109;6.077999999999999;6.047000000000001;6.019;5.992000000000001;5.965;5.941;5.922000000000001;5.899;5.876;5.852;5.827000000000001;5.8020000000000005;5.778;5.754;5.732;5.712000000000001;5.691;5.672000000000001;5.654;5.6370000000000005;5.624;5.609;5.593999999999999;5.582000000000001;5.57;5.557
ant;cholesterol_fat_in_blood_men_mmolperl;5.381;5.39;5.392;5.3839999999999995;5.369;5.346;5.317;5.292999999999999;5.27;5.249;5.222;5.199;5.183;5.171;5.162999999999999;5.1610000000000005;5.16;5.16;5.162000000000001;5.162999999999999;5.164;5.159;5.152;5.14;5.13;5.127999999999999;5.119;5.11;5.099
are;cholesterol_fat_in_blood_men_mmolperl;5.659;5.655;5.647;5.629;5.603;5.57;5.523;5.484;5.449;5.412000000000001;5.3870000000000005;5.367999999999999;5.347;5.33;5.316;5.303999999999999;5.306;5.303;5.292999999999999;5.2829999999999995;5.273;5.257999999999999;5.246;5.24;5.227;5.2139999999999995;5.2010000000000005;5.189;5.178999999999999
arg;cholesterol_fat_in_blood_men_mmolperl;5.372999999999999;5.364;5.348;5.332000000000001;5.318;5.3;5.284;5.27;5.251;5.231;5.211;5.195;5.185;5.178;5.172000000000001;5.162999999999999;5.155;5.149;5.144;5.138;5.127999999999999;5.112;5.087;5.066;5.047;5.037;5.032;5.03;5.026
arm;cholesterol_fat_in_blood_men_mmolperl;5.162999999999999;5.147;5.132000000000001;5.117;5.102;5.085;5.071000000000001;5.053999999999999;5.0360000000000005;5.016;4.992;4.961;4.909;4.8580000000000005;4.812;4.774;4.738;4.709;4.687;4.671;4.6610000000000005;4.655;4.66;4.664;4.675;4.6819999999999995;4.69;4.7;4.707
atg;cholesterol_fat_in_blood_men_mmolperl;4.868;4.86;4.855;4.854;4.853;4.855;4.859;4.862;4.867;4.871;4.876;4.877;4.873;4.87;4.864;4.853;4.845;4.836;4.827;4.8180000000000005;4.805;4.794;4.783;4.774;4.763999999999999;4.757;4.753;4.753;4.751
aus;cholesterol_fat_in_blood_men_mmolperl;5.763;5.742000000000001;5.722;5.702000000000001;5.68;5.6579999999999995;5.638999999999999;5.622000000000001;5.605;5.587999999999999;5.57;5.547000000000001;5.524;5.504;5.487;5.4670000000000005;5.445;5.422000000000001;5.402;5.381;5.357;5.329;5.301;5.271;5.2379999999999995;5.209;5.181;5.156000000000001;5.127999999999999
aut;cholesterol_fat_in_blood_men_mmolperl;5.857;5.84;5.817;5.8;5.782;5.769;5.752999999999999;5.736000000000001;5.7139999999999995;5.692;5.671;5.652;5.632999999999999;5.609;5.593;5.577999999999999;5.562;5.545;5.526;5.506;5.481;5.457999999999999;5.437;5.412000000000001;5.381;5.358;5.335;5.315;5.297000000000001
aze;cholesterol_fat_in_blood_men_mmolperl;5.14;5.122999999999999;5.1080000000000005;5.093;5.079;5.063;5.0489999999999995;5.029;5.0089999999999995;4.987;4.958;4.927;4.8839999999999995;4.829;4.772;4.713;4.659;4.617;4.583;4.556;4.535;4.518;4.508;4.502;4.502;4.504;4.5089999999999995;4.516;4.525
bdi;cholesterol_fat_in_blood_men_mmolperl;4.022;4.021;4.022;4.024;4.03;4.029;4.027;4.024;4.025;4.031000000000001;4.03;4.03;4.03;4.027;4.024;4.0169999999999995;4.003;3.992;3.983;3.9760000000000004;3.969;3.96;3.9539999999999997;3.95;3.948;3.945;3.946;3.947;3.948
bel;cholesterol_fat_in_blood_men_mmolperl;6.082000000000001;6.055;6.029;6.005;5.982;5.962999999999999;5.943;5.9239999999999995;5.9;5.876;5.851;5.827000000000001;5.797000000000001;5.768;5.739;5.71;5.6770000000000005;5.647;5.626;5.604;5.579;5.556;5.532;5.505;5.482;5.459;5.437;5.416;5.396
ben;cholesterol_fat_in_blood_men_mmolperl;4.191;4.184;4.178;4.173;4.162;4.154;4.144;4.137;4.124;4.104;4.085;4.066;4.0489999999999995;4.037;4.026;4.016;4.008;4.005;4.006;4.01;4.013;4.019;4.026;4.035;4.044;4.053;4.061;4.0680000000000005;4.0760000000000005
bfa;cholesterol_fat_in_blood_men_mmolperl;4.1080000000000005;4.096;4.083;4.071000000000001;4.059;4.046;4.029;4.013999999999999;4.0;3.985;3.968;3.9539999999999997;3.9389999999999996;3.924;3.907;3.895;3.886;3.8810000000000002;3.878;3.877;3.877;3.8789999999999996;3.8810000000000002;3.885;3.888;3.8930000000000002;3.898;3.9010000000000002;3.904
bgd;cholesterol_fat_in_blood_men_mmolperl;4.487;4.479;4.471;4.463;4.456;4.449;4.442;4.434;4.426;4.42;4.412;4.405;4.398;4.393;4.387;4.38;4.373;4.367;4.359;4.348;4.338;4.327;4.316;4.305;4.294;4.283;4.273;4.262;4.252
bgr;cholesterol_fat_in_blood_men_mmolperl;5.263999999999999;5.271;5.277;5.282;5.29;5.295;5.296;5.296;5.296;5.294;5.28;5.263999999999999;5.245;5.229;5.207000000000001;5.187;5.164;5.138;5.119;5.099;5.082;5.067;5.047;5.027;5.015;5.007;5.003;4.998;4.994
bhr;cholesterol_fat_in_blood_men_mmolperl;5.256;5.249;5.239;5.228;5.216;5.202999999999999;5.191;5.18;5.171;5.162999999999999;5.156000000000001;5.15;5.145;5.146;5.141;5.1370000000000005;5.132999999999999;5.127999999999999;5.12;5.114;5.1080000000000005;5.101;5.093999999999999;5.087;5.078;5.073;5.067;5.063;5.058
bhs;cholesterol_fat_in_blood_men_mmolperl;5.308;5.3020000000000005;5.2989999999999995;5.296;5.294;5.292000000000001;5.287000000000001;5.2829999999999995;5.274;5.263999999999999;5.251;5.239;5.218999999999999;5.2;5.183;5.1610000000000005;5.143;5.127000000000001;5.114;5.101;5.0889999999999995;5.079;5.074;5.071000000000001;5.062;5.044;5.0280000000000005;5.013999999999999;5.0
bih;cholesterol_fat_in_blood_men_mmolperl;4.928;4.925;4.921;4.917;4.914;4.912;4.906000000000001;4.895;4.882;4.864;4.843999999999999;4.811;4.7669999999999995;4.712;4.664;4.63;4.618;4.618;4.625;4.636;4.6530000000000005;4.668;4.681;4.685;4.683;4.68;4.677;4.676;4.675
blr;cholesterol_fat_in_blood_men_mmolperl;5.421;5.404;5.388;5.372000000000001;5.355;5.337000000000001;5.32;5.305;5.294;5.284;5.275;5.267;5.255;5.24;5.22;5.193;5.171;5.151;5.136;5.117;5.098;5.079;5.061;5.0489999999999995;5.037;5.032;5.025;5.02;5.016
blz;cholesterol_fat_in_blood_men_mmolperl;4.877;4.865;4.85;4.84;4.825;4.803999999999999;4.784;4.761;4.7410000000000005;4.718999999999999;4.7;4.683;4.665;4.65;4.641;4.631;4.618;4.6080000000000005;4.595;4.579;4.565;4.551;4.539;4.525;4.51;4.497;4.485;4.474;4.463
bmu;cholesterol_fat_in_blood_men_mmolperl;5.6610000000000005;5.65;5.636;5.622000000000001;5.6;5.582000000000001;5.56;5.537000000000001;5.52;5.5;5.476;5.4510000000000005;5.425;5.404;5.382000000000001;5.352;5.331;5.318;5.305;5.294;5.284;5.276;5.271;5.263999999999999;5.2589999999999995;5.257999999999999;5.26;5.265;5.268
bol;cholesterol_fat_in_blood_men_mmolperl;4.845;4.84;4.831;4.823;4.8069999999999995;4.785;4.76;4.737;4.717;4.698;4.684;4.671;4.659;4.65;4.647;4.6419999999999995;4.638999999999999;4.635;4.633;4.628;4.621;4.614;4.607;4.6;4.593999999999999;4.591;4.587;4.582;4.577
bra;cholesterol_fat_in_blood_men_mmolperl;4.8580000000000005;4.861000000000001;4.859;4.855;4.851;4.848;4.851;4.853;4.852;4.853;4.853;4.853;4.856;4.859;4.863;4.871;4.875;4.88;4.883;4.883;4.883;4.881;4.876;4.868;4.862;4.854;4.8469999999999995;4.84;4.835
brb;cholesterol_fat_in_blood_men_mmolperl;5.132999999999999;5.119;5.102;5.082;5.065;5.047;5.03;5.015;4.999;4.986000000000001;4.9719999999999995;4.954;4.934;4.912;4.894;4.874;4.856;4.838;4.822;4.811;4.796;4.779;4.765;4.749;4.7410000000000005;4.732;4.724;4.72;4.7139999999999995
brn;cholesterol_fat_in_blood_men_mmolperl;5.511;5.492999999999999;5.477;5.457000000000001;5.437;5.412999999999999;5.386;5.3660000000000005;5.345;5.319;5.297999999999999;5.282;5.2620000000000005;5.242999999999999;5.233;5.221;5.212000000000001;5.1979999999999995;5.188;5.184;5.176;5.164;5.154;5.143;5.138;5.129;5.127000000000001;5.129;5.129
btn;cholesterol_fat_in_blood_men_mmolperl;4.388999999999999;4.391;4.393;4.395;4.399;4.401;4.404;4.412;4.419;4.425;4.431;4.437;4.442;4.447;4.45;4.454;4.459;4.463;4.467;4.4719999999999995;4.476;4.48;4.484;4.486000000000001;4.488;4.4910000000000005;4.493;4.497;4.503
bwa;cholesterol_fat_in_blood_men_mmolperl;4.535;4.531000000000001;4.529;4.53;4.539;4.542;4.545;4.547;4.551;4.56;4.577;4.591;4.606;4.614;4.611000000000001;4.611000000000001;4.6080000000000005;4.605;4.602;4.593999999999999;4.592;4.591;4.5889999999999995;4.586;4.5889999999999995;4.593999999999999;4.6;4.603;4.605
caf;cholesterol_fat_in_blood_men_mmolperl;4.265;4.256;4.249;4.243;4.2410000000000005;4.24;4.238;4.234;4.23;4.224;4.218;4.208;4.1930000000000005;4.177;4.163;4.152;4.14;4.129;4.119;4.113;4.109;4.104;4.099;4.093;4.085;4.079;4.072;4.065;4.059
can;cholesterol_fat_in_blood_men_mmolperl;5.641;5.617999999999999;5.591;5.568;5.545;5.524;5.502000000000001;5.48;5.4639999999999995;5.45;5.434;5.414;5.393;5.371;5.352;5.334;5.313;5.29;5.272;5.255;5.239;5.225;5.211;5.193;5.178;5.1579999999999995;5.138999999999999;5.1160000000000005;5.093999999999999
che;cholesterol_fat_in_blood_men_mmolperl;5.952999999999999;5.928;5.902;5.881;5.86;5.8420000000000005;5.822;5.803999999999999;5.784;5.766;5.746;5.725;5.7010000000000005;5.675;5.646;5.617999999999999;5.586;5.553999999999999;5.523;5.492000000000001;5.462000000000001;5.437;5.412999999999999;5.39;5.367000000000001;5.347;5.327999999999999;5.309;5.291
chl;cholesterol_fat_in_blood_men_mmolperl;5.022;5.021;5.013;5.004;4.996;4.9910000000000005;4.988;4.987;4.989;4.995;5.0;5.004;5.011;5.018;5.024;5.031000000000001;5.035;5.04;5.043;5.041;5.037;5.03;5.019;5.0089999999999995;4.998;4.989;4.98;4.975;4.968999999999999
chn;cholesterol_fat_in_blood_men_mmolperl;4.208;4.2010000000000005;4.194;4.188;4.187;4.189;4.1930000000000005;4.199;4.208;4.2139999999999995;4.218;4.226;4.235;4.245;4.2589999999999995;4.275;4.289;4.306;4.321000000000001;4.336;4.351;4.367;4.385;4.404;4.422;4.44;4.46;4.479;4.499
civ;cholesterol_fat_in_blood_men_mmolperl;4.386;4.373;4.36;4.342;4.323;4.3069999999999995;4.288;4.269;4.25;4.231;4.211;4.191;4.172;4.151;4.136;4.121;4.109;4.101;4.095;4.092;4.088;4.084;4.079;4.073;4.067;4.061;4.053999999999999;4.0489999999999995;4.044
cmr;cholesterol_fat_in_blood_men_mmolperl;4.197;4.196000000000001;4.198;4.2;4.205;4.208;4.211;4.2139999999999995;4.213;4.206;4.195;4.18;4.1610000000000005;4.141;4.119;4.1;4.083;4.07;4.061;4.055;4.052;4.052;4.053;4.055;4.058;4.059;4.061;4.064;4.066
cod;cholesterol_fat_in_blood_men_mmolperl;4.162;4.1419999999999995;4.12;4.099;4.081;4.065;4.051;4.037;4.021;4.005;3.989;3.97;3.945;3.917;3.89;3.873;3.858;3.846;3.835;3.823;3.8110000000000004;3.8;3.7910000000000004;3.787;3.784;3.781;3.78;3.779;3.78
cog;cholesterol_fat_in_blood_men_mmolperl;4.476;4.48;4.487;4.492;4.499;4.5;4.495;4.486000000000001;4.476;4.465;4.453;4.444;4.434;4.4239999999999995;4.409;4.396;4.385;4.371;4.362;4.343;4.328;4.314;4.303999999999999;4.298;4.296;4.294;4.295;4.296;4.2989999999999995
cok;cholesterol_fat_in_blood_men_mmolperl;5.0360000000000005;5.052;5.075;5.093999999999999;5.111000000000001;5.125;5.138999999999999;5.147;5.153;5.154;5.156000000000001;5.157;5.1579999999999995;5.1579999999999995;5.159;5.156000000000001;5.154;5.153;5.153;5.154;5.162000000000001;5.17;5.181;5.195;5.207999999999999;5.218999999999999;5.228;5.236000000000001;5.245
col;cholesterol_fat_in_blood_men_mmolperl;4.885;4.887;4.89;4.89;4.8919999999999995;4.894;4.898;4.899;4.904;4.909;4.915;4.922;4.923;4.9239999999999995;4.927;4.928;4.928;4.9239999999999995;4.92;4.91;4.897;4.883;4.8660000000000005;4.848;4.831;4.815;4.8;4.785;4.769
com;cholesterol_fat_in_blood_men_mmolperl;4.378;4.372;4.367;4.363;4.359;4.357;4.353;4.3469999999999995;4.342;4.334;4.325;4.314;4.303999999999999;4.295;4.287;4.277;4.2669999999999995;4.26;4.252;4.244;4.234;4.225;4.217;4.21;4.205;4.199;4.192;4.184;4.178
cpv;cholesterol_fat_in_blood_men_mmolperl;4.23;4.221;4.217;4.212;4.207;4.206;4.2010000000000005;4.186;4.176;4.172;4.175;4.18;4.187;4.1930000000000005;4.1930000000000005;4.199;4.2;4.204;4.209;4.215;4.221;4.228;4.23;4.231;4.232;4.2330000000000005;4.238;4.244;4.248
cri;cholesterol_fat_in_blood_men_mmolperl;4.8069999999999995;4.7989999999999995;4.784;4.768;4.753;4.74;4.726;4.713;4.703;4.69;4.678999999999999;4.669;4.662;4.662;4.6610000000000005;4.66;4.66;4.66;4.6610000000000005;4.663;4.664;4.662;4.6610000000000005;4.6610000000000005;4.66;4.656000000000001;4.655;4.658;4.659
cub;cholesterol_fat_in_blood_men_mmolperl;4.883;4.88;4.877;4.874;4.8660000000000005;4.864;4.859;4.85;4.842;4.834;4.823;4.802;4.766;4.73;4.695;4.662;4.629;4.599;4.57;4.543;4.516;4.489;4.47;4.4430000000000005;4.42;4.4030000000000005;4.3919999999999995;4.3839999999999995;4.378
cyp;cholesterol_fat_in_blood_men_mmolperl;5.444;5.435;5.426;5.42;5.42;5.422999999999999;5.419;5.421;5.428;5.432;5.435;5.431;5.425;5.419;5.419;5.409;5.402;5.3870000000000005;5.372000000000001;5.353;5.34;5.33;5.319;5.31;5.297999999999999;5.282;5.261;5.245;5.23
cze;cholesterol_fat_in_blood_men_mmolperl;5.975;5.9639999999999995;5.952000000000001;5.939;5.926;5.91;5.892;5.874;5.858;5.841;5.8229999999999995;5.8;5.776;5.751;5.716;5.681;5.643;5.601;5.559;5.518;5.474;5.428999999999999;5.38;5.329;5.282;5.236000000000001;5.195;5.151;5.111000000000001
deu;cholesterol_fat_in_blood_men_mmolperl;5.818;5.8229999999999995;5.8260000000000005;5.83;5.836;5.845;5.852;5.86;5.8660000000000005;5.87;5.872000000000001;5.874;5.872999999999999;5.867000000000001;5.86;5.85;5.836;5.821000000000001;5.806;5.787999999999999;5.765;5.7410000000000005;5.716;5.693;5.665;5.638;5.6129999999999995;5.587999999999999;5.565
dji;cholesterol_fat_in_blood_men_mmolperl;4.956;4.946000000000001;4.933;4.921;4.91;4.899;4.888999999999999;4.879;4.864;4.848;4.831;4.812;4.796;4.779;4.762;4.747;4.731;4.716;4.7010000000000005;4.688;4.6819999999999995;4.673;4.666;4.659;4.651;4.644;4.64;4.638;4.638
dma;cholesterol_fat_in_blood_men_mmolperl;4.745;4.734;4.73;4.726;4.721;4.713;4.706;4.698;4.685;4.6739999999999995;4.672;4.672;4.67;4.667;4.666;4.663;4.654;4.646;4.637;4.626;4.611000000000001;4.599;4.583;4.565;4.553999999999999;4.54;4.53;4.52;4.51
dnk;cholesterol_fat_in_blood_men_mmolperl;5.915;5.898;5.877999999999999;5.86;5.8420000000000005;5.832000000000001;5.821000000000001;5.811;5.805;5.797999999999999;5.789;5.775;5.763999999999999;5.749;5.737;5.728;5.716;5.7;5.685;5.667999999999999;5.652;5.638;5.621;5.6;5.582999999999999;5.567;5.551;5.539;5.522
dom;cholesterol_fat_in_blood_men_mmolperl;4.544;4.532;4.521;4.508;4.492;4.473;4.45;4.431;4.412;4.395;4.374;4.357;4.3469999999999995;4.338;4.33;4.329;4.33;4.334;4.34;4.346;4.356;4.362;4.3660000000000005;4.363;4.36;4.364;4.369;4.376;4.3839999999999995
dza;cholesterol_fat_in_blood_men_mmolperl;4.926;4.92;4.914;4.914;4.9110000000000005;4.908;4.902;4.896;4.885;4.873;4.864;4.852;4.837;4.823;4.809;4.795;4.78;4.768;4.757;4.743;4.734;4.723;4.712;4.7010000000000005;4.694;4.686;4.678;4.671;4.664
ecu;cholesterol_fat_in_blood_men_mmolperl;4.888999999999999;4.887;4.882;4.875;4.868;4.86;4.851;4.837;4.8180000000000005;4.797;4.785;4.7780000000000005;4.768;4.76;4.748;4.744;4.743;4.74;4.737;4.725;4.715;4.705;4.694;4.688;4.681;4.673;4.669;4.668;4.667
egy;cholesterol_fat_in_blood_men_mmolperl;4.687;4.684;4.681;4.68;4.678999999999999;4.678;4.676;4.67;4.666;4.662;4.657;4.651;4.644;4.637;4.63;4.623;4.6160000000000005;4.611000000000001;4.606;4.603;4.598;4.591;4.584;4.58;4.575;4.569;4.565;4.564;4.563
eri;cholesterol_fat_in_blood_men_mmolperl;4.138;4.126;4.115;4.101;4.095;4.091;4.088;4.084;4.08;4.078;4.075;4.073;4.075;4.087;4.101;4.114;4.129;4.145;4.159;4.169;4.17;4.169;4.166;4.159;4.15;4.141;4.131;4.123;4.114
esp;cholesterol_fat_in_blood_men_mmolperl;5.62;5.603;5.585;5.568;5.5520000000000005;5.5329999999999995;5.517;5.502999999999999;5.4910000000000005;5.478;5.466;5.452999999999999;5.438;5.426;5.414;5.405;5.391;5.375;5.3629999999999995;5.351;5.337999999999999;5.3260000000000005;5.314;5.301;5.2860000000000005;5.27;5.254;5.2410000000000005;5.225
est;cholesterol_fat_in_blood_men_mmolperl;5.652;5.627999999999999;5.603;5.579;5.553999999999999;5.528;5.504;5.485;5.468999999999999;5.459;5.45;5.442;5.428999999999999;5.401;5.371;5.334;5.297999999999999;5.263;5.239;5.225;5.202999999999999;5.186;5.181;5.178;5.181;5.178999999999999;5.1770000000000005;5.169;5.159
eth;cholesterol_fat_in_blood_men_mmolperl;4.22;4.208;4.196000000000001;4.184;4.175;4.166;4.16;4.151;4.146;4.14;4.135;4.125;4.118;4.1160000000000005;4.113;4.11;4.109;4.1080000000000005;4.105;4.105;4.103;4.102;4.101;4.096;4.093999999999999;4.093;4.0969999999999995;4.103;4.11
fin;cholesterol_fat_in_blood_men_mmolperl;6.143;6.105;6.07;6.034;5.999;5.962999999999999;5.928999999999999;5.895;5.861000000000001;5.8260000000000005;5.787999999999999;5.745;5.699;5.653;5.608;5.568;5.528;5.489;5.456;5.42;5.3870000000000005;5.356;5.327000000000001;5.297999999999999;5.269;5.242999999999999;5.218999999999999;5.1979999999999995;5.176
fji;cholesterol_fat_in_blood_men_mmolperl;5.06;5.064;5.063;5.055;5.0489999999999995;5.042;5.041;5.039;5.0360000000000005;5.037;5.047;5.058;5.073;5.084;5.093999999999999;5.106;5.117;5.126;5.132999999999999;5.143;5.148;5.154;5.156000000000001;5.1579999999999995;5.16;5.1610000000000005;5.162999999999999;5.16;5.157
fra;cholesterol_fat_in_blood_men_mmolperl;6.0360000000000005;6.0120000000000005;5.983;5.954;5.9270000000000005;5.901;5.875;5.85;5.827000000000001;5.803999999999999;5.778;5.755;5.733;5.707999999999999;5.685;5.6610000000000005;5.638;5.6160000000000005;5.595;5.575;5.553;5.532;5.5089999999999995;5.487;5.462000000000001;5.435;5.407;5.3839999999999995;5.36
fsm;cholesterol_fat_in_blood_men_mmolperl;4.856;4.857;4.855;4.854;4.852;4.853;4.855;4.857;4.859;4.864;4.868;4.874;4.881;4.89;4.901;4.912;4.92;4.925;4.928;4.931;4.935;4.939;4.9430000000000005;4.946000000000001;4.949;4.952;4.952;4.953;4.953
gab;cholesterol_fat_in_blood_men_mmolperl;4.927;4.93;4.928999999999999;4.921;4.915;4.914;4.905;4.8919999999999995;4.88;4.865;4.8469999999999995;4.83;4.8180000000000005;4.811;4.801;4.794;4.785;4.7780000000000005;4.774;4.766;4.754;4.746;4.731;4.723;4.718999999999999;4.718;4.718;4.72;4.723
gbr;cholesterol_fat_in_blood_men_mmolperl;6.2410000000000005;6.202000000000001;6.164;6.126;6.087999999999999;6.051;6.013999999999999;5.98;5.945;5.9110000000000005;5.875;5.837999999999999;5.801;5.763;5.729;5.696000000000001;5.666;5.635;5.607;5.58;5.555;5.531000000000001;5.51;5.492999999999999;5.476;5.459;5.445;5.431;5.416
geo;cholesterol_fat_in_blood_men_mmolperl;5.226;5.212999999999999;5.197;5.184;5.171;5.156000000000001;5.14;5.121;5.101;5.079;5.051;5.01;4.95;4.882;4.814;4.756;4.704;4.665;4.631;4.6080000000000005;4.59;4.579;4.5760000000000005;4.5760000000000005;4.584;4.592;4.5969999999999995;4.599;4.6
gha;cholesterol_fat_in_blood_men_mmolperl;4.1930000000000005;4.181;4.169;4.1530000000000005;4.129;4.104;4.083;4.062;4.044;4.0280000000000005;4.021;4.005;3.9939999999999998;3.9789999999999996;3.963;3.949;3.9330000000000003;3.918;3.906;3.8960000000000004;3.89;3.885;3.8810000000000002;3.8789999999999996;3.878;3.877;3.8760000000000003;3.875;3.875
gin;cholesterol_fat_in_blood_men_mmolperl;4.105;4.093999999999999;4.084;4.072;4.056;4.041;4.026;4.011;3.9989999999999997;3.986;3.9730000000000003;3.9610000000000003;3.948;3.9360000000000004;3.925;3.917;3.911;3.908;3.909;3.909;3.91;3.9130000000000003;3.917;3.9189999999999996;3.9210000000000003;3.923;3.924;3.923;3.925
gmb;cholesterol_fat_in_blood_men_mmolperl;4.255;4.24;4.225;4.207;4.189;4.165;4.1419999999999995;4.121;4.103;4.086;4.069;4.055;4.039;4.026;4.016;4.004;3.9960000000000004;3.989;3.9819999999999998;3.98;3.978;3.977;3.975;3.9760000000000004;3.98;3.984;3.992;3.998;4.004
gnb;cholesterol_fat_in_blood_men_mmolperl;4.151;4.1339999999999995;4.117;4.099;4.083;4.0569999999999995;4.0360000000000005;4.016;3.9989999999999997;3.983;3.971;3.9589999999999996;3.944;3.9389999999999996;3.932;3.926;3.925;3.925;3.9139999999999997;3.907;3.907;3.905;3.8989999999999996;3.892;3.887;3.883;3.88;3.875;3.872
gnq;cholesterol_fat_in_blood_men_mmolperl;4.409;4.4;4.391;4.379;4.369;4.355;4.341;4.3260000000000005;4.314;4.301;4.291;4.281000000000001;4.277;4.271;4.263999999999999;4.26;4.2669999999999995;4.295;4.3260000000000005;4.365;4.402;4.449;4.495;4.5360000000000005;4.579;4.615;4.641;4.664;4.684
grc;cholesterol_fat_in_blood_men_mmolperl;5.525;5.497999999999999;5.475;5.452999999999999;5.431;5.412999999999999;5.395;5.375;5.349;5.327000000000001;5.303999999999999;5.279;5.255;5.23;5.205;5.183;5.159;5.138999999999999;5.122999999999999;5.103;5.087;5.067;5.048;5.035;5.019;5.008;5.002;4.995;4.988
grd;cholesterol_fat_in_blood_men_mmolperl;4.638;4.629;4.622;4.615;4.609;4.609;4.61;4.605;4.599;4.588;4.58;4.573;4.563;4.552;4.543;4.533;4.526;4.521;4.52;4.518;4.518;4.515;4.508;4.503;4.492;4.489;4.479;4.465;4.453
grl;cholesterol_fat_in_blood_men_mmolperl;6.064;6.0489999999999995;6.031000000000001;6.013;5.992999999999999;5.973;5.957999999999999;5.938;5.925;5.912999999999999;5.894;5.877000000000001;5.855;5.836;5.816;5.7989999999999995;5.782;5.768;5.757999999999999;5.745;5.736000000000001;5.73;5.72;5.71;5.7010000000000005;5.696000000000001;5.688;5.681;5.6739999999999995
gtm;cholesterol_fat_in_blood_men_mmolperl;4.686;4.666;4.647;4.627;4.6080000000000005;4.583;4.5569999999999995;4.53;4.506;4.485;4.462;4.441;4.422;4.404;4.388999999999999;4.377;4.367;4.357;4.3469999999999995;4.336;4.3260000000000005;4.315;4.301;4.287;4.274;4.261;4.247;4.236000000000001;4.224
guy;cholesterol_fat_in_blood_men_mmolperl;4.519;4.504;4.478;4.448;4.413;4.381;4.351;4.329;4.308;4.284;4.263;4.245;4.234;4.228;4.223;4.218999999999999;4.218;4.215;4.212;4.213;4.2;4.184;4.173;4.162;4.156000000000001;4.138;4.123;4.112;4.101
hkg;cholesterol_fat_in_blood_men_mmolperl;5.067;5.067;5.065;5.064;5.064;5.06;5.059;5.062;5.066;5.069;5.072;5.077;5.082;5.088;5.093;5.098;5.101;5.102;5.098;5.095;5.093;5.091;5.09;5.0889999999999995;5.092;5.095;5.1;5.106;5.111000000000001
hnd;cholesterol_fat_in_blood_men_mmolperl;4.592;4.585;4.575;4.56;4.546;4.532;4.516;4.503;4.489;4.476;4.4639999999999995;4.453;4.444;4.435;4.425;4.416;4.409;4.402;4.397;4.388;4.38;4.372;4.361000000000001;4.351;4.34;4.331;4.322;4.315;4.308
hrv;cholesterol_fat_in_blood_men_mmolperl;5.398;5.388999999999999;5.38;5.369;5.36;5.347;5.337999999999999;5.327999999999999;5.317;5.307;5.296;5.274;5.247999999999999;5.215;5.183;5.155;5.127000000000001;5.106;5.084;5.062;5.048;5.035;5.024;5.013;5.005;4.997;4.986000000000001;4.98;4.9719999999999995
hti;cholesterol_fat_in_blood_men_mmolperl;4.405;4.3919999999999995;4.377;4.361000000000001;4.345;4.329;4.314;4.298;4.284;4.269;4.254;4.239;4.2219999999999995;4.209;4.191;4.178;4.167;4.154;4.143;4.133;4.124;4.117;4.111000000000001;4.105;4.098;4.091;4.085;4.0760000000000005;4.0680000000000005
hun;cholesterol_fat_in_blood_men_mmolperl;5.284;5.287000000000001;5.289;5.292000000000001;5.295;5.297000000000001;5.297999999999999;5.3020000000000005;5.305;5.308;5.306;5.294;5.28;5.263999999999999;5.249;5.23;5.21;5.194;5.18;5.172000000000001;5.162000000000001;5.154;5.152;5.146;5.14;5.138999999999999;5.132999999999999;5.13;5.126
idn;cholesterol_fat_in_blood_men_mmolperl;4.591;4.579;4.566;4.552;4.54;4.527;4.515;4.505;4.494;4.486000000000001;4.485;4.485;4.486000000000001;4.489;4.492;4.493;4.498;4.505;4.503;4.5;4.499;4.498;4.5;4.502;4.503;4.505;4.508;4.512;4.5169999999999995
ind;cholesterol_fat_in_blood_men_mmolperl;4.575;4.577;4.58;4.581;4.582;4.585;4.586;4.588;4.5889999999999995;4.588;4.5889999999999995;4.586;4.582;4.579;4.573;4.567;4.559;4.55;4.541;4.531000000000001;4.519;4.505;4.487;4.466;4.4430000000000005;4.419;4.393;4.367;4.34
irl;cholesterol_fat_in_blood_men_mmolperl;5.9510000000000005;5.926;5.894;5.862;5.831;5.801;5.769;5.744;5.721;5.694;5.666;5.651;5.638;5.62;5.6;5.5889999999999995;5.577999999999999;5.574;5.5729999999999995;5.571000000000001;5.565;5.562;5.55;5.5329999999999995;5.519;5.501;5.475;5.45;5.426
irn;cholesterol_fat_in_blood_men_mmolperl;5.002;4.986000000000001;4.9719999999999995;4.961;4.954;4.947;4.935;4.926;4.919;4.913;4.912;4.916;4.922;4.927;4.933;4.94;4.949;4.956;4.963;4.968;4.973;4.975;4.977;4.977;4.981;4.9830000000000005;4.988;4.992;4.995
irq;cholesterol_fat_in_blood_men_mmolperl;4.96;4.961;4.959;4.956;4.9510000000000005;4.944;4.937;4.936;4.928;4.917;4.9110000000000005;4.867;4.8389999999999995;4.822;4.808;4.791;4.788;4.779;4.785;4.8;4.815;4.832;4.846;4.84;4.837;4.834;4.832;4.83;4.83
isl;cholesterol_fat_in_blood_men_mmolperl;6.122999999999999;6.1129999999999995;6.1;6.086;6.0729999999999995;6.064;6.055;6.042999999999999;6.025;6.006;5.987;5.9639999999999995;5.938;5.912000000000001;5.8870000000000005;5.864;5.84;5.821000000000001;5.805;5.791;5.779;5.766;5.7589999999999995;5.749;5.7379999999999995;5.724;5.71;5.694;5.6770000000000005
isr;cholesterol_fat_in_blood_men_mmolperl;5.832000000000001;5.803;5.771;5.74;5.715;5.687;5.654;5.622000000000001;5.593;5.56;5.526;5.497999999999999;5.4670000000000005;5.438;5.416;5.388999999999999;5.358;5.329;5.3020000000000005;5.273;5.251;5.223;5.194;5.166;5.1370000000000005;5.107;5.082;5.059;5.0360000000000005
ita;cholesterol_fat_in_blood_men_mmolperl;5.68;5.644;5.607;5.5729999999999995;5.542000000000001;5.513;5.483;5.456;5.432;5.412000000000001;5.394;5.376;5.361000000000001;5.348;5.335;5.322;5.31;5.2989999999999995;5.29;5.282;5.276;5.275;5.276;5.28;5.282;5.287999999999999;5.296;5.31;5.3229999999999995
jam;cholesterol_fat_in_blood_men_mmolperl;4.781000000000001;4.755;4.732;4.71;4.685;4.66;4.64;4.629;4.619;4.611000000000001;4.606;4.604;4.6;4.593999999999999;4.586;4.5760000000000005;4.567;4.559;4.551;4.539;4.529;4.516;4.505;4.492;4.478;4.4639999999999995;4.446000000000001;4.433;4.418
jor;cholesterol_fat_in_blood_men_mmolperl;4.988;5.007;5.025;5.04;5.058;5.075;5.091;5.101;5.107;5.104;5.098;5.093;5.0889999999999995;5.092;5.091;5.087;5.084;5.081;5.077;5.073;5.066;5.056;5.037;5.021;5.005;4.987;4.971;4.958;4.945
jpn;cholesterol_fat_in_blood_men_mmolperl;4.793;4.819;4.843;4.867;4.8919999999999995;4.918;4.944;4.9719999999999995;5.002;5.03;5.0569999999999995;5.082;5.105;5.125;5.143;5.157;5.169;5.1770000000000005;5.18;5.183;5.185;5.184;5.185;5.186;5.185;5.185;5.186;5.189;5.19
kaz;cholesterol_fat_in_blood_men_mmolperl;5.256;5.24;5.225;5.209;5.193;5.1770000000000005;5.162000000000001;5.144;5.129;5.115;5.1;5.081;5.06;5.0280000000000005;4.9910000000000005;4.9510000000000005;4.915;4.888;4.87;4.8580000000000005;4.848;4.842;4.838;4.838;4.843;4.849;4.856;4.864;4.868
ken;cholesterol_fat_in_blood_men_mmolperl;4.401;4.397;4.395;4.39;4.388999999999999;4.385;4.382;4.383;4.386;4.387;4.39;4.388999999999999;4.385;4.379;4.37;4.361000000000001;4.352;4.343;4.332;4.325;4.316;4.312;4.3069999999999995;4.306;4.305;4.305;4.306;4.31;4.313
kgz;cholesterol_fat_in_blood_men_mmolperl;5.001;4.984;4.966;4.947;4.928999999999999;4.9110000000000005;4.894;4.875;4.859;4.84;4.822;4.796;4.765;4.7330000000000005;4.69;4.647;4.612;4.578;4.552;4.524;4.501;4.482;4.467;4.453;4.44;4.425;4.407;4.393;4.381
khm;cholesterol_fat_in_blood_men_mmolperl;4.376;4.36;4.348;4.338;4.33;4.325;4.32;4.311;4.305;4.3;4.292;4.285;4.279;4.274;4.27;4.2669999999999995;4.268;4.27;4.272;4.276;4.282;4.291;4.2989999999999995;4.306;4.315;4.327;4.338;4.35;4.362
kir;cholesterol_fat_in_blood_men_mmolperl;4.751;4.7139999999999995;4.681;4.648;4.618;4.593;4.572;4.553;4.544;4.5360000000000005;4.527;4.519;4.51;4.502;4.497;4.492;4.49;4.49;4.495;4.505;4.512;4.52;4.527;4.531000000000001;4.533;4.533;4.532;4.529;4.525
kna;cholesterol_fat_in_blood_men_mmolperl;4.792;4.79;4.78;4.772;4.765;4.762;4.758;4.756;4.751;4.745;4.746;4.744;4.743;4.744;4.747;4.751;4.753;4.756;4.757;4.7589999999999995;4.763;4.762;4.762;4.7589999999999995;4.754;4.746;4.736000000000001;4.723;4.712
kor;cholesterol_fat_in_blood_men_mmolperl;4.832;4.823;4.816;4.814;4.812;4.811;4.809;4.811;4.814;4.817;4.823;4.829;4.832;4.833;4.832;4.83;4.832;4.83;4.825;4.823;4.822;4.82;4.82;4.821000000000001;4.815;4.8069999999999995;4.801;4.794;4.789
kwt;cholesterol_fat_in_blood_men_mmolperl;5.603;5.584;5.564;5.541;5.523;5.5;5.481;5.459;5.432;5.41;5.382000000000001;5.367000000000001;5.356;5.36;5.371;5.376;5.376;5.374;5.3629999999999995;5.346;5.325;5.3020000000000005;5.275;5.25;5.23;5.216;5.193;5.1770000000000005;5.1610000000000005
lao;cholesterol_fat_in_blood_men_mmolperl;4.402;4.395;4.388;4.381;4.375;4.368;4.362;4.353;4.343999999999999;4.337;4.328;4.321000000000001;4.316;4.313;4.311;4.312;4.314;4.316;4.3180000000000005;4.323;4.325;4.328;4.331;4.337;4.342;4.348;4.356;4.365;4.376
lbn;cholesterol_fat_in_blood_men_mmolperl;4.999;5.0;4.989;4.981;4.976;4.971;4.96;4.939;4.914;4.874;4.837;4.81;4.794;4.783;4.776;4.77;4.766;4.763999999999999;4.763;4.763999999999999;4.765;4.761;4.762;4.76;4.76;4.761;4.7589999999999995;4.757;4.756
lbr;cholesterol_fat_in_blood_men_mmolperl;4.268;4.25;4.23;4.211;4.194;4.176;4.156000000000001;4.137;4.1160000000000005;4.088;4.0569999999999995;4.0280000000000005;3.995;3.963;3.9339999999999997;3.911;3.891;3.877;3.866;3.86;3.8569999999999998;3.8569999999999998;3.858;3.845;3.8339999999999996;3.823;3.8160000000000003;3.81;3.805
lby;cholesterol_fat_in_blood_men_mmolperl;5.237;5.23;5.218999999999999;5.207000000000001;5.191;5.171;5.144;5.113;5.082;5.051;5.018;4.99;4.961;4.934;4.907;4.88;4.856;4.836;4.815;4.794;4.77;4.748;4.7219999999999995;4.698;4.6739999999999995;4.652;4.632;4.612;4.593999999999999
lca;cholesterol_fat_in_blood_men_mmolperl;4.665;4.654;4.6419999999999995;4.633;4.631;4.627;4.631;4.6339999999999995;4.638;4.644;4.654;4.665;4.6739999999999995;4.684;4.685;4.691;4.683;4.671;4.666;4.662;4.652;4.645;4.631;4.632;4.623;4.614;4.602;4.592;4.581
lka;cholesterol_fat_in_blood_men_mmolperl;4.51;4.503;4.497;4.489;4.4830000000000005;4.481;4.478;4.476;4.473;4.4719999999999995;4.471;4.468;4.467;4.467;4.466;4.467;4.468;4.468999999999999;4.47;4.468999999999999;4.47;4.468999999999999;4.471;4.473;4.476;4.477;4.481;4.485;4.49
lso;cholesterol_fat_in_blood_men_mmolperl;4.253;4.244;4.234;4.221;4.208;4.195;4.184;4.171;4.159;4.146;4.133;4.121;4.11;4.103;4.095;4.09;4.086;4.085;4.083;4.083;4.084;4.084;4.084;4.087;4.09;4.092;4.096;4.103;4.1080000000000005
ltu;cholesterol_fat_in_blood_men_mmolperl;5.7860000000000005;5.768;5.75;5.732;5.7139999999999995;5.694;5.672999999999999;5.656000000000001;5.638999999999999;5.624;5.61;5.596;5.571000000000001;5.528;5.485;5.444;5.393;5.3420000000000005;5.294;5.252999999999999;5.218999999999999;5.193;5.172000000000001;5.159;5.1579999999999995;5.155;5.15;5.145;5.138
lux;cholesterol_fat_in_blood_men_mmolperl;6.242999999999999;6.211;6.178999999999999;6.15;6.122999999999999;6.101;6.081;6.061;6.037000000000001;6.013999999999999;5.99;5.968999999999999;5.94;5.914;5.885;5.855;5.822;5.79;5.769;5.747999999999999;5.724;5.702000000000001;5.678999999999999;5.653;5.63;5.607;5.587000000000001;5.567;5.547000000000001
lva;cholesterol_fat_in_blood_men_mmolperl;5.553999999999999;5.537000000000001;5.519;5.502999999999999;5.486000000000001;5.468999999999999;5.452000000000001;5.439;5.43;5.425;5.417999999999999;5.41;5.39;5.36;5.327000000000001;5.2989999999999995;5.2620000000000005;5.225;5.196000000000001;5.17;5.151;5.136;5.127999999999999;5.122000000000001;5.121;5.124;5.132999999999999;5.142;5.145
mac;cholesterol_fat_in_blood_men_mmolperl;5.145;5.143;5.14;5.135;5.131;5.124;5.118;5.113;5.109;5.104;5.102;5.098;5.099;5.098;5.0969999999999995;5.098;5.093999999999999;5.09;5.083;5.073;5.065;5.0569999999999995;5.053999999999999;5.053999999999999;5.062;5.071000000000001;5.082;5.098;5.115
mar;cholesterol_fat_in_blood_men_mmolperl;4.721;4.716;4.711;4.704;4.696000000000001;4.687;4.678999999999999;4.671;4.667;4.6610000000000005;4.656000000000001;4.6530000000000005;4.6530000000000005;4.6530000000000005;4.652;4.65;4.645;4.637;4.628;4.62;4.613;4.603;4.593;4.582;4.571000000000001;4.562;4.5489999999999995;4.541;4.534
mda;cholesterol_fat_in_blood_men_mmolperl;5.308;5.291;5.275;5.2589999999999995;5.242999999999999;5.226;5.209;5.189;5.167000000000001;5.143;5.115;5.077;5.025;4.965;4.9030000000000005;4.848;4.7989999999999995;4.756;4.7139999999999995;4.675;4.638;4.613;4.5969999999999995;4.583;4.5760000000000005;4.571000000000001;4.569;4.575;4.581
mdg;cholesterol_fat_in_blood_men_mmolperl;4.428999999999999;4.416;4.404;4.39;4.376;4.364;4.351;4.3389999999999995;4.33;4.322;4.315;4.3069999999999995;4.3;4.292;4.2860000000000005;4.28;4.274;4.268;4.263;4.258;4.253;4.249;4.239;4.2330000000000005;4.228;4.224;4.221;4.218999999999999;4.22
mdv;cholesterol_fat_in_blood_men_mmolperl;4.452;4.453;4.45;4.45;4.456;4.4639999999999995;4.473;4.482;4.49;4.493;4.503;4.512;4.52;4.525;4.5280000000000005;4.531000000000001;4.535;4.54;4.546;4.55;4.5569999999999995;4.567;4.578;4.591;4.603;4.612;4.617;4.624;4.631
mex;cholesterol_fat_in_blood_men_mmolperl;4.912;4.909;4.904;4.896;4.893;4.887;4.878;4.872;4.867;4.864;4.862;4.861000000000001;4.861000000000001;4.863;4.867;4.864;4.861000000000001;4.861000000000001;4.865;4.871;4.88;4.887;4.894;4.899;4.905;4.912;4.92;4.926;4.931
mhl;cholesterol_fat_in_blood_men_mmolperl;5.0280000000000005;5.012;4.996;4.984;4.973;4.959;4.95;4.947;4.945;4.941;4.94;4.936;4.9319999999999995;4.927;4.921;4.916;4.902;4.886;4.871;4.857;4.846;4.838;4.83;4.825;4.82;4.817;4.815;4.812;4.809
mkd;cholesterol_fat_in_blood_men_mmolperl;5.303;5.292000000000001;5.281000000000001;5.271;5.257000000000001;5.245;5.233;5.2139999999999995;5.194;5.17;5.143;5.111000000000001;5.074;5.045;5.019;4.994;4.967;4.94;4.917;4.8919999999999995;4.87;4.851;4.841;4.8260000000000005;4.81;4.7989999999999995;4.789;4.785;4.782
mli;cholesterol_fat_in_blood_men_mmolperl;4.225;4.216;4.2;4.185;4.167;4.1419999999999995;4.12;4.1;4.077;4.061;4.046;4.029;4.015;4.002;3.99;3.9810000000000003;3.9739999999999998;3.968;3.964;3.9619999999999997;3.96;3.96;3.9619999999999997;3.964;3.965;3.968;3.972;3.975;3.9789999999999996
mlt;cholesterol_fat_in_blood_men_mmolperl;5.922999999999999;5.899;5.872000000000001;5.843999999999999;5.813;5.7860000000000005;5.757000000000001;5.73;5.702999999999999;5.681;5.653;5.6339999999999995;5.6160000000000005;5.595;5.571000000000001;5.551;5.531000000000001;5.515;5.497999999999999;5.483;5.4639999999999995;5.446000000000001;5.4239999999999995;5.405;5.3839999999999995;5.359;5.3389999999999995;5.319;5.2989999999999995
mmr;cholesterol_fat_in_blood_men_mmolperl;4.314;4.306;4.297;4.289;4.279;4.27;4.2589999999999995;4.245;4.227;4.2139999999999995;4.204;4.196000000000001;4.19;4.185;4.183;4.1819999999999995;4.183;4.185;4.188;4.1930000000000005;4.202;4.212;4.223;4.238;4.253;4.27;4.289;4.309;4.3260000000000005
mne;cholesterol_fat_in_blood_men_mmolperl;5.334;5.324;5.311;5.301;5.289;5.278;5.267;5.256;5.246;5.239;5.232;5.221;5.2010000000000005;5.16;5.127000000000001;5.103;5.087;5.073;5.061;5.0489999999999995;5.042;5.032;5.024;5.01;4.993;4.98;4.968;4.956;4.944
mng;cholesterol_fat_in_blood_men_mmolperl;5.067;5.055;5.043;5.029;5.016;5.001;4.99;4.977;4.962;4.95;4.939;4.926;4.906000000000001;4.894;4.881;4.867;4.841;4.82;4.806;4.795;4.78;4.761;4.739;4.717;4.703;4.686;4.668;4.659;4.657
moz;cholesterol_fat_in_blood_men_mmolperl;4.338;4.33;4.321000000000001;4.3069999999999995;4.294;4.276;4.262;4.25;4.242;4.238;4.234;4.236000000000001;4.235;4.237;4.24;4.2410000000000005;4.2410000000000005;4.2410000000000005;4.246;4.251;4.257;4.2669999999999995;4.277;4.2860000000000005;4.296;4.306;4.313;4.321000000000001;4.329
mrt;cholesterol_fat_in_blood_men_mmolperl;4.473;4.457;4.44;4.422;4.408;4.394;4.379;4.36;4.342;4.325;4.3069999999999995;4.29;4.27;4.249;4.228;4.21;4.194;4.18;4.169;4.162;4.16;4.159;4.159;4.16;4.158;4.155;4.156000000000001;4.154;4.151
mus;cholesterol_fat_in_blood_men_mmolperl;4.851;4.845;4.84;4.834;4.829;4.824;4.821000000000001;4.822;4.83;4.837;4.845;4.855;4.864;4.872;4.877;4.879;4.88;4.883;4.886;4.893;4.9;4.907;4.914;4.92;4.925;4.928;4.93;4.93;4.931
mwi;cholesterol_fat_in_blood_men_mmolperl;4.21;4.206;4.2;4.199;4.197;4.195;4.194;4.192;4.187;4.184;4.1819999999999995;4.183;4.1819999999999995;4.183;4.184;4.188;4.192;4.196000000000001;4.199;4.2;4.202;4.2010000000000005;4.2;4.2010000000000005;4.205;4.209;4.2139999999999995;4.2219999999999995;4.2330000000000005
mys;cholesterol_fat_in_blood_men_mmolperl;4.86;4.861000000000001;4.859;4.8580000000000005;4.857;4.854;4.85;4.849;4.85;4.851;4.857;4.867;4.878;4.891;4.906000000000001;4.922;4.936;4.9510000000000005;4.957;4.958;4.96;4.962;4.963;4.968;4.971;4.973;4.976;4.977;4.98
nam;cholesterol_fat_in_blood_men_mmolperl;4.723;4.705;4.685;4.663;4.6419999999999995;4.621;4.602;4.583;4.563;4.546;4.5280000000000005;4.516;4.504;4.4910000000000005;4.479;4.467;4.455;4.449;4.445;4.444;4.45;4.45;4.448;4.449;4.449;4.45;4.452;4.455;4.456
ner;cholesterol_fat_in_blood_men_mmolperl;4.195;4.185;4.172;4.16;4.138999999999999;4.119;4.1;4.075;4.053999999999999;4.032;4.011;3.9939999999999998;3.977;3.9619999999999997;3.947;3.932;3.9189999999999996;3.908;3.895;3.8810000000000002;3.8689999999999998;3.862;3.853;3.846;3.843;3.835;3.826;3.812;3.801
nga;cholesterol_fat_in_blood_men_mmolperl;4.186;4.16;4.132;4.103;4.07;4.039;4.006;3.9739999999999998;3.945;3.9160000000000004;3.889;3.862;3.8360000000000003;3.81;3.7889999999999997;3.7689999999999997;3.755;3.745;3.737;3.7310000000000003;3.728;3.7289999999999996;3.734;3.742;3.752;3.762;3.772;3.782;3.7939999999999996
nic;cholesterol_fat_in_blood_men_mmolperl;4.8260000000000005;4.789;4.762;4.737;4.711;4.688;4.665;4.644;4.614;4.5889999999999995;4.5680000000000005;4.541;4.5169999999999995;4.492;4.471;4.453;4.438;4.425;4.413;4.405;4.399;4.391;4.381;4.372;4.365;4.354;4.343999999999999;4.336;4.329
nld;cholesterol_fat_in_blood_men_mmolperl;5.912999999999999;5.893;5.869;5.843999999999999;5.8229999999999995;5.8020000000000005;5.78;5.755;5.732;5.707000000000001;5.685;5.665;5.638999999999999;5.62;5.597;5.582000000000001;5.565;5.5489999999999995;5.537000000000001;5.523;5.5089999999999995;5.495;5.478;5.454;5.431;5.4110000000000005;5.39;5.367000000000001;5.347
nor;cholesterol_fat_in_blood_men_mmolperl;5.974;5.9479999999999995;5.922999999999999;5.898;5.877000000000001;5.859;5.837999999999999;5.812;5.7860000000000005;5.761;5.732;5.712000000000001;5.688;5.667000000000001;5.647;5.627000000000001;5.609;5.5920000000000005;5.574;5.553;5.5329999999999995;5.516;5.496;5.474;5.457000000000001;5.439;5.4239999999999995;5.406000000000001;5.388999999999999
npl;cholesterol_fat_in_blood_men_mmolperl;4.474;4.465;4.459;4.447;4.438;4.43;4.422;4.41;4.397;4.383;4.371;4.359;4.3469999999999995;4.336;4.325;4.313;4.305;4.295;4.2860000000000005;4.276;4.2669999999999995;4.257;4.245;4.23;4.213;4.197;4.18;4.164;4.15
nru;cholesterol_fat_in_blood_men_mmolperl;5.252999999999999;5.246;5.236000000000001;5.228;5.22;5.211;5.202999999999999;5.193;5.184;5.172000000000001;5.156000000000001;5.1370000000000005;5.114;5.0889999999999995;5.062;5.032;5.0;4.968;4.938;4.9110000000000005;4.886;4.8660000000000005;4.848;4.832;4.819;4.803;4.791;4.779;4.768
nzl;cholesterol_fat_in_blood_men_mmolperl;6.1339999999999995;6.106;6.075;6.045;6.022;5.994;5.968;5.937;5.903;5.867999999999999;5.831;5.79;5.745;5.702999999999999;5.657;5.617000000000001;5.5760000000000005;5.537999999999999;5.494;5.454;5.416;5.385;5.354;5.33;5.3020000000000005;5.275;5.247000000000001;5.221;5.193
omn;cholesterol_fat_in_blood_men_mmolperl;4.962;4.9639999999999995;4.968;4.9719999999999995;4.981;4.9910000000000005;4.999;5.004;5.0089999999999995;5.013999999999999;5.018;5.02;5.024;5.027;5.0280000000000005;5.0280000000000005;5.0280000000000005;5.026;5.021;5.015;5.006;4.999;4.99;4.979;4.968999999999999;4.96;4.9510000000000005;4.944;4.938
pak;cholesterol_fat_in_blood_men_mmolperl;4.685;4.681;4.676;4.67;4.666;4.663;4.662;4.659;4.658;4.652;4.645;4.641;4.635;4.627;4.618;4.6080000000000005;4.598;4.587;4.574;4.562;4.548;4.535;4.522;4.5089999999999995;4.498;4.487;4.478;4.467;4.456
pan;cholesterol_fat_in_blood_men_mmolperl;4.863;4.863;4.862;4.86;4.856;4.85;4.843;4.837;4.819;4.803;4.79;4.783;4.7780000000000005;4.774;4.772;4.765;4.756;4.753;4.751;4.749;4.747;4.743;4.736000000000001;4.729;4.724;4.7219999999999995;4.72;4.721;4.7219999999999995
per;cholesterol_fat_in_blood_men_mmolperl;4.914;4.913;4.912;4.906000000000001;4.902;4.9;4.898;4.899;4.8919999999999995;4.877;4.861000000000001;4.843999999999999;4.83;4.815;4.806;4.7989999999999995;4.79;4.782;4.771;4.762;4.751;4.739;4.729;4.717;4.705;4.692;4.681;4.672;4.667
phl;cholesterol_fat_in_blood_men_mmolperl;4.774;4.765;4.755;4.75;4.7410000000000005;4.727;4.7139999999999995;4.703;4.696000000000001;4.692;4.689;4.686;4.6819999999999995;4.678999999999999;4.677;4.676;4.6739999999999995;4.675;4.675;4.675;4.678999999999999;4.6819999999999995;4.686;4.689;4.692;4.6930000000000005;4.696000000000001;4.697;4.699
plw;cholesterol_fat_in_blood_men_mmolperl;5.375;5.34;5.306;5.275;5.247999999999999;5.22;5.197;5.178;5.167000000000001;5.162000000000001;5.159;5.155;5.151;5.144;5.138;5.1370000000000005;5.138;5.138;5.136;5.131;5.126;5.121;5.119;5.115;5.114;5.112;5.115;5.1160000000000005;5.117
png;cholesterol_fat_in_blood_men_mmolperl;4.7330000000000005;4.729;4.72;4.712;4.7010000000000005;4.6930000000000005;4.683;4.676;4.671;4.664;4.6530000000000005;4.646;4.643;4.648;4.651;4.6530000000000005;4.656000000000001;4.656000000000001;4.6530000000000005;4.651;4.648;4.6419999999999995;4.638;4.633;4.63;4.627;4.624;4.622;4.621
pol;cholesterol_fat_in_blood_men_mmolperl;5.303999999999999;5.303999999999999;5.297000000000001;5.295;5.294;5.297000000000001;5.303999999999999;5.311;5.319;5.327000000000001;5.327999999999999;5.325;5.319;5.308;5.297000000000001;5.2860000000000005;5.278;5.273;5.271;5.272;5.273;5.272;5.274;5.274;5.273;5.27;5.268;5.268;5.267
pri;cholesterol_fat_in_blood_men_mmolperl;5.026;5.016;5.003;4.9910000000000005;4.979;4.97;4.961;4.955;4.948;4.9430000000000005;4.939;4.936;4.934;4.933;4.933;4.933;4.9319999999999995;4.93;4.928999999999999;4.928;4.927;4.925;4.921;4.917;4.9110000000000005;4.905;4.897;4.888;4.879
prk;cholesterol_fat_in_blood_men_mmolperl;4.656000000000001;4.645;4.637;4.628;4.618;4.609;4.5969999999999995;4.585;4.573;4.558;4.541;4.524;4.503;4.486000000000001;4.459;4.428;4.397;4.363;4.335;4.313;4.292;4.276;4.263999999999999;4.256;4.249;4.242;4.237;4.234;4.23
prt;cholesterol_fat_in_blood_men_mmolperl;5.471;5.462999999999999;5.45;5.434;5.415;5.396;5.375;5.357;5.343;5.332999999999999;5.324;5.316;5.311;5.307;5.303999999999999;5.2989999999999995;5.292000000000001;5.2860000000000005;5.279;5.276;5.27;5.263999999999999;5.256;5.244;5.229;5.216;5.204;5.194;5.182
pry;cholesterol_fat_in_blood_men_mmolperl;4.747;4.7589999999999995;4.763999999999999;4.766;4.766;4.762;4.757;4.75;4.746;4.743;4.742;4.749;4.7589999999999995;4.765;4.768;4.773;4.772;4.771;4.768;4.76;4.745;4.729;4.7139999999999995;4.697;4.678;4.6610000000000005;4.647;4.633;4.622
pse;cholesterol_fat_in_blood_men_mmolperl;4.7010000000000005;4.698;4.696000000000001;4.6930000000000005;4.689;4.686;4.685;4.683;4.678999999999999;4.676;4.676;4.675;4.677;4.68;4.685;4.69;4.678;4.671;4.667;4.666;4.6610000000000005;4.646;4.622;4.5969999999999995;4.57;4.546;4.524;4.502;4.482
pyf;cholesterol_fat_in_blood_men_mmolperl;5.55;5.544;5.541;5.539;5.5360000000000005;5.531000000000001;5.529;5.525;5.531000000000001;5.529;5.526;5.53;5.534;5.534;5.526;5.525;5.515;5.505;5.497000000000001;5.495;5.49;5.49;5.49;5.492000000000001;5.495;5.494;5.492000000000001;5.49;5.4879999999999995
qat;cholesterol_fat_in_blood_men_mmolperl;5.555;5.535;5.51;5.482;5.454;5.422000000000001;5.391;5.362;5.335;5.313;5.294;5.276;5.263;5.251;5.2379999999999995;5.228;5.2170000000000005;5.2139999999999995;5.2139999999999995;5.212000000000001;5.211;5.206;5.2;5.195;5.191;5.186;5.181;5.176;5.169
rou;cholesterol_fat_in_blood_men_mmolperl;5.2620000000000005;5.26;5.252000000000001;5.242000000000001;5.234;5.232;5.228;5.223;5.212000000000001;5.194;5.183;5.171;5.15;5.122999999999999;5.101;5.082;5.062;5.041;5.02;4.995;4.97;4.949;4.934;4.919;4.905;4.895;4.888;4.888;4.888
rus;cholesterol_fat_in_blood_men_mmolperl;5.6129999999999995;5.587999999999999;5.56;5.532;5.505;5.476;5.45;5.421;5.395;5.367999999999999;5.341;5.31;5.274;5.24;5.2010000000000005;5.1610000000000005;5.1160000000000005;5.075;5.0360000000000005;5.008;4.98;4.959;4.9430000000000005;4.934;4.928999999999999;4.926;4.925;4.925;4.926
rwa;cholesterol_fat_in_blood_men_mmolperl;4.093999999999999;4.0969999999999995;4.0969999999999995;4.0969999999999995;4.095;4.09;4.092;4.091;4.092;4.0889999999999995;4.091;4.091;4.093;4.086;4.061;4.052;4.051;4.047;4.046;4.047;4.048;4.051;4.053;4.06;4.071000000000001;4.08;4.084;4.0889999999999995;4.093999999999999
sau;cholesterol_fat_in_blood_men_mmolperl;5.2989999999999995;5.289;5.269;5.244;5.218999999999999;5.194;5.172999999999999;5.149;5.122999999999999;5.0969999999999995;5.073;5.0569999999999995;5.0360000000000005;5.012;4.988;4.966;4.946000000000001;4.9239999999999995;4.898;4.877;4.852;4.822;4.791;4.763;4.736000000000001;4.709;4.68;4.656000000000001;4.632
sdn;cholesterol_fat_in_blood_men_mmolperl;4.497;4.495;4.497;4.493;4.484;4.473;4.462;4.453;4.445;4.441;4.437;4.4319999999999995;4.431;4.431;4.431;4.431;4.4319999999999995;4.436;4.438;4.441;4.447;4.454;4.461;4.471;4.481;4.493;4.502;4.511;4.52
sen;cholesterol_fat_in_blood_men_mmolperl;4.352;4.328;4.312;4.2989999999999995;4.28;4.257;4.238;4.228;4.217;4.206;4.195;4.1819999999999995;4.17;4.154;4.141;4.128;4.118;4.11;4.103;4.096;4.093;4.091;4.0889999999999995;4.087;4.085;4.083;4.081;4.078;4.0760000000000005
sgp;cholesterol_fat_in_blood_men_mmolperl;5.84;5.789;5.7379999999999995;5.687;5.636;5.581;5.528;5.477;5.43;5.386;5.343999999999999;5.303999999999999;5.266;5.233;5.204;5.178999999999999;5.155;5.136;5.12;5.11;5.1080000000000005;5.107;5.11;5.115;5.122999999999999;5.132999999999999;5.144;5.155;5.165
slb;cholesterol_fat_in_blood_men_mmolperl;4.648;4.645;4.64;4.628;4.619;4.6080000000000005;4.5969999999999995;4.587;4.575;4.567;4.56;4.555;4.553999999999999;4.555;4.555;4.553999999999999;4.553;4.55;4.545;4.539;4.526;4.508;4.49;4.474;4.463;4.454;4.45;4.448;4.449
sle;cholesterol_fat_in_blood_men_mmolperl;4.202;4.189;4.177;4.164;4.151;4.138;4.122;4.1080000000000005;4.093;4.0760000000000005;4.06;4.042;4.019;3.998;3.977;3.9560000000000004;3.932;3.9010000000000002;3.8739999999999997;3.8489999999999998;3.83;3.8160000000000003;3.81;3.806;3.804;3.805;3.8089999999999997;3.8139999999999996;3.819
slv;cholesterol_fat_in_blood_men_mmolperl;4.74;4.721;4.699;4.676;4.656000000000001;4.638;4.62;4.606;4.591;4.575;4.561;4.548;4.539;4.533;4.529;4.527;4.527;4.5280000000000005;4.5280000000000005;4.5280000000000005;4.525;4.519;4.511;4.504;4.497;4.4910000000000005;4.485;4.479;4.474
som;cholesterol_fat_in_blood_men_mmolperl;4.428;4.414;4.404;4.388999999999999;4.373;4.3580000000000005;4.3469999999999995;4.338;4.331;4.323;4.3180000000000005;4.311;4.301;4.294;4.28;4.269;4.261;4.25;4.24;4.234;4.227;4.224;4.22;4.218999999999999;4.221;4.22;4.2219999999999995;4.221;4.2219999999999995
srb;cholesterol_fat_in_blood_men_mmolperl;5.117;5.106;5.091;5.079;5.066;5.053999999999999;5.042;5.031000000000001;5.023;5.0169999999999995;5.013999999999999;5.0089999999999995;4.994;4.9639999999999995;4.9430000000000005;4.931;4.92;4.914;4.912;4.905;4.906000000000001;4.905;4.909;4.906000000000001;4.9030000000000005;4.905;4.908;4.9110000000000005;4.915
stp;cholesterol_fat_in_blood_men_mmolperl;4.3069999999999995;4.292;4.282;4.266;4.242;4.22;4.199;4.178;4.1610000000000005;4.143;4.124;4.1080000000000005;4.09;4.074;4.059;4.046;4.034;4.019;4.005;3.9930000000000003;3.98;3.969;3.96;3.9539999999999997;3.95;3.946;3.9419999999999997;3.9410000000000003;3.9410000000000003
sur;cholesterol_fat_in_blood_men_mmolperl;4.857;4.846;4.833;4.819;4.798;4.781000000000001;4.762;4.734;4.712;4.697;4.6819999999999995;4.666;4.649;4.625;4.601;4.578;4.563;4.5569999999999995;4.55;4.546;4.537;4.534;4.531000000000001;4.5280000000000005;4.525;4.522;4.519;4.515;4.513
svk;cholesterol_fat_in_blood_men_mmolperl;5.364;5.359;5.352;5.343;5.336;5.327999999999999;5.321000000000001;5.313;5.311;5.308;5.305;5.295;5.284;5.274;5.256;5.2410000000000005;5.225;5.215;5.2;5.185;5.166;5.149;5.138;5.122999999999999;5.104;5.091;5.082;5.0760000000000005;5.07
svn;cholesterol_fat_in_blood_men_mmolperl;5.436;5.43;5.422000000000001;5.414;5.406000000000001;5.397;5.388999999999999;5.382000000000001;5.377000000000001;5.372999999999999;5.367999999999999;5.358;5.346;5.343;5.34;5.334;5.3229999999999995;5.318;5.303999999999999;5.291;5.276;5.267;5.252000000000001;5.2379999999999995;5.222;5.207000000000001;5.194;5.186;5.176
swe;cholesterol_fat_in_blood_men_mmolperl;6.032;5.992000000000001;5.952000000000001;5.915;5.882000000000001;5.852;5.825;5.797999999999999;5.772;5.746;5.715;5.681;5.646;5.609;5.5760000000000005;5.544;5.5089999999999995;5.474;5.442;5.409;5.377999999999999;5.347;5.318;5.291;5.263999999999999;5.239;5.211;5.182;5.154
swz;cholesterol_fat_in_blood_men_mmolperl;4.606;4.601;4.593999999999999;4.586;4.572;4.558;4.542;4.5280000000000005;4.511;4.497;4.482;4.47;4.459;4.45;4.441;4.435;4.425;4.4239999999999995;4.421;4.421;4.425;4.423;4.418;4.413;4.412;4.41;4.405;4.399;4.397
syc;cholesterol_fat_in_blood_men_mmolperl;4.9910000000000005;5.004;5.013999999999999;5.026;5.038;5.053;5.064;5.0760000000000005;5.087;5.102;5.118;5.132000000000001;5.152;5.169;5.181;5.192;5.202000000000001;5.212999999999999;5.224;5.233;5.237;5.246;5.252000000000001;5.256;5.247000000000001;5.242000000000001;5.237;5.235;5.233
syr;cholesterol_fat_in_blood_men_mmolperl;4.838;4.84;4.84;4.84;4.835;4.829;4.817;4.803999999999999;4.794;4.783;4.775;4.77;4.765;4.762;4.762;4.762;4.762;4.762;4.76;4.753;4.744;4.732;4.717;4.702;4.69;4.678999999999999;4.67;4.666;4.6610000000000005
tcd;cholesterol_fat_in_blood_men_mmolperl;4.1419999999999995;4.12;4.1;4.084;4.067;4.055;4.047;4.037;4.03;4.024;4.015;4.006;3.9960000000000004;3.984;3.968;3.9539999999999997;3.94;3.926;3.912;3.9;3.889;3.877;3.8689999999999998;3.8680000000000003;3.877;3.888;3.897;3.906;3.912
tgo;cholesterol_fat_in_blood_men_mmolperl;4.221;4.202;4.1819999999999995;4.1610000000000005;4.14;4.119;4.1;4.082;4.065;4.0489999999999995;4.03;4.015;3.998;3.975;3.9589999999999996;3.945;3.932;3.9210000000000003;3.9139999999999997;3.907;3.9;3.892;3.886;3.883;3.878;3.872;3.8689999999999998;3.865;3.863
tha;cholesterol_fat_in_blood_men_mmolperl;4.66;4.663;4.666;4.668;4.67;4.675;4.678;4.685;4.6930000000000005;4.705;4.721;4.738;4.755;4.775;4.795;4.815;4.835;4.852;4.86;4.868;4.878;4.888;4.899;4.913;4.926;4.939;4.956;4.974;4.993
tjk;cholesterol_fat_in_blood_men_mmolperl;4.99;4.974;4.956;4.94;4.9239999999999995;4.908;4.891;4.871;4.85;4.824;4.793;4.755;4.7010000000000005;4.64;4.575;4.51;4.442;4.379;4.328;4.283;4.248;4.224;4.206;4.1930000000000005;4.185;4.181;4.177;4.173;4.169
tkm;cholesterol_fat_in_blood_men_mmolperl;5.109;5.092;5.074;5.056;5.038;5.018;5.0;4.981;4.961;4.938;4.912;4.88;4.843;4.806;4.761;4.717;4.6739999999999995;4.629;4.592;4.565;4.547;4.535;4.527;4.526;4.53;4.535;4.539;4.541;4.542
tls;cholesterol_fat_in_blood_men_mmolperl;4.356;4.3389999999999995;4.324;4.311;4.2989999999999995;4.291;4.285;4.28;4.275;4.272;4.272;4.271;4.271;4.272;4.272;4.273;4.277;4.2860000000000005;4.298;4.289;4.282;4.277;4.268;4.258;4.244;4.232;4.218;4.209;4.204
ton;cholesterol_fat_in_blood_men_mmolperl;4.748;4.761;4.774;4.785;4.797;4.812;4.83;4.846;4.859;4.873;4.881;4.893;4.902;4.912;4.922;4.934;4.944;4.955;4.971;4.985;4.999;5.013;5.029;5.042;5.053;5.062;5.071000000000001;5.078;5.084
tto;cholesterol_fat_in_blood_men_mmolperl;4.888;4.882;4.877;4.8660000000000005;4.853;4.836;4.814;4.788;4.757;4.728;4.7;4.677;4.658;4.641;4.627;4.613;4.602;4.593999999999999;4.588;4.585;4.585;4.584;4.582;4.586;4.593;4.5969999999999995;4.605;4.614;4.62
tun;cholesterol_fat_in_blood_men_mmolperl;4.477;4.475;4.468999999999999;4.463;4.455;4.448;4.44;4.436;4.436;4.436;4.438;4.4430000000000005;4.4510000000000005;4.459;4.471;4.4830000000000005;4.494;4.505;4.515;4.524;4.537;4.552;4.5680000000000005;4.58;4.59;4.602;4.612;4.622;4.633
tur;cholesterol_fat_in_blood_men_mmolperl;4.812;4.811;4.808;4.803;4.803;4.8;4.801;4.802;4.8;4.797;4.796;4.793;4.792;4.794;4.792;4.791;4.789;4.79;4.789;4.785;4.775;4.76;4.7410000000000005;4.73;4.7219999999999995;4.71;4.702;4.694;4.686
twn;cholesterol_fat_in_blood_men_mmolperl;4.8839999999999995;4.885;4.8839999999999995;4.8839999999999995;4.885;4.885;4.888;4.8919999999999995;4.894;4.895;4.896;4.896;4.897;4.897;4.898;4.897;4.897;4.896;4.893;4.89;4.885;4.878;4.871;4.863;4.854;4.843;4.833;4.82;4.8069999999999995
tza;cholesterol_fat_in_blood_men_mmolperl;4.104;4.09;4.0760000000000005;4.059;4.042;4.0280000000000005;4.019;4.01;4.004;3.998;3.9960000000000004;3.9960000000000004;3.9989999999999997;4.003;4.007;4.012;4.0169999999999995;4.026;4.034;4.042;4.05;4.06;4.0680000000000005;4.077;4.088;4.099;4.106;4.1160000000000005;4.128
uga;cholesterol_fat_in_blood_men_mmolperl;4.164;4.1419999999999995;4.119;4.093999999999999;4.0760000000000005;4.06;4.044;4.029;4.016;4.004;3.9960000000000004;3.99;3.989;3.989;3.991;3.9930000000000003;4.0;4.007;4.01;4.0169999999999995;4.023;4.025;4.027;4.03;4.035;4.041;4.0489999999999995;4.058;4.067
ukr;cholesterol_fat_in_blood_men_mmolperl;5.438;5.421;5.404;5.388999999999999;5.372000000000001;5.353;5.336;5.318;5.2989999999999995;5.28;5.257000000000001;5.229;5.196000000000001;5.154;5.109;5.066;5.019;4.977;4.937;4.9030000000000005;4.871;4.843999999999999;4.825;4.811;4.803999999999999;4.7989999999999995;4.798;4.8;4.802
ury;cholesterol_fat_in_blood_men_mmolperl;5.2860000000000005;5.282;5.274;5.256;5.236000000000001;5.216;5.1979999999999995;5.187;5.175;5.162999999999999;5.146;5.1339999999999995;5.126;5.12;5.118;5.11;5.104;5.095;5.088;5.079;5.062;5.037;5.001;4.962;4.928;4.898;4.868;4.8389999999999995;4.814
usa;cholesterol_fat_in_blood_men_mmolperl;5.63;5.611000000000001;5.5889999999999995;5.572;5.555;5.541;5.527;5.5089999999999995;5.492999999999999;5.476;5.459;5.441;5.4239999999999995;5.4079999999999995;5.392;5.376;5.358;5.3389999999999995;5.322;5.303999999999999;5.2829999999999995;5.2589999999999995;5.235;5.21;5.183;5.157;5.131;5.101;5.071000000000001
uzb;cholesterol_fat_in_blood_men_mmolperl;5.018;4.996;4.97;4.947;4.92;4.897;4.871;4.845;4.8180000000000005;4.788;4.753;4.7139999999999995;4.665;4.621;4.58;4.537;4.492;4.459;4.431;4.405;4.381;4.36;4.34;4.323;4.308;4.296;4.282;4.269;4.256
vct;cholesterol_fat_in_blood_men_mmolperl;4.577;4.5680000000000005;4.564;4.561;4.562;4.563;4.564;4.567;4.569;4.574;4.58;4.583;4.5889999999999995;4.591;4.593;4.593;4.592;4.591;4.5889999999999995;4.585;4.58;4.572;4.566;4.556;4.55;4.541;4.54;4.533;4.5280000000000005
ven;cholesterol_fat_in_blood_men_mmolperl;5.067;5.041;5.016;4.984;4.9510000000000005;4.919;4.891;4.862;4.837;4.809;4.781000000000001;4.757;4.737;4.72;4.699;4.678;4.66;4.645;4.631;4.614;4.599;4.587;4.575;4.5569999999999995;4.546;4.539;4.539;4.539;4.539
vgb;cholesterol_fat_in_blood_men_mmolperl;4.808;4.803999999999999;4.8;4.795;4.789;4.781000000000001;4.771;4.765;4.761;4.758;4.763;4.777;4.7989999999999995;4.829;4.864;4.9030000000000005;4.937;4.966;4.99;5.0089999999999995;5.027;5.038;5.042;5.038;5.033;5.029;5.025;5.024;5.024
vnm;cholesterol_fat_in_blood_men_mmolperl;4.446000000000001;4.434;4.425;4.419;4.414;4.4110000000000005;4.405;4.401;4.397;4.395;4.3919999999999995;4.388999999999999;4.388;4.387;4.388;4.391;4.396;4.404;4.4110000000000005;4.418;4.427;4.437;4.449;4.46;4.4719999999999995;4.484;4.497;4.51;4.523
vut;cholesterol_fat_in_blood_men_mmolperl;4.824;4.805;4.787;4.775;4.765;4.753;4.743;4.732;4.718;4.705;4.696000000000001;4.69;4.687;4.681;4.678999999999999;4.677;4.677;4.675;4.6739999999999995;4.669;4.665;4.655;4.641;4.63;4.62;4.611000000000001;4.607;4.607;4.6080000000000005
wsm;cholesterol_fat_in_blood_men_mmolperl;4.711;4.6930000000000005;4.677;4.658;4.638999999999999;4.632;4.622;4.617;4.605;4.602;4.598;4.593;4.596;4.5969999999999995;4.591;4.579;4.5680000000000005;4.55;4.533;4.516;4.506;4.502;4.497;4.493;4.49;4.489;4.486000000000001;4.482;4.477
yem;cholesterol_fat_in_blood_men_mmolperl;4.603;4.607;4.6080000000000005;4.61;4.611000000000001;4.61;4.604;4.5969999999999995;4.5889999999999995;4.578;4.57;4.562;4.552;4.541;4.533;4.527;4.522;4.521;4.5169999999999995;4.513;4.508;4.502;4.496;4.49;4.4830000000000005;4.476;4.467;4.457;4.447
zaf;cholesterol_fat_in_blood_men_mmolperl;4.926;4.899;4.871;4.842;4.814;4.784;4.752;4.721;4.692;4.663;4.635;4.605;4.575;4.544;4.519;4.496;4.477;4.463;4.45;4.439;4.434;4.43;4.43;4.4319999999999995;4.437;4.445;4.455;4.466;4.477
zmb;cholesterol_fat_in_blood_men_mmolperl;4.54;4.532;4.522;4.511;4.498;4.486000000000001;4.473;4.462;4.453;4.4430000000000005;4.434;4.427;4.419;4.412;4.4;4.385;4.372;4.364;4.355;4.3469999999999995;4.34;4.335;4.331;4.33;4.33;4.33;4.331;4.334;4.338
zwe;cholesterol_fat_in_blood_men_mmolperl;4.465;4.453;4.441;4.43;4.413;4.398;4.3839999999999995;4.367;4.351;4.34;4.329;4.32;4.306;4.291;4.279;4.266;4.257;4.25;4.246;4.2410000000000005;4.237;4.232;4.2219999999999995;4.208;4.194;4.178999999999999;4.163;4.147;4.133
