geo;indicator;1960;1961;1962;1963;1964;1965;1966;1967;1968;1969;1970;1971;1972;1973;1974;1975;1976;1977;1978;1979;1980;1981;1982;1983;1984;1985;1986;1987;1988;1989;1990;1991;1992;1993;1994;1995;1996;1997;1998;1999;2000;2001;2002;2003;2004
afg;economic_growth_over_the_past_10_years;;;;;;;;;;;;;;;;;;;;;2.052;2.77;1.348;1.784;1.754;1.196;1.435;0.9278;-0.5077;-1.0590000000000002;-1.9;-2.213;-5.024;-7.686;-8.758;-9.681000000000001;-9.736;-7.832000000000001;-6.704;-7.436;-12.17;-13.76;-9.628;-6.379;-5.494
alb;economic_growth_over_the_past_10_years;;;;;;;;;;;;;;;;;;;;;;;;;;;;;;;;;;;;;;;;;-0.273;6.706;11.16;8.318;6.722
ant;economic_growth_over_the_past_10_years;;;;;;;;;;;;;;;;;;;;;2.455;2.353;1.979;1.173;1.133;1.237;0.1115;-0.1211;-0.9162;-0.5659;-1.107;-1.05;-0.5091;0.07167000000000001;0.8268;1.1340000000000001;1.8969999999999998;1.665;1.58;0.799;0.2229;0.2045;-0.1094;-0.48100000000000004;
are;economic_growth_over_the_past_10_years;;;;;;;;;;;;;;;;;;;;;17.02;15.01;13.99;7.566;-2.4019999999999997;-4.571000000000001;-7.432;-7.292999999999999;-6.315;-6.292000000000001;-6.002000000000001;-5.58;-3.872;-3.35;-2.245;-0.6621;2.945;3.258;3.7089999999999996;2.84;2.44;2.92;2.927;4.742;
arg;economic_growth_over_the_past_10_years;1.035;0.9879;1.694;1.114;1.456;1.683;1.5430000000000001;1.413;1.255;2.7510000000000003;2.168;2.116;2.242;3.0410000000000004;2.806;1.72;1.6640000000000001;1.901;1.147;1.056;1.045;0.1323;-0.4645;-0.4582;-0.7445;-1.429;-0.5831;-0.8717;-0.8911;-2.33;-2.6860000000000004;-1.0190000000000001;0.5752;0.8056;1.103;1.653;1.359;1.89;2.603;3.1889999999999996;3.2489999999999997;1.625;-0.501;-0.3498;-0.02087
atg;economic_growth_over_the_past_10_years;;;;;;;;;;;;;;;;;;;;;0.4092;0.5913;0.6816;3.488;3.326;4.409;5.962999999999999;5.228;7.426;6.6129999999999995;7.204;7.3229999999999995;7.093999999999999;5.4239999999999995;5.819;4.835;4.673;5.13;3.491;3.4789999999999996;2.6830000000000003;2.948;3.196;2.803;
aus;economic_growth_over_the_past_10_years;1.531;1.495;2.594;2.1790000000000003;2.0909999999999997;1.954;2.51;2.714;2.885;2.872;3.13;3.502;3.279;3.159;2.496;2.568;2.47;2.343;2.0269999999999997;1.788;1.7519999999999998;1.749;1.311;1.239;1.695;1.915;1.733;1.9869999999999999;1.848;1.972;1.5830000000000002;1.284;1.742;1.7080000000000002;1.765;1.696;1.892;1.883;2.099;2.135;2.377;2.674;2.687;2.725;2.435
aut;economic_growth_over_the_past_10_years;5.42;5.257999999999999;5.513;5.5329999999999995;5.226;4.487;4.649;4.281000000000001;4.2989999999999995;4.5489999999999995;4.095;4.084;4.478;4.617;4.425;4.149;4.123;4.388999999999999;3.82;4.066;3.4589999999999996;3.028;2.64;2.4290000000000003;2.1319999999999997;2.461;2.146;1.774;2.2880000000000003;1.899;2.226;2.426;2.384;2.074;2.158;1.994;2.03;2.08;2.081;2.0069999999999997;1.9680000000000002;1.7930000000000001;1.7069999999999999;1.837;1.9269999999999998
bdi;economic_growth_over_the_past_10_years;;;;;;;;;;;1.962;3.762;2.7560000000000002;2.628;2.665;2.2969999999999997;3.071;2.943;2.992;3.6010000000000004;1.051;1.48;1.475;0.6533;0.7698;1.444;0.9465;0.1893;1.423;0.6846;1.764;1.6680000000000001;1.999;0.4601;-0.1098;-0.8328;-1.969;-2.11;-2.9530000000000003;-1.681;-4.132;-4.2219999999999995;-3.656;-1.8730000000000002;
bel;economic_growth_over_the_past_10_years;2.499;2.596;2.903;3.075;3.307;3.239;3.26;3.4730000000000003;4.032;4.376;4.471;4.363;4.3580000000000005;4.533;4.3069999999999995;3.852;4.131;3.845;3.733;3.3539999999999996;3.1860000000000004;2.7689999999999997;2.338;1.746;1.609;1.942;1.5759999999999998;1.7380000000000002;1.9340000000000002;2.039;1.9240000000000002;2.144;2.2119999999999997;2.0580000000000003;2.082;2.137;2.029;2.117;1.7990000000000002;1.733;1.794;1.722;1.715;1.92;1.876
ben;economic_growth_over_the_past_10_years;;;;;;;;;;2.064;1.413;1.5759999999999998;3.4530000000000003;3.037;2.608;1.306;1.258;-0.2072;-0.7581;-0.2721;0.1931;-0.1648;-0.5942;-1.296;-0.9342;0.2768;-0.047510000000000004;0.9559;1.284;0.06601;-0.345;0.2075;-0.3812;0.4266;-0.1388;-0.5352;-0.0768;0.5543;0.7409;1.268;1.432;1.36;1.545;1.795;
bfa;economic_growth_over_the_past_10_years;;;;;;;;;;-1.17;-1.143;0.1156;0.4178;0.4004;0.515;0.7517;0.9351;0.7217;0.1103;0.3632;0.7987;1.723;1.21;1.04;0.5616;1.253;1.589;1.75;2.344;2.029;1.032;0.8827;0.6275;0.8075;1.43;0.4905;0.09892000000000001;-0.2482;-0.568;0.3791;1.186;0.8691;1.431;2.585;2.325
bgd;economic_growth_over_the_past_10_years;;;;;;;;;;;;;;;;;;;;;;;0.3495;0.444;1.294;0.4093;0.9381;0.6568;0.9227;1.3769999999999998;1.615;1.9069999999999998;1.905;1.939;1.695;1.538;1.8869999999999998;2.0580000000000003;1.635;1.516;1.589;2.112;2.425;2.5269999999999997;
bgr;economic_growth_over_the_past_10_years;;;;;;;;;;;;;;;;;;;;;;;;;;;;;;;;;;;;;;;;;;-0.9674;-0.02051;0.7831;1.92
bhr;economic_growth_over_the_past_10_years;;;;;;;;;;;;;;;;;;;;;4.566;4.071000000000001;4.402;5.034;-0.3383;-1.7530000000000001;-2.313;-3.16;-1.766;-1.304;-0.7279;-0.6202;-0.3795;1.0659999999999998;-0.8215;0.7689;0.7864;0.8189;0.3621;0.8074;0.8189;1.556;0.9972;-0.01794;
bhs;economic_growth_over_the_past_10_years;;;;;;;;;;;;;;;;;;;;;0.6873;0.2573;1.126;1.069;3.1489999999999996;5.25;4.977;4.789;3.6860000000000004;2.585;1.35;1.383;0.1618;-0.6218;-0.4352;-1.014;-1.2670000000000001;-1.796;-1.811;-1.854;-0.7793;-0.6172;0.2369;0.5558;0.5363
bih;economic_growth_over_the_past_10_years;;;;;;;;;;;;;;;;;;;;;;;;;;;;;;;;;;;;;;;;;6.354;8.832;12.48;15.2;
blz;economic_growth_over_the_past_10_years;;;;;;;;;;;;;;;;;;;;;5.5360000000000005;3.735;3.8789999999999996;2.9419999999999997;1.633;-0.2574;0.6337;0.6551;-0.9079999999999999;-0.7731;-1.3090000000000002;-0.3982;-0.08972999999999999;0.9384;2.42;4.393;3.548;3.093;2.9010000000000002;2.261;1.526;2.261;2.3480000000000003;2.3609999999999998;1.42
bmu;economic_growth_over_the_past_10_years;;;;;;;;;;;;;;;;;;;;;3.319;2.537;2.63;2.593;2.502;2.099;1.7309999999999999;2.035;1.96;1.22;0.5389;0.8751;0.3369;0.5419;0.6725;0.5657;0.5799;0.3889;0.39799999999999996;1.109;0.7376;0.7711;1.19;1.4469999999999998;
bol;economic_growth_over_the_past_10_years;-1.7;-1.964;-1.994;0.03603;0.4199;0.6329;1.673;2.2680000000000002;0.7268;0.8258;0.5389;0.4939;0.9091;0.8224;0.8542;0.7032;0.8298;0.6123;2.022;1.94;1.946;1.6869999999999998;0.9421;-0.3798;-0.7707;-1.4069999999999998;-2.37;-2.405;-2.128;-2.0269999999999997;-1.742;-1.517;-1.127;-0.11;0.2923;0.7593;1.36;1.2890000000000001;1.3219999999999998;1.321;1.2690000000000001;1.2209999999999999;1.335;1.266;
bra;economic_growth_over_the_past_10_years;4.004;4.8839999999999995;4.427;4.291;4.026;3.908;3.833;3.52;3.93;3.883;4.062;3.7430000000000003;4.39;5.041;5.407;5.537000000000001;6.233;6.0520000000000005;5.398;5.483;5.309;4.004;3.137;1.641;1.386;1.742;1.601;1.902;1.6019999999999999;1.494;0.2441;0.7589;0.6132;1.28;1.426;0.5687;0.05024;-0.2593;-0.163;-0.4434;0.5141;0.4627;0.4183;0.6183;
brb;economic_growth_over_the_past_10_years;;;;;;;;;;;5.254;5.084;4.673;4.963;4.982;3.602;3.148;2.535;2.839;2.375;1.5019999999999998;0.6889;0.3035;0.5967;0.9152;1.55;2.428;2.331;1.9369999999999998;1.248;0.7816;1.07;0.8237;0.3137;0.0055;0.4185;-0.08692000000000001;-0.1907;0.01466;0.2391;0.9905;0.7831;1.18;1.6980000000000002;1.61
brn;economic_growth_over_the_past_10_years;;;;;;;;;;;;;;;;;;;;;4.298;1.449;0.8121;0.1955;-0.4565;-0.6806;-2.7119999999999997;-3.5610000000000004;-4.098;-6.08;-5.016;-2.329;-2.515;-2.6460000000000004;-2.48;-2.083;-1.295;-1.125;-0.9591;-1.229;-1.1420000000000001;-1.162;-0.6574;-0.1757;
btn;economic_growth_over_the_past_10_years;;;;;;;;;;;;;;;;;;;;;5.805;5.716;5.787999999999999;5.9079999999999995;6.432;5.5520000000000005;6.135;7.403;7.239;5.834;3.795;3.8289999999999997;3.568;2.9160000000000004;2.589;3.7230000000000003;3.261;2.9530000000000003;3.528;3.2769999999999997;3.516;3.344;3.63;4.546;
bwa;economic_growth_over_the_past_10_years;;;;;;;;;;;;;;;;;;;;;8.847999999999999;6.791;7.067;7.23;6.077000000000001;5.843999999999999;5.774;5.769;5.646;6.716;6.914;8.107999999999999;6.857;5.587999999999999;5.722;4.478;4.5360000000000005;4.252;4.0169999999999995;1.925;3.009;3.1460000000000004;2.6180000000000003;3.285;4.365
caf;economic_growth_over_the_past_10_years;;;;;;;;;;;;;;;;;;;;;-0.4335;0.7937;1.204;0.01693;0.4428;0.3088;0.1198;-0.9536;-1.848;-1.218;-0.6249;-0.8352;-2.951;-2.271;-2.69;-2.29;-2.889;-2.1069999999999998;-2.036;-0.9658;-0.6186;-0.2164;1.5519999999999998;1.486;
can;economic_growth_over_the_past_10_years;1.3869999999999998;1.1179999999999999;1.102;1.3130000000000002;2.306;2.27;2.129;2.274;2.6519999999999997;2.892;2.967;3.343;3.197;3.3710000000000004;3.017;2.693;2.659;2.93;2.88;2.785;2.807;2.5610000000000004;1.771;1.483;1.79;2.022;1.77;1.815;1.871;1.7530000000000001;1.5390000000000001;0.9713;1.391;1.3130000000000002;1.263;1.119;1.057;1.145;1.159;1.5119999999999998;2.108;2.559;2.786;2.745;2.513
che;economic_growth_over_the_past_10_years;3.338;3.2510000000000003;3.7939999999999996;3.8510000000000004;3.721;3.2310000000000003;2.7680000000000002;2.77;3.5989999999999998;3.318;3.2880000000000003;3.028;3.023;3.023;2.68;1.649;1.494;1.588;1.5530000000000002;1.4780000000000002;1.3230000000000002;1.041;0.5596;0.3214;0.4893;1.669;1.838;1.591;1.59;1.558;1.3330000000000002;1.081;1.187;1.097;0.9545;0.735;0.5956;0.6595;0.7278;0.4608;0.4931;0.7327;0.8065;0.8068;0.8801
chl;economic_growth_over_the_past_10_years;;1.6669999999999998;1.577;0.9759;1.8980000000000001;1.453;2.492;2.056;2.019;2.715;2.072;2.741;2.3209999999999997;1.39;1.37;-0.1553;-0.9415;-0.2559;0.131;0.5515;0.7979;0.4458;-1.002;-0.8528;-0.537;1.065;1.319;0.9375;0.8;0.8913;0.6803;0.8541;3.488;4.5280000000000005;4.617;5.5120000000000005;5.806;5.946000000000001;5.609;4.692;4.813;4.44;3.55;3.335;3.3510000000000004
chn;economic_growth_over_the_past_10_years;;;1.067;1.073;1.995;2.456;2.105;1.298;-0.1316;0.5645;1.176;3.5210000000000004;3.735;3.707;2.8080000000000003;2.45;2.01;3.0189999999999997;4.445;4.484;4.152;4.1610000000000005;5.178;5.33;6.571000000000001;6.778;8.13;8.661;8.345;7.542999999999999;8.37;8.399;8.357000000000001;8.48;8.743;9.065;8.506;8.612;8.847000000000001;9.441;9.082;9.062999999999999;8.852;8.836;8.075
civ;economic_growth_over_the_past_10_years;;;;;;;;;;;3.958;4.322;3.9560000000000004;2.813;1.452;3.1260000000000003;2.862;2.682;2.573;2.439;0.7678;0.2374;1.436;1.12;1.411;0.7277;0.7371;0.6707;-0.1893;0.8792;1.314;0.6844;-0.6044;-0.5307;-1.0659999999999998;-1.011;-1.2209999999999999;-0.9816;-0.6572;-1.671;-0.799;-0.4683;-0.5793;-0.3054;
cmr;economic_growth_over_the_past_10_years;;;;;;;;;;;0.08342999999999999;-0.1227;-0.1567;-0.01625;0.1321;0.0401;0.02865;1.35;1.1079999999999999;1.205;1.983;3.2289999999999996;4.994;5.359;5.09;5.925;5.726;4.204;3.701;2.002;1.2890000000000001;-0.2552;-2.5180000000000002;-3.528;-4.195;-4.9510000000000005;-4.771;-3.032;-2.316;-1.197;-0.8640000000000001;-0.08438;0.9029;1.726;
cod;economic_growth_over_the_past_10_years;;;;;;;;;;;;;;;;;;;;;-2.0469999999999997;-3.022;-4.348;-4.323;-4.2410000000000005;-3.563;-2.055;-1.9509999999999998;-2.0180000000000002;-2.7239999999999998;-1.6840000000000002;-2.061;-2.891;-5.515;-5.473;-6.3;-6.787000000000001;-6.69;-6.649;-7.417000000000001;-9.493;-8.981;-6.9479999999999995;-2.489;-2.5980000000000003
cog;economic_growth_over_the_past_10_years;;;;;;;;;;;2.614;3.3280000000000003;2.7539999999999996;3.708;3.049;3.78;4.42;4.334;4.255;4.887;5.4;6.15;7.282;6.831;7.667999999999999;6.372000000000001;4.794;4.395;3.772;2.4290000000000003;2.391;-0.7566;-1.125;-2.906;-3.872;-2.582;-1.436;-0.8566;0.507;-4.523;-6.96;-5.086;-5.172000000000001;-3.861;
col;economic_growth_over_the_past_10_years;1.304;1.5;1.43;1.127;1.234;1.033;1.23;1.561;1.858;1.942;2.1430000000000002;2.369;2.539;2.8930000000000002;2.78;2.9939999999999998;3.1039999999999996;3.12;3.533;3.4810000000000003;3.3510000000000004;2.8960000000000004;2.333;1.8419999999999999;1.712;1.73;1.7469999999999999;1.847;1.4;1.217;1.216;1.256;1.492;1.7109999999999999;1.806;2.002;1.953;1.899;1.656;1.272;1.114;0.9871;0.9046;0.8571;
com;economic_growth_over_the_past_10_years;;;;;;;;;;;2.1069999999999998;1.344;2.176;-0.5135;-0.6187;2.3169999999999997;1.065;-0.5191;-1.033;-0.1098;1.294;1.62;1.061;1.986;1.5;0.4851;1.177;1.565;1.653;0.8861;0.4397;0.1378;-0.7647;-0.732;-0.612;-1.915;-2.371;-2.647;-3.326;-3.4739999999999998;-3.661;-3.627;-3.14;-3.648;
cpv;economic_growth_over_the_past_10_years;;;;;;;;;;;4.335;3.41;4.382;4.186;3.787;3.011;1.4169999999999998;-0.3251;-0.7912;-0.1923;-0.8356;-0.1773;-0.2224;1.732;1.827;3.935;3.8810000000000002;3.7769999999999997;4.442;4.437;4.019;3.661;3.4739999999999998;2.9589999999999996;2.24;2.525;2.454;3.5260000000000002;3.597;4.224;5.705;5.033;5.231;4.895;
cri;economic_growth_over_the_past_10_years;3.638;3.1060000000000003;2.6060000000000003;1.5419999999999998;1.7069999999999999;1.729;2.5669999999999997;2.488;1.9580000000000002;2.364;2.359;3.0389999999999997;3.187;3.156;3.156;2.5980000000000003;2.483;2.923;2.8339999999999996;2.8;2.106;1.47;0.06333;-0.3021;-0.1766;-0.3664;-0.4254;-1.006;-1.2109999999999999;-1.158;-0.9307;-0.536;0.9025;1.459;1.3659999999999999;1.716;1.6569999999999998;1.8330000000000002;2.174;2.775;2.763;2.571;2.1430000000000002;2.206;2.094
cub;economic_growth_over_the_past_10_years;;;;;;;;;;;;;;;;;;;;;3.4339999999999997;4.748;5.752000000000001;6.097;6.4270000000000005;8.283999999999999;8.017999999999999;6.909;6.382000000000001;6.181;6.018;3.9539999999999997;1.369;-0.5599;-0.6491;-3.2680000000000002;-3.113;-3.315;-3.322;-2.739;-1.643;-1.111;0.4822;2.425;
cyp;economic_growth_over_the_past_10_years;;;;;;;;;;;;;;;;;;;;;4.539;3.8280000000000003;3.787;4.21;6.596;8.412;6.742999999999999;5.931;5.99;5.771;5.843999999999999;5.494;5.563;4.824;4.75;5.246;5.013;4.441;3.8510000000000004;3.8489999999999998;3.411;3.8760000000000003;3.4560000000000004;3.803;3.543
cze;economic_growth_over_the_past_10_years;;;;;;;;;;;;;;;;;;;;;;;;;;;;;;;;;;;;;;;;;0.08766;1.597;1.8659999999999999;2.104;2.266
deu;economic_growth_over_the_past_10_years;;;;;;;;;;;;;;;;;;;;;2.6260000000000003;2.261;1.774;1.584;1.895;2.141;1.911;1.729;1.73;1.594;1.943;2.394;2.656;2.299;2.26;2.2319999999999998;2.023;2.0469999999999997;1.9180000000000001;1.801;1.65;1.3559999999999999;1.171;1.287;1.247
dji;economic_growth_over_the_past_10_years;;;;;;;;;;;;;;;;;;;;;;;;;;;;;;-1.834;-1.876;-3.391;-2.7769999999999997;-1.722;-3.6910000000000003;-1.155;-2.641;-3.205;-2.986;1.177;1.295;4.298;3.716;2.932;
dma;economic_growth_over_the_past_10_years;;;;;;;;;;;;;;;;;;;;;-2.405;-0.6307;0.1289;1.26;2.463;3.472;3.758;4.04;3.929;4.681;6.046;3.5839999999999996;4.127;3.728;3.658;3.372;2.7960000000000003;2.497;2.9189999999999996;3.742;2.859;2.3369999999999997;1.288;0.6942;
dnk;economic_growth_over_the_past_10_years;2.5860000000000003;3.577;3.987;3.358;3.7939999999999996;4.343;4.382;4.317;4.488;4.199;3.7889999999999997;3.4;3.275;3.611;2.556;1.963;2.349;2.128;1.9909999999999999;1.725;1.4509999999999998;1.025;0.9096;0.7977;1.381;1.983;1.787;1.7009999999999998;1.672;1.389;1.5590000000000002;1.899;1.785;1.524;1.682;1.604;1.4269999999999998;1.745;1.815;2.017;2.2840000000000003;2.201;2.036;2.14;1.777
dom;economic_growth_over_the_past_10_years;;1.7069999999999999;3.656;4.637;4.657;3.201;2.9339999999999997;2.19;1.537;1.841;2.653;3.4760000000000004;1.973;2.082;2.2769999999999997;3.35;3.111;3.761;4.246;3.952;3.572;3.887;3.6830000000000003;3.1430000000000002;2.457;2.266;2.224;2.11;1.992;1.93;0.5292;-0.05325;0.5704;0.8244;1.271;1.754;2.234;2.592;3.2089999999999996;3.5039999999999996;4.623;4.973;4.556;3.736;
dza;economic_growth_over_the_past_10_years;;;;;;;;;;;0.9397;0.8213;5.814;3.028;0.6806;-0.2438;1.6569999999999998;1.092;0.9978;2.562;1.68;2.5180000000000002;1.114;1.776;3.051;3.1860000000000004;2.833;3.33;2.306;0.5496;0.973;1.206;0.8472;0.2876;-0.4355;-0.2456;-0.4079;-0.8345;-0.1165;0.058710000000000005;0.3242;0.3357;0.1876;0.9883;
ecu;economic_growth_over_the_past_10_years;;1.925;1.454;1.444;1.632;1.517;1.27;1.379;1.649;1.389;1.3;1.507;2.475;4.362;4.6080000000000005;5.071000000000001;5.943;6.207000000000001;6.367999999999999;6.595;6.379;6.439;5.1770000000000005;2.6260000000000003;1.929;1.495;0.8109;-0.7109;-0.2341;-0.8106;-1.031;-1.074;-0.8837;-0.4745;-0.3896;-0.3376;-0.3296;0.7458;-0.2265;-0.2405;-0.3156;-0.4119;-0.4735;-0.2999;0.01158
egy;economic_growth_over_the_past_10_years;1.653;1.3730000000000002;0.9217;0.6008;2.747;3.159;2.762;2.764;2.7260000000000004;2.9739999999999998;2.69;2.444;2.997;2.617;1.145;0.5888;1.982;2.695;2.208;2.366;3.1189999999999998;2.944;2.801;3.779;3.9130000000000003;4.582;3.772;3.2960000000000003;3.384;3.412;2.782;3.215;3.177;2.826;2.7760000000000002;2.7569999999999997;3.33;2.885;3.133;3.085;2.971;2.7939999999999996;2.775;2.8689999999999998;
eri;economic_growth_over_the_past_10_years;;;;;;;;;;;;;;;;;;;;;;;;;;;;;;;;;;;;;;;;;;;1.341;0.6869;-0.8219
esp;economic_growth_over_the_past_10_years;5.266;4.85;5.365;6.744;5.922999999999999;5.9879999999999995;5.9639999999999995;5.919;6.1;7.2829999999999995;6.507999999999999;5.695;5.529;5.358;5.414;4.772;4.365;4.15;3.627;2.764;2.6060000000000003;2.19;1.515;0.9527;0.6082;0.8575;0.898;1.305;1.771;2.269;2.47;2.786;2.7769999999999997;2.497;2.573;2.6289999999999996;2.555;2.4019999999999997;2.352;2.3280000000000003;2.41;2.444;2.531;2.844;2.7969999999999997
est;economic_growth_over_the_past_10_years;;;;;;;;;;;;;;;;;;;;;;;;;;;;;;;;;;;;;;;;;-0.2736;1.685;4.571000000000001;4.765;5.652
eth;economic_growth_over_the_past_10_years;1.94;1.0390000000000001;1.005;0.7956;1.285;1.547;1.383;1.7209999999999999;2.199;2.055;1.838;1.892;1.9680000000000002;1.9340000000000002;1.578;0.9576;0.9599;0.8445;0.3321;0.272;0.5426;0.5168;0.1396;0.3616;-0.7023;-0.5897;-0.6748;-2.9330000000000003;-0.3643;-1.3869999999999998;-0.8547;-1.6269999999999998;0.9109;1.314;2.485;2.7939999999999996;3.366;6.272;3.7460000000000004;5.357;4.574;5.162999999999999;2.937;1.483;
fin;economic_growth_over_the_past_10_years;4.092;3.873;3.622;4.225;3.8760000000000003;3.701;3.698;3.9219999999999997;4.247;4.522;4.4;3.85;4.256;4.551;4.577;3.967;3.5660000000000003;3.625;3.508;3.158;2.9330000000000003;2.9739999999999998;2.6639999999999997;2.2769999999999997;1.989;2.176;2.535;2.6519999999999997;3.117;3.0989999999999998;2.351;1.2770000000000001;0.4952;0.01983;0.1729;0.4759;0.5229;0.8926;0.9568;0.6196;1.3519999999999999;2.32;3.0839999999999996;3.5410000000000004;3.4960000000000004
fji;economic_growth_over_the_past_10_years;;;;;;;;;;;;;;;;;;;;;3.588;2.766;2.226;0.1355;0.9897;1.358;0.1784;0.2395;-0.44;-1.268;1.476;1.851;1.253;1.567;0.9465;0.5905;2.141;1.48;1.9380000000000002;1.399;-1.219;-1.088;0.0151;0.517;
fra;economic_growth_over_the_past_10_years;3.5989999999999998;3.4589999999999996;3.5010000000000003;3.728;4.225;4.236000000000001;3.9339999999999997;3.889;4.223;4.551;4.499;4.473;4.298;4.388999999999999;4.029;3.57;3.5589999999999997;3.4160000000000004;3.323;2.969;2.675;2.365;2.262;1.8780000000000001;1.767;2.052;1.8730000000000002;1.819;1.9280000000000002;1.966;2.041;2.009;1.86;1.5630000000000002;1.652;1.6909999999999998;1.505;1.5230000000000001;1.486;1.469;1.635;1.746;1.685;1.921;1.944
fsm;economic_growth_over_the_past_10_years;;;;;;;;;;;;;;;;;;;;;1.945;2.6489999999999996;3.033;1.365;0.04872;0.83;1.374;1.17;1.149;0.9545;2.088;1.796;1.715;1.198;2.628;2.251;1.396;0.9814;0.6489;0.1849;0.9965;0.7034;0.6891;0.3616;
gab;economic_growth_over_the_past_10_years;;;;;;;;;;;8.144;7.71;8.38;7.35;7.452000000000001;6.178999999999999;10.64;5.919;1.911;0.8009999999999999;0.8749;-0.5416;-1.9969999999999999;-2.839;-3.93;-3.752;-7.507999999999999;-5.257999999999999;-1.899;-1.6909999999999998;-1.8630000000000002;-0.6599;-1.026;-0.7868;-0.3623;-0.3934;0.08388999999999999;-0.0368;-0.054220000000000004;-1.014;-2.205;-2.755;-2.839;-2.9960000000000004;-3.802
gbr;economic_growth_over_the_past_10_years;2.302;2.028;2.1390000000000002;1.992;2.114;1.995;2.041;2.14;2.4619999999999997;2.33;2.1590000000000003;2.262;2.485;2.895;2.369;2.092;2.281;2.145;2.168;2.301;1.8980000000000001;1.548;1.382;1.02;1.347;1.7530000000000001;1.824;2.185;2.37;2.303;2.532;2.46;2.332;2.197;2.37;2.285;2.151;2.0180000000000002;1.8090000000000002;1.8659999999999999;2.188;2.557;2.7060000000000004;2.696;2.571
geo;economic_growth_over_the_past_10_years;;;;;;;;;;;;;;;;;;;;;;;;;;;;;;;;;;;;;;;;;;;-0.8553;4.314;8.745
gha;economic_growth_over_the_past_10_years;;;;;;-4.072;1.635;1.255;2.9189999999999996;5.0760000000000005;10.84;9.487;8.032;9.404;6.181;13.12;4.633;3.5460000000000003;3.41;3.688;0.9051;0.00436;-1.9069999999999998;-2.1590000000000003;-1.375;-0.6092;0.2682;1.317;-0.3891;-0.3305;0.1182;0.2244;0.1199;1.374;0.7845;1.899;1.137;0.3242;0.5929;0.585;1.902;1.736;1.945;1.891;
gin;economic_growth_over_the_past_10_years;;;;;;;;;;-0.1919;-2.755;-2.997;-2.773;-3.028;-1.6369999999999998;-1.764;-1.072;-1.208;-0.8042;-0.6812;0.9359999999999999;0.3744;0.5797;-0.056589999999999994;-0.9487;-1.286;-1.7469999999999999;-1.251;-1.1;-0.9755;-1.464;-1.319;-1.2209999999999999;-0.4012;-0.156;0.7074;0.7937;1.09;1.218;1.349;1.4880000000000002;2.345;2.688;2.725;3.2539999999999996
gmb;economic_growth_over_the_past_10_years;;;;;;;;;;;1.9580000000000002;2.8289999999999997;3.2430000000000003;1.374;2.612;1.2229999999999999;0.7932;1.287;0.218;-0.353;-0.3895;-0.0544;1.089;0.4409;-0.165;-1.145;-0.6268;-1.012;-0.1781;0.5216;0.2744;-0.043;-0.9004;-1.004;-1.117;-1.557;-1.7;-1.4769999999999999;-0.9595;0.06624;0.4442;0.7903;0.008190000000000001;0.7290000000000001;
gnb;economic_growth_over_the_past_10_years;;;;;;;;;;;3.6889999999999996;3.696;2.95;1.4669999999999999;1.2329999999999999;1.911;2.386;0.9745;-0.1532;-1.0659999999999998;-3.0669999999999997;-0.648;0.09333999999999999;-0.00248;-0.1365;-1.8940000000000001;-1.2429999999999999;-1.2930000000000001;-0.7564;-0.2555;2.419;0.1277;-3.238;-1.546;-0.4931;0.04115;0.4994;0.802;-2.023;-1.6130000000000002;1.736;-1.0959999999999999;1.896;0.7457;
gnq;economic_growth_over_the_past_10_years;;;;;;;;;;;2.41;2.593;2.634;3.5789999999999997;4.133;6.936;8.578;8.927;7.851;5.939;4.968;4.406000000000001;4.256;2.262;1.16;-1.7280000000000002;-4.474;-6.169;-4.692;-3.695;-2.0380000000000003;-1.8359999999999999;-0.3314;-1.4040000000000001;-6.017;-4.997;0.2832;9.783;11.04;13.58;15.02;19.21;21.97;22.23;
grc;economic_growth_over_the_past_10_years;;4.593999999999999;5.043;5.1579999999999995;5.6579999999999995;6.098;5.8260000000000005;5.692;5.917000000000001;6.5329999999999995;7.082999999999999;6.781000000000001;7.642;7.432;5.843;5.481;5.507000000000001;5.17;5.12;4.401;3.6310000000000002;2.6439999999999997;1.528;0.6267;1.521;1.192;0.6502;0.2289;0.0668;0.2068;0.1957;0.6768;0.8259;0.7164;0.6666;0.5826;0.7302;1.2830000000000001;1.158;1.113;1.538;1.74;2.104;2.841;3.19
grd;economic_growth_over_the_past_10_years;;;;;;;;;;;;;;;;;;;;;1.615;0.872;1.4169999999999998;1.733;2.447;3.022;3.141;0.8986;0.6943;1.57;1.732;2.645;2.472;1.859;1.016;0.7365;0.7155;3.1910000000000003;3.534;3.42;3.444;3.2769999999999997;3.023;3.258;
gtm;economic_growth_over_the_past_10_years;0.9193;1.229;1.0190000000000001;1.344;1.591;2.125;2.2769999999999997;2.093;2.168;2.292;2.374;2.145;2.866;2.7910000000000004;2.813;2.782;2.426;2.79;2.4619999999999997;2.434;2.582;2.201;1.127;0.6109;0.2559;-0.057260000000000005;-0.2477;-0.8476;-0.8818;-1.216;-1.49;-1.247;-0.9963;-0.5399;-0.1615;0.2138;0.5201;0.71;0.8332;0.9524;0.9819;0.9253;0.9338;0.8138;
hkg;economic_growth_over_the_past_10_years;;;;;;;;;;;7.909;8.339;8.18;7.272;6.053999999999999;4.718999999999999;4.984;6.292000000000001;7.024;6.5729999999999995;6.667999999999999;6.624;6.042000000000001;5.46;6.336;6.39;6.184;6.09;5.8629999999999995;5.5489999999999995;5.142;5.031000000000001;5.412000000000001;5.519;5.244;5.274;4.545;3.7319999999999998;2.074;1.818;2.156;1.54;1.038;0.7686;1.08
hnd;economic_growth_over_the_past_10_years;-0.2572;-0.265;0.2931;-0.4154;1.031;1.806;0.5547;0.62;0.6077;0.1672;0.7239;1.578;1.982;2.298;0.9391;0.8419;1.436;1.6969999999999998;1.834;2.434;2.228;1.8630000000000002;1.6580000000000001;1.219;2.133;1.8330000000000002;1.105;1.105;0.5663;0.4554;0.2678;-0.4217;-0.3468;-0.06176;-0.5786;-0.5948;-0.2487;-0.2187;-0.2035;-1.215;-0.5462;-0.2063;-0.2917;-0.1669;0.6476
hrv;economic_growth_over_the_past_10_years;;;;;;;;;;;;;;;;;;;;;;;;;;;;;;;;;;;;;;;;;-1.758;0.9053;2.595;3.924;3.7039999999999997
hti;economic_growth_over_the_past_10_years;;;;;;;;;;;;;;;;;;;;;3.9789999999999996;3.472;2.785;2.416;2.156;1.9269999999999998;0.4311;-0.1015;-0.5029;-1.83;-2.878;-2.9;-2.647;-1.805;-2.84;-1.6769999999999998;-1.5930000000000002;-1.181;-1.1159999999999999;-0.05555;0.5937;;;;
hun;economic_growth_over_the_past_10_years;;;;;;;;;;;;;;;;;;;;;4.034;4.104;3.529;2.946;2.995;2.819;2.677;2.431;2.737;1.9369999999999998;1.723;0.2685;-0.0504;0.3676;-0.07156;-0.021769999999999998;-0.1793;-0.1546;0.07034;0.4711;1.216;2.8539999999999996;3.318;3.154;3.786
idn;economic_growth_over_the_past_10_years;;;;;;;;;;;1.534;2.051;3.614;5.138999999999999;4.854;5.461;5.843999999999999;6.871;6.325;5.757000000000001;4.996;4.282;2.616;2.154;2.728;2.475;2.2030000000000003;2.021;2.363;3.0580000000000003;3.427;4.1739999999999995;5.388;5.162000000000001;4.761;5.256;5.3629999999999995;5.058;3.2760000000000002;2.559;2.602;2.051;1.839;1.743;1.2890000000000001
ind;economic_growth_over_the_past_10_years;1.61;2.104;1.76;2.108;2.37;2.079;1.922;2.41;2.316;3.0989999999999998;2.865;2.87;2.347;1.686;0.9641;1.73;2.227;2.0909999999999997;2.177;1.093;1.5759999999999998;1.6059999999999999;2.105;2.272;3.036;2.98;3.091;3.117;3.092;3.665;3.463;2.978;2.885;2.873;2.667;2.8989999999999996;2.937;2.803;2.8689999999999998;3.484;3.3739999999999997;3.853;4.145;4.458;
irl;economic_growth_over_the_past_10_years;1.849;2.0269999999999997;2.401;2.468;2.674;2.372;2.594;3.252;4.046;4.069;3.721;3.498;3.778;3.812;3.6310000000000002;3.484;3.6439999999999997;3.752;3.574;3.335;3.193;3.139;2.436;1.791;1.839;2.033;1.847;1.5119999999999998;1.308;1.585;2.405;2.349;2.6910000000000003;3.088;3.411;4.144;4.933;5.7139999999999995;6.0;6.42;6.3629999999999995;6.702000000000001;6.882999999999999;7.057;6.757000000000001
irn;economic_growth_over_the_past_10_years;;;;;;4.192;4.965;5.044;5.607;5.769;5.895;7.42;7.739;8.425;7.506;5.8229999999999995;7.082000000000001;4.8580000000000005;3.383;2.2880000000000003;-0.6463;-3.5639999999999996;-3.947;-4.375;-3.425;-3.01;-5.733;-4.806;-4.723;-4.5089999999999995;-2.043;0.1444;0.5698;0.3109;0.5358;0.09947;1.6030000000000002;2.38;3.404;3.852;3.182;2.673;2.312;2.21;
irq;economic_growth_over_the_past_10_years;;;;;;;;;;;;;;;;;;;;;5.388;-0.317;1.095;2.779;2.045;0.6877;-0.7268;0.9393;-0.893;-2.9389999999999996;-2.841;-7.524;-5.932;-5.18;-4.494;-5.561;-2.815;-7.8229999999999995;-3.377;-0.2611;-0.3721;10.26;7.079;-2.909;
isl;economic_growth_over_the_past_10_years;2.765;2.825;3.763;3.398;3.552;3.2560000000000002;3.95;4.02;2.494;2.496;3.032;4.713;4.237;4.05;3.9330000000000003;3.181;2.537;3.707;5.026;5.359;5.251;4.1;4.125;3.04;2.577;2.9589999999999996;3.407;3.162;2.535;2.048;1.5930000000000002;1.168;0.6382;0.9784;0.97;0.6585;0.5957;0.2851;0.9107;1.3090000000000002;1.7269999999999999;2.035;2.147;2.498;2.798
isr;economic_growth_over_the_past_10_years;3.514;3.7110000000000003;5.353;6.381;5.597;5.041;3.8160000000000003;3.947;5.227;5.638;5.787999999999999;5.593999999999999;5.695;5.847;5.494;5.236000000000001;5.185;4.83;3.668;2.7969999999999997;2.037;1.7590000000000001;1.173;0.7163;0.3157;0.1489;0.8392;1.841;1.506;1.04;1.669;1.6440000000000001;1.858;1.831;2.509;2.9419999999999997;2.9819999999999998;2.39;2.474;2.7960000000000003;3.005;2.326;1.7109999999999999;1.4169999999999998;1.216
ita;economic_growth_over_the_past_10_years;5.211;5.167999999999999;5.371;5.247999999999999;5.053999999999999;4.724;4.915;5.19;5.406000000000001;5.348;5.02;4.371;4.0569999999999995;4.165;4.471;3.907;3.97;3.52;3.236;3.22;3.096;3.0269999999999997;2.8289999999999997;2.33;2.14;2.747;2.395;2.522;2.595;2.353;2.191;2.279;2.2840000000000003;2.023;1.944;1.925;1.76;1.6580000000000001;1.4480000000000002;1.3259999999999998;1.419;1.444;1.419;1.5859999999999999;1.494
jam;economic_growth_over_the_past_10_years;;;;5.34;4.742;4.086;3.113;1.9380000000000002;1.8;1.865;2.654;2.464;3.156;2.589;1.8719999999999999;1.2009999999999998;1.063;1.0490000000000002;1.002;0.2553;-1.6640000000000001;-1.7719999999999998;-2.6189999999999998;-2.133;-2.059;-2.049;-1.827;-0.7452;-0.5257;0.5284;1.774;1.624;2.049;1.943;2.184;2.608;2.451;1.4069999999999998;1.545;0.6794;0.168;0.3582;0.00705;-0.3392;
jor;economic_growth_over_the_past_10_years;;;;;4.346;7.151;4.296;4.283;2.291;1.4869999999999999;0.1471;-1.2919999999999998;-0.8992;-1.919;-2.864;-4.58;-3.69;-4.4030000000000005;-2.129;-1.4069999999999998;0.4151;0.5397;0.9234;1.861;3.1439999999999997;4.449;4.125;4.537;2.166;-0.3959;-2.22;-2.1719999999999997;-2.728;-2.886;-3.1660000000000004;-2.863;-3.4789999999999996;-2.992;-2.3409999999999997;-0.4288;0.983;1.371;1.489;0.9289;
jpn;economic_growth_over_the_past_10_years;6.832999999999999;7.107;6.903;7.148;7.806;7.611000000000001;7.983;8.392999999999999;9.216000000000001;9.542;9.353;8.53;8.453;8.379;6.994;6.707000000000001;6.023;5.336;4.627;4.008;3.2;3.091;2.597;1.992;2.535;2.847;2.821;2.833;3.0269999999999997;3.043;3.3810000000000002;3.471;3.324;3.228;3.048;2.7539999999999996;2.824;2.63;1.831;1.2930000000000001;1.028;0.7209;0.5931;0.7273;0.9206
kaz;economic_growth_over_the_past_10_years;;;;;;;;;;;;;;;;;;;;;;;;;;;;;;;;;;;;;;;;;;;;1.551;
ken;economic_growth_over_the_past_10_years;0.5538;-1.28;0.2225;1.1;1.001;1.025;1.396;1.2309999999999999;0.6759999999999999;1.64;-0.2126;0.4092;0.2475;-0.1825;0.05107;-0.5092;-1.483;-1.29;-0.14300000000000002;-0.3441;1.061;0.6722;0.2559;0.2889;-0.2816;-0.273;0.7859999999999999;0.7539;0.5482;0.6359;0.6932;0.7716;0.3405;0.5152;0.5374;1.092;0.5123;0.2993;-0.1651;-0.6138;-0.6325;-0.6039;-0.5076;-0.3219;
khm;economic_growth_over_the_past_10_years;;;;;;;;;;;;;;;;;;;;;-8.274;-7.72;-7.555;-5.941;-5.63;-5.846;-6.327000000000001;-4.9639999999999995;-3.555;-2.324;-1.639;-0.9977;0.03057;0.7884;1.607;1.59;2.662;3.247;1.716;2.035;2.839;2.799;2.5669999999999997;2.6310000000000002;
kir;economic_growth_over_the_past_10_years;;;;;;;;;;;;;;;;;;;;;-5.022;-4.503;-4.63;-7.382999999999999;-10.08;-10.97;-8.116;-8.078;-6.752000000000001;-6.781000000000001;-0.7988;-0.5556;-1.785;-0.7149;-0.7687;0.1167;0.2796;1.1840000000000002;0.02702;1.868;1.855;1.399;1.6969999999999998;1.933;
kna;economic_growth_over_the_past_10_years;;;;;;;;;;;;;;;;;;;;;2.734;4.78;3.5;3.04;4.229;4.6160000000000005;5.28;6.091;4.118;4.445;5.218999999999999;4.226;4.925;5.367000000000001;5.617000000000001;5.0169999999999995;5.228;5.5089999999999995;6.456;6.986000000000001;5.642;4.77;4.328;3.91;
kor;economic_growth_over_the_past_10_years;;;;1.416;1.9809999999999999;1.735;2.5860000000000003;2.49;3.343;4.638999999999999;5.435;5.851;6.23;6.506;6.715;6.7620000000000005;6.655;7.209;7.29;6.827000000000001;5.685;5.417999999999999;5.723;5.711;5.771;6.001;6.02;6.156000000000001;6.172000000000001;6.142;7.727;8.204;7.999;7.641;7.665;7.917999999999999;7.669;6.9670000000000005;5.002;5.305;5.053;4.51;4.7139999999999995;4.44;4.103
kwt;economic_growth_over_the_past_10_years;;;;;;;;;;;;;;;;;;;;;-7.518;-8.974;-9.533999999999999;-9.049;-7.667999999999999;-6.4;-6.746;-6.1370000000000005;-6.059;-5.566;-5.716;-1.381;0.8287;3.8289999999999997;3.823;4.361000000000001;4.467;3.7680000000000002;3.647;1.2229999999999999;4.349;1.153;-0.8902;-1.705;
lao;economic_growth_over_the_past_10_years;;;;;;;;;;;;;;;;;;;;;-1.128;-0.4851;-0.2919;-0.1111;0.1395;1.4080000000000001;2.208;1.8619999999999999;3.071;3.923;3.912;3.102;2.977;2.949;2.99;1.993;2.109;2.824;0.8453;-0.09922;-0.4049;-0.3985;0.5498;0.6408;
lbn;economic_growth_over_the_past_10_years;;;;;;;;;;;;;;;;;;;;;;;;;;;;;;;;;;;;;;;;;;4.513;5.638;5.985;
lbr;economic_growth_over_the_past_10_years;;;;;;;;;;;;;;;;;;;;;-1.5630000000000002;-1.5830000000000002;-0.9922;-2.7510000000000003;-1.8090000000000002;0.1564;-1.08;-1.465;-2.66;-5.987;-10.61;-10.92;-15.49;-18.09;-20.38;-20.21;-18.88;-13.56;-12.01;-8.173;-1.537;-1.169;3.845;4.5969999999999995;
lca;economic_growth_over_the_past_10_years;;;;;;;;;;;;;;;;;;;;;2.147;1.151;1.26;2.311;2.977;3.6519999999999997;5.879;4.512;6.057;5.3629999999999995;6.11;5.921;6.06;5.167000000000001;3.801;3.437;1.874;1.507;1.314;0.9155;0.5856;0.10800000000000001;-0.3633;-0.2193;
lka;economic_growth_over_the_past_10_years;0.504;1.403;0.6729999999999999;1.9509999999999998;1.58;2.221;3.247;3.977;3.035;3.5780000000000003;3.6710000000000003;3.04;3.872;3.773;3.745;3.465;3.569;3.0069999999999997;3.883;4.066;4.095;4.468999999999999;4.405;3.6510000000000002;3.4960000000000004;4.5889999999999995;4.86;4.67;4.066;3.8169999999999997;4.043;3.241;3.352;3.928;4.098;3.576;3.653;4.1;4.1930000000000005;4.452;3.9160000000000004;3.986;3.49;3.451;
lso;economic_growth_over_the_past_10_years;;;;;;;;;;;1.781;1.6569999999999998;0.9098;2.375;2.469;0.9365;1.962;2.134;5.08;3.341;5.6129999999999995;5.353;5.143;3.22;2.4330000000000003;4.2410000000000005;4.551;3.4410000000000003;1.165;2.702;0.6967;0.3302;0.19399999999999998;1.2;2.044;2.158;1.9469999999999998;2.539;3.141;3.3310000000000004;3.36;3.92;3.792;3.964;
ltu;economic_growth_over_the_past_10_years;;;;;;;;;;;;;;;;;;;;;;;;;;;;;;;;;;;;;;;;;;;;3.841;5.77
lux;economic_growth_over_the_past_10_years;1.617;2.667;2.145;1.902;2.909;2.5610000000000004;2.109;1.479;1.883;2.9389999999999996;2.698;2.551;3.033;3.699;3.213;2.369;2.5660000000000003;2.81;2.7430000000000003;1.9780000000000002;1.94;1.699;1.264;0.8639;1.137;2.2119999999999997;2.96;3.1630000000000003;3.615;4.242;4.625;5.483;5.409;5.375;5.013;4.697;3.9219999999999997;4.3069999999999995;4.087;3.835;4.1739999999999995;3.403;3.458;3.332;3.3739999999999997
lva;economic_growth_over_the_past_10_years;;;;;;;;;;;;;;;;;;;;;;;;;;;;;;;;;;;;;;;;;;;;4.553;
mac;economic_growth_over_the_past_10_years;;;;;;;;;;;;;;;;;;;;;7.391;7.237;6.848;6.322;5.99;5.085;4.624;4.883;4.643;4.295;4.345;3.75;4.041;4.064;3.8289999999999997;4.247;3.9139999999999997;2.677;1.714;1.036;1.0290000000000001;1.337;1.489;2.4530000000000003;4.492
mar;economic_growth_over_the_past_10_years;0.08436;1.9280000000000002;2.8310000000000004;3.772;4.376;4.48;4.306;5.225;5.86;5.794;5.7;4.426;3.4939999999999998;2.52;1.964;2.513;3.509;3.094;2.841;2.866;3.0639999999999996;2.592;2.984;2.5839999999999996;2.597;2.487;2.495;1.8259999999999998;1.9580000000000002;1.608;1.635;2.306;0.9998;0.9883;1.7409999999999999;0.611;0.8205;0.8059;0.5868;0.3898;0.2289;0.1736;0.9752;1.485;
mda;economic_growth_over_the_past_10_years;;;;;;;;;;;;;;;;;;;;;;;;;;;;;;;;;;;;;;;;;;;-1.0490000000000002;-0.5282;1.391
mdg;economic_growth_over_the_past_10_years;;;;;;;;;;;0.9257;0.9059999999999999;0.6123;0.3954;0.2051;0.2535;-0.6009;-0.7024;-1.403;-0.997;-1.605;-2.737;-3.0210000000000004;-2.5789999999999997;-2.524;-2.379;-1.7719999999999998;-2.12;-1.922;-2.336;-2.456;-1.193;-1.454;-1.4780000000000002;-1.672;-1.665;-1.435;-1.026;-0.9479;-1.601;-1.071;-1.162;-1.886;-1.393;-1.196
mdv;economic_growth_over_the_past_10_years;;;;;;;;;;;;;;;;;;;;;8.882;9.002;7.544;7.912000000000001;9.208;9.372;9.166;8.874;8.23;8.036;7.776;7.337999999999999;8.301;7.313;5.462999999999999;4.876;4.997;4.748;4.832;3.9810000000000003;3.8560000000000003;3.301;3.4610000000000003;4.261;3.8080000000000003
mex;economic_growth_over_the_past_10_years;3.1919999999999997;2.532;2.5380000000000003;3.4739999999999998;3.6639999999999997;3.3569999999999998;3.227;2.989;3.31;3.515;3.292;3.4619999999999997;3.867;3.755;3.057;3.167;3.0210000000000004;2.782;2.782;3.279;3.492;3.943;3.136;1.986;1.85;1.6219999999999999;0.9033;0.7953;0.141;-0.2287;-0.4589;-0.8008;-0.3536;0.306;0.4181;-0.4522;0.4019;0.9673;1.433;1.4369999999999998;1.6280000000000001;1.261;1.04;1.0490000000000002;1.092
mkd;economic_growth_over_the_past_10_years;;;;;;;;;;;;;;;;;;;;;;;;;;;;;;;;;;;;;;;;;-0.4651;-0.2813;0.3146;0.7140000000000001;
mli;economic_growth_over_the_past_10_years;;;;;;;;;;;-1.5919999999999999;-0.8373;-0.2249;-1.6569999999999998;1.061;1.089;1.567;2.363;2.102;2.574;2.026;0.9172;0.07134;1.619;1.4080000000000001;0.6286;1.796;1.411;0.7989;0.9415;0.5399;1.367;2.532;2.437;1.984;2.27;1.4169999999999998;1.262;2.908;2.499;1.9380000000000002;2.886;2.117;2.239;2.5269999999999997
mlt;economic_growth_over_the_past_10_years;;;;;;;;;;;;;;;;;;;;;11.01;10.69;9.424;8.916;8.28;6.28;5.2860000000000005;4.415;3.5639999999999996;3.273;3.389;3.845;4.863;4.678;4.838;4.822;4.61;4.81;4.7410000000000005;4.458;4.663;3.9560000000000004;3.5;2.9360000000000004;2.461
mng;economic_growth_over_the_past_10_years;;;;;;;;;;;;;;;;;;;;;2.7769999999999997;3.138;3.613;3.33;3.5389999999999997;3.488;4.029;3.6010000000000004;3.3760000000000003;3.2310000000000003;2.342;0.5886;-1.128;-1.8619999999999999;-2.081;-1.837;-2.441;-2.266;-2.286;-2.103;-1.6269999999999998;-0.4731;0.9794;1.851;
moz;economic_growth_over_the_past_10_years;;;;;;;;;;;1.885;2.316;1.8619999999999999;1.949;2.17;2.401;2.7760000000000002;1.484;1.051;0.6441;1.237;0.8634;0.16399999999999998;-0.7599;-1.68;-3.097;-3.2039999999999997;-2.04;-0.8597;-0.08258;-0.1554;-0.4756;-0.9576;0.2898;1.274;0.6826;0.9885;1.05;0.7585;-0.4646;-0.1994;1.4;2.909;3.3939999999999997;
mrt;economic_growth_over_the_past_10_years;;;;;;;;;;;;;;;;;;;;;-0.03762;0.4583;-0.6953;-0.5585;-1.2990000000000002;-1.709;-2.073;-2.239;-1.3230000000000002;-1.093;-0.2793;-0.5815;0.2795;1.3019999999999998;1.416;1.8030000000000002;1.4380000000000002;1.729;1.6440000000000001;1.771;2.093;1.933;2.338;0.7789;
mus;economic_growth_over_the_past_10_years;-4.559;-2.8280000000000003;-2.1109999999999998;-0.8345;-0.1594;-0.8066;-0.8607;-0.7602;-1.0590000000000002;-1.068;1.794;0.3404;0.2996;0.4264;0.752;2.4530000000000003;3.306;3.801;5.003;5.045;4.044;3.585;4.156000000000001;3.06;2.9389999999999996;2.403;2.371;2.807;3.076;3.553;4.633;4.997;4.772;5.194;5.222;5.3420000000000005;5.023;4.261;4.388999999999999;3.985;4.357;4.636;3.963;3.877;3.884
mwi;economic_growth_over_the_past_10_years;;;;;0.8286;1.3969999999999998;1.889;1.8730000000000002;1.36;1.5290000000000001;0.2878;1.162;1.895;2.5860000000000003;2.891;2.1959999999999997;1.829;1.7280000000000002;2.622;3.057;4.15;3.13;2.2;2.1;1.626;1.939;1.601;1.0270000000000001;0.2461;-0.363;-0.3586;-0.2159;-1.474;-0.6398;1.365;1.104;0.9051;1.534;1.969;1.9709999999999999;2.089;0.9819;2.213;1.4240000000000002;-0.1934
mys;economic_growth_over_the_past_10_years;;;;;;2.552;2.875;3.095;3.944;3.503;3.465;4.906000000000001;5.334;5.732;5.935;5.481;5.919;6.305;6.256;6.608;6.895;5.377999999999999;4.976;4.5;4.434;4.218999999999999;3.236;3.12;3.264;3.27;3.2889999999999997;3.423;3.842;4.072;4.251;5.079;5.935;6.037999999999999;5.212000000000001;5.17;5.117;4.513;4.025;3.904;
nam;economic_growth_over_the_past_10_years;;;;;;;;;;;;;;;;;;;;;-0.5244;0.6393;1.051;0.9088;0.5743;-0.3458;0.1914;0.4698;-0.08849;-0.4875;-1.065;-0.8409;-0.8966;-0.7098;-0.4544;0.07503;-0.3323;-1.379;-0.8285;-0.08531;1.663;0.3521;0.6157;1.317;
ner;economic_growth_over_the_past_10_years;;;;;;;;;;;-0.5449;-1.2990000000000002;-1.808;-3.2880000000000003;-3.742;-1.93;-0.5846;-1.26;-0.7761;0.373;1.023;1.875;1.8159999999999998;3.298;2.092;-0.03405;-0.2273;-0.6552;-1.209;-1.7630000000000001;-2.029;-3.033;-3.04;-3.407;-1.801;-2.049;-3.092;-1.806;-1.1079999999999999;-1.035;-2.0909999999999997;-1.297;-0.9717;-0.4245;-0.6189
nga;economic_growth_over_the_past_10_years;4.39;3.1489999999999996;2.575;3.12;2.779;1.76;1.206;-0.5926;-1.072;0.1161;-0.6082;0.6284;0.8874;0.5076;1.374;1.535;2.78;5.3020000000000005;4.854;1.534;-0.4345;-0.4398;-0.9685;-1.6740000000000002;-3.3480000000000003;-2.186;-2.544;-3.5869999999999997;-2.531;-0.5355;0.7159;0.3804;0.6645;1.23;1.7;-0.0737;0.9923;1.3359999999999999;0.6136;0.4179;0.1286;-0.08335;0.0627;1.253;1.32
nic;economic_growth_over_the_past_10_years;2.4619999999999997;2.023;1.614;1.876;1.8119999999999998;2.324;2.398;2.415;2.55;3.262;3.0610000000000004;2.937;2.391;1.9909999999999999;1.599;1.584;1.8880000000000001;1.2329999999999999;1.253;-1.002;-1.361;-1.508;-1.905;-1.217;-1.4769999999999999;-2.9019999999999997;-3.1489999999999996;-4.071000000000001;-4.542;-3.5660000000000003;-3.031;-4.289;-4.2;-5.184;-5.316;-4.369;-4.25;-3.4410000000000003;-2.7560000000000002;-1.7009999999999998;-1.236;0.09476;-0.08676;0.4533;0.6678
nld;economic_growth_over_the_past_10_years;2.931;3.0260000000000002;3.7230000000000003;3.1310000000000002;3.0669999999999997;2.9019999999999997;2.524;2.858;3.96;4.081;3.6710000000000003;4.002;3.609;3.764;3.3539999999999996;2.8939999999999997;3.139;2.972;2.655;2.273;1.8880000000000001;1.365;1.079;0.8433;0.7766;1.09;1.01;0.8886;0.8944;1.218;1.469;1.8940000000000001;2.1590000000000003;2.004;1.994;2.015;1.994;2.202;2.365;2.306;2.286;2.1959999999999997;2.069;2.008;1.913
nor;economic_growth_over_the_past_10_years;2.545;3.0060000000000002;2.801;2.553;2.678;2.986;3.128;3.3810000000000002;3.445;3.6189999999999998;3.498;3.4589999999999996;3.548;3.615;3.615;3.608;3.844;3.648;3.668;3.73;3.9730000000000003;3.5380000000000003;3.273;3.077;3.222;3.235;3.1010000000000004;2.83;2.6430000000000002;2.3480000000000003;2.083;2.326;2.5540000000000003;2.569;2.53;2.441;2.532;2.9360000000000004;3.1889999999999996;3.217;3.2680000000000002;3.16;2.926;2.74;2.459
npl;economic_growth_over_the_past_10_years;;;;;;;;;;;0.7644;0.7493;0.8135;0.6806;0.3533;0.8009999999999999;0.1639;0.7238;1.295;0.9771;-0.1169;0.7562;0.9458;0.877;1.181;1.246;1.48;1.188;1.238;1.5719999999999998;2.443;2.237;1.79;2.3930000000000002;2.283;2.22;2.303;2.658;2.199;2.177;2.499;2.4530000000000003;2.225;2.0180000000000002;
nzl;economic_growth_over_the_past_10_years;1.895;2.7880000000000003;2.862;3.292;2.7539999999999996;3.057;3.5860000000000003;2.648;2.5580000000000003;3.218;1.7209999999999999;1.5819999999999999;1.886;2.046;2.19;1.406;0.9768;1.208;1.296;0.4762;0.8192;0.9063;0.6122;0.4552;0.4102;0.6506;0.7807;1.194;1.337;1.163;0.98;0.5153;0.4374;0.49700000000000005;0.4682;0.7877;0.8262;1.014;0.9413;1.507;1.749;2.209;2.645;2.407;2.31
omn;economic_growth_over_the_past_10_years;;;;;;;;;;;;;;;;;;;;;-0.3181;2.085;2.4819999999999998;4.7669999999999995;4.875;3.91;1.8159999999999998;1.465;2.5639999999999996;2.552;3.855;3.1239999999999997;3.016;2.755;1.974;1.474;1.794;2.49;1.911;1.8459999999999999;1.581;1.788;1.207;0.6008;
pak;economic_growth_over_the_past_10_years;-0.4482;-0.1085;0.04231;0.2937;1.281;2.0780000000000003;2.112;2.6180000000000003;3.02;2.912;4.4;4.3389999999999995;4.6160000000000005;3.886;3.2310000000000003;3.048;2.721;2.989;2.648;3.2319999999999998;2.5669999999999997;2.7769999999999997;2.7969999999999997;3.1260000000000003;3.625;3.528;3.8689999999999998;3.878;4.249;3.697;3.283;3.273;2.9530000000000003;2.702;2.535;2.521;1.91;1.493;1.262;1.402;1.207;0.833;0.9598;1.2209999999999999;1.291
pan;economic_growth_over_the_past_10_years;1.8130000000000002;3.2319999999999998;3.175;2.8810000000000002;3.23;3.237;3.701;3.8760000000000003;5.06;5.471;4.2860000000000005;3.883;3.1630000000000003;3.585;2.9530000000000003;2.926;2.75;2.8569999999999998;2.627;2.747;4.159;4.41;4.7860000000000005;3.95;4.3260000000000005;4.298;4.231;3.508;2.168;2.217;0.6457;1.123;1.091;1.3869999999999998;1.216;0.7052;0.5781;1.046;2.5669999999999997;2.5580000000000003;2.588;1.547;1.493;1.62;
per;economic_growth_over_the_past_10_years;2.43;1.8319999999999999;2.273;2.86;3.08;3.028;3.1310000000000002;3.32;3.779;4.406000000000001;4.266;3.87;3.2030000000000003;3.029;3.2430000000000003;3.043;2.412;2.174;1.3030000000000002;1.079;0.7129;0.711;0.5585;-1.181;-1.6480000000000001;-1.808;-0.9424;-0.157;-0.6376;-2.324;-3.383;-3.575;-3.7089999999999996;-2.108;-1.247;-0.6886;-1.435;-1.653;-0.7596;0.9553;1.785;1.6769999999999998;2.242;2.219;
phl;economic_growth_over_the_past_10_years;4.032;4.083;3.263;3.403;2.678;2.877;2.004;2.423;2.0540000000000003;1.581;1.766;1.8259999999999998;1.9480000000000002;2.166;2.1180000000000003;2.29;2.7889999999999997;3.1060000000000003;3.095;2.94;3.0989999999999998;3.097;2.485;1.855;1.548;0.2121;-0.0493;-0.5291;-0.2349;0.03934;-0.2596;-0.5902;-0.4478;-0.5376;0.2745;1.124;0.9847;1.69;0.7232;0.8885;1.774;1.348;1.335;1.256;1.815
plw;economic_growth_over_the_past_10_years;;;;;;;;;;;;;;;;;;;;;;;;;;;;;;;-0.155;1.175;0.8243;0.981;1.318;3.219;4.2010000000000005;4.585;2.838;1.5119999999999998;0.8962;1.003;1.0290000000000001;1.05;
png;economic_growth_over_the_past_10_years;;;;;;;;;;;;;;;;;;;;;5.607;4.666;2.687;2.59;2.7489999999999997;3.537;-0.7546;-0.0071200000000000005;-0.8784;-0.7947;-1.0659999999999998;-0.3741;0.46799999999999997;2.582;2.958;1.605;1.5130000000000001;1.2109999999999999;2.115;3.137;2.9739999999999998;2.636;2.294;0.051620000000000006;
pol;economic_growth_over_the_past_10_years;;;;;;;;;;;;;;;;;;;;;4.811;3.14;1.228;0.6366;0.3688;0.031639999999999995;-0.3906;-0.7445;-0.6445;-0.4491;-0.5575;0.2452;1.442;1.436;1.43;1.5230000000000001;1.715;2.1630000000000003;2.316;2.815;3.858;4.184;4.147;4.158;4.28
pri;economic_growth_over_the_past_10_years;;;;;;;;;;;;;;;;;;;;;2.452;1.642;0.8066;1.439;2.365;2.9189999999999996;2.365;2.506;2.502;3.138;3.497;4.001;4.41;4.048;4.263999999999999;3.2960000000000003;3.1039999999999996;3.1239999999999997;2.9;2.7960000000000003;3.443;3.136;3.2230000000000003;3.2439999999999998;
prk;economic_growth_over_the_past_10_years;;;;;;;;;;;;;;;;;;;;;9.433;9.241;8.68;8.941;9.316;8.99;8.357000000000001;8.113;7.332999999999999;6.5729999999999995;5.861000000000001;4.4510000000000005;4.291;2.298;0.8094;-0.3271;-1.117;-2.49;-2.815;-2.395;-2.5669999999999997;-1.607;-1.905;-1.041;
prt;economic_growth_over_the_past_10_years;4.42;4.117;4.365;4.433;4.621;5.018;5.056;5.494;6.707000000000001;6.545;6.632000000000001;6.69;6.824;7.377000000000001;6.961;5.4079999999999995;5.537000000000001;5.171;3.9530000000000003;3.9539999999999997;3.6039999999999996;3.069;2.54;1.396;0.9561;1.973;2.0140000000000002;2.156;2.9010000000000002;3.049;3.1839999999999997;3.34;3.248;3.2560000000000002;3.8760000000000003;3.775;3.516;3.2310000000000003;2.8539999999999996;2.6839999999999997;2.4330000000000003;2.259;2.186;2.157;1.869
pry;economic_growth_over_the_past_10_years;;0.3497;0.6561;1.3119999999999998;1.149;0.5918;0.6969;1.057;0.8161;1.281;1.709;1.507;1.777;1.7830000000000001;1.9709999999999999;2.478;2.938;3.259;3.8960000000000004;4.524;4.977;5.271;4.865;4.4030000000000005;3.967;3.5410000000000004;2.904;2.214;1.844;1.341;0.5185;0.00224;0.1211;0.6021;0.5755;0.6291;0.882;0.7933;0.1763;-0.2135;-0.2888;-0.2041;-0.6747;-0.9348;
qat;economic_growth_over_the_past_10_years;;;;;;;;;;;;;;;;;;;;;-2.414;-3.695;-4.849;-6.7139999999999995;-7.968;-6.989;-7.024;-6.921;-7.119;-6.667999999999999;-5.8260000000000005;-5.901;-4.354;-3.759;-3.58;-2.824;-2.9019999999999997;-0.693;0.6711;0.8924;1.162;1.6469999999999998;1.6130000000000002;3.029;
rou;economic_growth_over_the_past_10_years;;;;;;;;;;;6.513;6.97;7.526;8.535;7.492999999999999;7.102;8.717;8.347999999999999;9.392999999999999;9.241;9.01;8.235;7.54;6.197;7.327000000000001;6.294;4.578;4.062;2.465;1.071;0.01803;-1.69;-2.741;-3.005;-3.1039999999999996;-2.187;-1.838;-2.318;-2.42;-1.54;-0.782;1.088;2.526;2.8310000000000004;3.2119999999999997
rus;economic_growth_over_the_past_10_years;;;;;;;;;;;;;;;;;;;;;;;;;;;;;;;;;;;;;;;;;-2.807;-0.6551;1.025;2.199;
rwa;economic_growth_over_the_past_10_years;;;;;;;;;;;0.3262;0.5396;-0.6658;1.005;1.932;0.7813;2.032;1.547;2.062;2.124;1.736;2.7319999999999998;2.645;2.804;1.915;2.764;1.45;1.339;0.3572;-0.2289;-2.191;-2.72;-2.1319999999999997;-3.9139999999999997;-7.921;-3.615;-2.995;-3.512;-2.289;-2.194;0.1229;0.5288;1.004;3.708;
sau;economic_growth_over_the_past_10_years;;;;;;;;;;;;;;;;;;;;;7.544;5.767;1.642;-2.8289999999999997;-5.505;-5.4639999999999995;-5.8420000000000005;-6.093;-5.32;-6.36;-5.591;-4.897;-2.739;-1.225;-0.4689;-0.2718;-0.154;0.3752;-0.06991;-0.3133;-0.955;-1.801;-2.373;-0.9690000000000001;
scg;economic_growth_over_the_past_10_years;;;;;;;;;;;;;;;;;;;;;;;;;;;;;;;;;;;;;;;;;-7.193;-5.854;0.2976;4.317;
sdn;economic_growth_over_the_past_10_years;;;;;;;;;;;;;;;;;;;;;0.6291;0.5443;0.4952;-1.137;-1.3769999999999998;-1.128;-1.545;-1.288;-1.024;-0.6048;0.00256;0.2195;0.3494;1.242;1.776;1.689;1.493;1.433;0.7277;-0.4982;-0.00473;0.06594;0.1766;0.5587;
sen;economic_growth_over_the_past_10_years;;;;;;;;;;;-1.818;-1.6119999999999999;-1.51;-1.9169999999999998;-1.6269999999999998;-1.2229999999999999;-0.5117;-0.6913;-1.261;0.2519;-0.5621;-0.7559999999999999;0.3977;1.054;0.02447;0.1286;-0.7345;0.06406;0.6281;-0.1568;0.1905;0.4475;-0.9108;-1.286;-0.2748;-0.9769;-0.794;-0.4173;-0.7390000000000001;0.2389;0.8682;-0.1587;-0.1014;0.5671;
sgp;economic_growth_over_the_past_10_years;;;;;;;;;;;4.976;5.678999999999999;6.131;6.671;7.9270000000000005;7.5;7.528;7.305;6.997999999999999;7.08;6.627999999999999;5.837999999999999;5.249;5.01;4.893;4.551;4.093;4.559;4.512;4.266;4.122;4.41;4.548;4.832;4.899;5.871;6.165;5.941;4.499;4.2410000000000005;4.218;3.009;2.7319999999999998;1.577;1.8459999999999999
slb;economic_growth_over_the_past_10_years;;;;;;;;;;;;;;;;;;;;;2.765;3.408;3.448;1.172;-0.028589999999999997;0.9668;-0.5183;-1.22;-2.419;-2.892;-1.784;-1.61;0.3431;2.026;1.6380000000000001;2.322;2.76;2.2119999999999997;2.636;1.1740000000000002;-0.8344;-2.16;-3.843;-3.8360000000000003;
sle;economic_growth_over_the_past_10_years;;;;;;;;;;;;;;;;;;;;;0.1255;0.1214;0.6772;0.1612;-0.2659;0.2624;0.1366;0.5223;-0.2729;-1.083;-1.301;-2.309;-3.8680000000000003;-3.8;-3.741;-3.8930000000000002;-3.17;-5.231;-5.392;-5.735;-5.292999999999999;-4.659;-3.0669999999999997;-2.407;
slv;economic_growth_over_the_past_10_years;1.33;1.268;1.5719999999999998;1.1340000000000001;1.507;1.646;1.7890000000000001;1.899;1.9909999999999999;1.97;2.193;2.187;1.7830000000000001;1.999;1.76;1.805;1.784;1.7380000000000002;2.017;1.499;0.7645;0.2161;-0.4704;-0.8494;-0.8248;-1.0270000000000001;-1.431;-1.5930000000000002;-1.9340000000000002;-1.574;-0.713;-0.03119;0.7102;1.308;1.52;1.8090000000000002;2.03;2.167;2.247;2.552;2.4419999999999997;2.347;1.976;1.4580000000000002;
som;economic_growth_over_the_past_10_years;;;;;;;;;;;;;;;;;;;;;-1.874;-2.1790000000000003;-2.93;-2.23;-3.844;-4.504;-1.92;-2.7119999999999997;-3.28;-2.276;-1.338;-0.8726;-2.395;-1.504;-2.772;-1.755;-2.715;-3.3710000000000004;-3.8339999999999996;-3.733;-3.698;-3.9189999999999996;-3.2239999999999998;-3.25;-1.074
stp;economic_growth_over_the_past_10_years;;;;;;;;;;;;;;;;;;;;;6.337000000000001;2.861;2.779;2.386;0.8413;0.9234;0.4325;-2.238;-1.225;-2.594;-2.004;0.068;-0.6876;-0.1523;0.6728;-0.3499;-0.2702;0.3519;-0.9681;-1.77;-1.254;-0.585;0.08321;0.6325;0.191
sur;economic_growth_over_the_past_10_years;;;;;;;;;;;;;;;;;;;;;2.23;2.778;2.7560000000000002;3.0260000000000002;2.637;2.8560000000000003;1.435;-0.7859999999999999;-0.08612;-0.3086;0.06886;-0.281;-0.6253;-2.6710000000000003;-4.387;-6.106;-2.4219999999999997;0.2135;-0.2646;2.555;0.157;2.319;2.636;7.697;
svk;economic_growth_over_the_past_10_years;;;;;;;;;;;;;;;;;;;;;;;;;;;;;;;;;;;;;;-0.9009999999999999;-0.6397;-0.5569;-0.2099;2.017;3.0389999999999997;3.852;3.7060000000000004
svn;economic_growth_over_the_past_10_years;;;;;;;;;;;;;;;;;;;;;;;;;;;;;;;;;;;;;;;;;1.7730000000000001;3.0239999999999996;3.9960000000000004;3.7969999999999997;3.7539999999999996
swe;economic_growth_over_the_past_10_years;2.642;2.966;3.145;3.2960000000000003;3.34;3.427;3.312;3.407;3.4339999999999997;3.364;3.655;3.174;3.02;2.8160000000000003;2.593;2.57;2.58;2.112;1.891;1.8619999999999999;1.482;1.3630000000000002;1.256;1.074;1.178;1.1640000000000001;1.263;1.811;1.993;1.896;1.796;1.695;1.423;1.015;0.9538;1.034;0.8834;0.7587;0.8972;1.105;1.5130000000000001;1.8030000000000002;2.124;2.597;2.612
swz;economic_growth_over_the_past_10_years;;;;;;;;;;;;;;;;;;;;;7.166;6.682;5.45;3.6039999999999996;2.864;2.031;2.68;2.945;2.594;2.551;2.967;2.84;2.679;2.865;2.812;3.054;2.405;1.656;1.4869999999999999;1.679;1.425;2.242;2.8360000000000003;2.36;2.411
syr;economic_growth_over_the_past_10_years;;;;;;;;;;;2.545;3.113;2.5660000000000003;3.2680000000000002;2.7710000000000004;4.195;6.167000000000001;4.074;5.34;4.426;5.956;6.131;4.266;4.897;2.97;1.198;-0.07028999999999999;0.8848;0.6036;-1.5390000000000001;-2.218;-2.439;-2.149;-1.768;-1.0290000000000001;-0.1415;1.369;2.119;1.473;2.6510000000000002;2.7969999999999997;2.056;1.8230000000000002;1.56;
tcd;economic_growth_over_the_past_10_years;;;;;;;;;;;-1.266;-1.4140000000000001;-3.491;-3.2;-2.326;-1.588;-1.1159999999999999;-1.236;-1.236;-3.571;-4.51;-4.625;-3.668;-1.876;-2.2319999999999998;-1.338;-1.3419999999999999;-1.046;0.304;3.069;2.925;3.5460000000000003;3.83;2.443;1.8090000000000002;0.36200000000000004;0.1747;0.5444;-0.08209;-0.2;-0.04865;-1.444;-2.2680000000000002;0.07833;
tgo;economic_growth_over_the_past_10_years;;;;;;;;;;;4.5;4.074;4.52;3.4010000000000002;3.228;2.244;1.239;0.4329;0.1284;-0.00409;0.0934;-2.176;-2.7030000000000003;-2.717;-2.43;-3.1319999999999997;-4.096;-3.8760000000000003;-3.657;-3.7710000000000004;-3.641;-2.127;-2.524;-1.801;-1.511;-0.3727;0.10300000000000001;0.05074;0.08317000000000001;-0.5722;-0.9619;-1.266;-1.21;-0.33;-1.3230000000000002
tha;economic_growth_over_the_past_10_years;-0.5232;0.42;1.307;3.049;2.799;4.427;5.03;4.617;5.3020000000000005;4.936;4.877;5.245;4.77;4.864;4.7860000000000005;4.665;4.723;5.035;5.497000000000001;5.07;4.604;4.673;5.2410000000000005;4.621;4.871;5.075;4.581;4.309;4.067;5.0489999999999995;5.858;5.941;6.205;6.872000000000001;7.041;7.0089999999999995;7.063;6.31;4.542;3.983;2.9410000000000003;2.481;2.125;2.079;
tjk;economic_growth_over_the_past_10_years;;;;;;;;;;;;;;;;;;;;;;;;;;;;;;;;;;;;;;;;;;;;-2.133;
tkm;economic_growth_over_the_past_10_years;;;;;;;;;;;;;;;;;;;;;;;;;;;;;;;;;;;;;;;;;;;;-1.641;
ton;economic_growth_over_the_past_10_years;;;;;;;;;;;;;;;;;;;;;1.758;5.345;6.792000000000001;7.372999999999999;8.812999999999999;9.115;9.055;9.125;9.161;9.646;9.58;6.7170000000000005;4.471;4.435;2.275;2.0909999999999997;1.307;1.23;1.581;1.253;0.9372;0.1799;0.9493;0.377;
tto;economic_growth_over_the_past_10_years;6.212999999999999;6.428;6.013;6.481;6.62;5.325;4.905;4.44;4.413;4.47;3.755;2.151;3.5189999999999997;3.095;3.011;3.3489999999999998;3.693;3.571;3.88;3.35;4.09;4.982;3.694;2.233;1.1420000000000001;0.3066;-1.5490000000000002;-1.9169999999999998;-3.0039999999999996;-3.355;-3.677;-3.802;-3.23;-2.182;-0.8363;0.2981;1.506;1.6119999999999999;1.818;3.278;4.97;4.5680000000000005;3.405;6.814;
tun;economic_growth_over_the_past_10_years;;;;;;;;;;;;3.554;5.497999999999999;4.038;4.428999999999999;4.585;4.941;5.393;4.569;4.32;4.559;3.713;2.006;2.884;2.521;2.9219999999999997;2.3169999999999997;2.7769999999999997;2.5580000000000003;2.315;2.0069999999999997;2.101;2.7289999999999996;2.383;2.655;2.0180000000000002;2.614;2.516;2.733;3.225;3.154;3.273;3.036;3.247;3.3160000000000003
tur;economic_growth_over_the_past_10_years;3.9130000000000003;2.109;1.849;1.632;3.0;2.286;3.2030000000000003;1.671;1.6740000000000002;2.371;2.96;3.182;3.412;2.6839999999999997;2.736;3.2710000000000004;3.315;3.478;2.946;2.384;1.699;1.6230000000000002;1.224;1.527;1.8030000000000002;1.4380000000000002;1.158;1.421;1.5090000000000001;1.639;2.884;2.577;2.891;3.1260000000000003;2.008;2.276;2.34;2.271;2.412;2.1;1.828;0.9975;1.075;0.7873;2.113
twn;economic_growth_over_the_past_10_years;;4.301;3.963;4.008;4.361000000000001;4.718999999999999;5.2;5.59;5.9239999999999995;6.176;6.776;7.446000000000001;8.092;8.539;7.471;6.968;7.502999999999999;7.526;8.005;7.9510000000000005;7.545;6.935;6.011;5.642;6.671;6.7379999999999995;6.64;6.9639999999999995;6.481;6.601;6.619;6.817;7.266;7.186;6.906000000000001;7.075;6.567;5.977;5.6610000000000005;5.439;5.45;4.567;4.263999999999999;3.923;3.7910000000000004
tza;economic_growth_over_the_past_10_years;;;;;;;;;;;1.472;2.137;1.624;1.392;-0.01859;0.4317;0.4999;-0.03646;-0.7566;-0.7068;-0.09817000000000001;-0.0661;-0.7624;-1.102;-1.011;-1.4380000000000002;-1.903;-1.585;-1.393;-1.4509999999999998;-1.345;-0.7412;-0.7562;-0.3898;-0.7201;-0.3545;-0.09071;4.545;4.9110000000000005;5.197;5.065;5.114;6.063;6.348;
uga;economic_growth_over_the_past_10_years;0.3157;-1.038;-0.7569;0.7062;1.041;1.053;1.21;1.162;1.885;1.744;1.943;2.331;1.9680000000000002;1.55;1.183;0.9616;0.3266;0.01091;-0.5684;-2.931;-3.4010000000000002;-4.217;-4.081;-3.667;-3.4339999999999997;-4.084;-4.044;-4.459;-4.026;-1.5530000000000002;-0.5497;0.9152;0.4514;0.4018;2.049;2.4;3.036;3.923;4.247;4.375;4.078;3.96;4.035;3.748;
ukr;economic_growth_over_the_past_10_years;;;;;;;;;;;;;;;;;;;;;;;;;;;;;;;;;;;;;;;;;;;;-1.249;
ury;economic_growth_over_the_past_10_years;1.147;-0.2406;0.2935;-0.4255;-1.041;-1.248;-0.7315;-1.306;-0.4546;0.4381;0.4431;0.5022;0.2333;0.7793;0.8549;1.618;1.632;2.079;2.612;2.82;2.9760000000000004;3.01;2.292;1.084;0.5589;0.06217;0.6319;1.432;0.7247;-0.046689999999999995;-0.6272;-0.3288;1.69;3.034;4.041;3.7910000000000004;3.3539999999999996;2.904;3.535;3.2119999999999997;3.04;2.193;-0.3763;-0.5908;-0.1909
usa;economic_growth_over_the_past_10_years;1.6280000000000001;1.0090000000000001;1.19;1.248;2.0340000000000003;2.0;2.47;2.5980000000000003;3.292;3.1260000000000003;2.952;3.1489999999999996;3.1460000000000004;3.3089999999999997;2.6889999999999996;2.05;2.0269999999999997;2.295;2.322;2.283;2.206;2.095;1.375;1.2919999999999998;2.088;2.513;2.287;2.137;1.9909999999999999;2.039;2.2840000000000003;1.994;2.497;2.298;1.994;1.835;1.88;2.022;2.06;2.17;2.375;2.461;2.256;2.241;2.2680000000000002
uzb;economic_growth_over_the_past_10_years;;;;;;;;;;;;;;;;;;;;;;;;;;;;;;;;;;;;;;;;;-1.643;-1.139;1.868;0.3212;
vct;economic_growth_over_the_past_10_years;;;;;;;;;;;;;;;;;;;;;1.137;2.441;0.8542;2.767;4.423;5.347;5.48;5.331;4.155;5.0169999999999995;6.947;4.9319999999999995;5.5760000000000005;5.683;4.728;5.396;5.039;4.369;3.605;3.7880000000000003;3.273;3.548;2.727;1.7790000000000001;
ven;economic_growth_over_the_past_10_years;2.6639999999999997;2.069;1.9480000000000002;2.176;2.454;2.21;1.3419999999999999;0.6354;1.382;1.443;2.661;1.692;1.328;1.777;1.885;2.025;2.951;3.2889999999999997;2.761;2.273;1.2819999999999998;2.0669999999999997;1.585;0.1765;-0.7497;-1.329;-1.635;-1.9169999999999998;-1.5230000000000001;-2.362;-1.624;-0.725;0.01523;0.42;-0.03922;0.3605;-0.3053;-0.0102;-0.516;-0.1064;-0.2168;-0.7634;-2.0909999999999997;-2.58;-0.8316
vnm;economic_growth_over_the_past_10_years;;;;;;;;;;;;;;;;;;;;;;;;;;;;;;;;;;;;;;;;4.39;4.2669999999999995;4.462;4.531000000000001;4.632;
vut;economic_growth_over_the_past_10_years;;;;;;;;;;;;;;;;;;;;;2.372;2.545;3.318;4.254;1.7469999999999999;1.811;2.065;1.194;-0.102;-0.04968;1.547;2.3819999999999997;2.208;0.1541;-0.1807;0.7042;0.2514;2.01;2.491;1.5830000000000002;1.902;-0.6638;-1.8259999999999998;-0.907;
wsm;economic_growth_over_the_past_10_years;;;;;;;;;;;;;;;;;;;;;2.391;1.159;1.4;0.7958;0.5406;0.78;0.7474;0.2772;0.08939;0.331;-1.675;-0.9545;-1.7719999999999998;-1.244;-2.218;-2.073;-1.6;-1.178;-0.7757;-0.922;1.0590000000000002;2.095;2.781;2.9960000000000004;
yem;economic_growth_over_the_past_10_years;;;;;;;;;;;;;;;;;;;;;;;;;;;;;;;;;;;;;;;;0.4362;1.043;1.295;1.965;2.122;
zaf;economic_growth_over_the_past_10_years;1.766;2.603;3.1689999999999996;2.6919999999999997;2.358;2.571;2.5810000000000004;2.463;3.037;2.7760000000000002;2.7430000000000003;2.237;1.973;1.952;1.7730000000000001;1.7919999999999998;1.659;1.785;1.288;1.382;1.611;1.426;1.281;1.514;1.681;1.1520000000000001;0.6173;0.4398;0.6305;0.6287;0.2757;0.1273;-0.4159;-0.6747;-0.596;-0.4181;0.1576;0.2834;0.2027;0.2939;0.6325;1.112;1.7469999999999999;1.949;2.263
zmb;economic_growth_over_the_past_10_years;;;;;;3.597;3.068;2.075;3.219;1.536;3.42;2.948;4.976;4.784;2.591;1.43;3.072;1.545;1.7730000000000001;3.685;1.175;1.5290000000000001;0.3847;0.7595;1.23;-0.1069;-2.189;-1.0090000000000001;-0.9509;-0.4647;-1.4240000000000002;-1.43;-1.899;-2.755;-3.543;-3.8710000000000004;-2.986;-3.293;-3.5610000000000004;-4.015;-2.516;-2.891;-1.6640000000000001;-0.9907;
zwe;economic_growth_over_the_past_10_years;;;;;1.486;1.445;0.3448;-0.2351;-1.42;0.6715;2.38;2.908;3.575;3.95;4.72;3.761;3.4760000000000004;2.3;4.103;2.6660000000000004;1.1420000000000001;1.861;1.08;1.4069999999999998;-1.3559999999999999;-0.9943;-0.7411;-0.01955;0.3488;0.7355;0.6659;0.1855;-1.345;-2.106;0.2241;-0.6155;0.3953;1.159;0.3215;-0.5673;-0.5717;-2.131;-1.642;-2.2880000000000003;
