geo;indicator;1990;1991;1992;1993;1994;1995;1996;1997;1998;1999;2000;2001;2002;2003;2004;2005;2006;2007;2008;2009;2010;2011;2012;2013;2014;2015;2016
afg;liver_cancer_deaths_per_100000_men;8.18;8.23;8.29;8.35;8.41;8.47;8.51;8.54;8.57;8.56;8.57;8.59;8.63;8.68;8.73;8.79;8.85;8.92;8.98;9.05;9.12;9.16;9.22;9.28;9.34;9.38;9.41
ago;liver_cancer_deaths_per_100000_men;17.44;17.38;17.37;17.46;17.58;17.58;17.32;17.26;17.76;17.46;17.26;17.33;17.52;17.91;18.19;18.44;18.81;19.08;19.49;19.79;20.02;20.25;20.43;20.64;20.85;21.0;21.07
alb;liver_cancer_deaths_per_100000_men;15.51;15.88;16.19;16.62;17.12;18.11;18.76;19.03;19.35;19.26;19.01;18.36;17.71;17.13;16.43;15.47;14.73;14.12;13.78;13.61;13.78;13.9;14.02;14.14;14.25;14.35;14.41
and;liver_cancer_deaths_per_100000_men;4.43;4.51;4.6;4.65;4.71;4.79;4.87;4.94;5.01;5.05;5.08;5.09;5.09;5.11;5.13;5.12;5.1;5.09;5.06;5.04;5.04;5.06;5.08;5.09;5.11;5.13;5.14
are;liver_cancer_deaths_per_100000_men;10.11;10.1;10.09;10.08;10.09;10.11;10.17;10.23;10.23;10.18;10.17;10.24;10.26;10.19;10.09;10.09;10.12;10.1;9.99;10.03;10.02;10.04;10.05;10.11;10.11;10.1;10.08
arg;liver_cancer_deaths_per_100000_men;6.7;6.67;6.68;6.72;6.78;6.89;6.92;7.02;6.87;6.82;6.8;6.69;6.61;6.56;6.51;6.45;6.43;6.43;6.41;6.36;6.33;6.29;6.33;6.32;6.29;6.33;6.34
arm;liver_cancer_deaths_per_100000_men;12.68;12.79;12.85;12.86;12.79;12.57;12.46;12.32;12.25;12.16;12.08;12.13;12.26;12.52;12.91;13.41;14.01;14.16;14.73;14.58;14.54;14.49;14.5;14.54;14.56;15.03;14.96
asm;liver_cancer_deaths_per_100000_men;11.02;11.05;11.02;10.97;10.94;10.93;10.92;10.9;10.81;11.11;11.98;12.35;12.82;13.01;13.53;13.94;14.1;14.17;14.39;14.45;14.36;14.54;14.32;14.27;14.22;14.16;14.09
atg;liver_cancer_deaths_per_100000_men;11.16;10.96;10.75;10.54;10.23;9.88;9.58;9.05;8.82;8.31;8.28;7.54;7.24;6.98;6.75;6.63;6.53;6.27;6.17;6.07;6.26;6.31;6.27;6.19;6.31;6.32;6.33
aus;liver_cancer_deaths_per_100000_men;3.32;3.43;3.61;3.75;3.86;3.97;4.13;4.3;4.39;4.56;4.73;4.86;4.98;5.1;5.24;5.39;5.65;5.82;6.02;6.25;6.4;6.54;6.59;6.63;6.66;6.55;6.52
aut;liver_cancer_deaths_per_100000_men;8.68;8.83;9.0;9.13;9.12;9.16;9.32;9.4;9.39;9.44;9.51;9.68;9.64;9.76;9.76;9.73;9.66;9.49;9.44;9.39;9.28;9.29;9.35;9.38;9.31;9.27;9.22
aze;liver_cancer_deaths_per_100000_men;11.03;11.08;11.24;11.22;11.27;11.03;10.93;10.85;10.84;10.85;10.87;10.95;10.9;11.1;11.11;10.99;10.84;10.6;10.88;11.01;11.12;11.07;11.06;11.06;11.05;11.04;11.02
bdi;liver_cancer_deaths_per_100000_men;11.11;11.11;11.09;11.04;10.94;10.82;10.66;10.48;10.33;10.04;9.93;9.71;9.66;9.63;9.72;9.79;9.91;9.99;10.05;10.06;10.18;10.3;10.37;10.38;10.39;10.35;10.3
bel;liver_cancer_deaths_per_100000_men;4.7;4.79;4.97;5.22;5.31;5.35;5.24;5.08;5.0;4.77;4.73;4.95;5.0;4.86;4.95;5.13;5.26;5.44;5.65;5.78;5.96;6.14;6.23;6.26;6.21;6.07;6.02
ben;liver_cancer_deaths_per_100000_men;32.78;33.49;34.01;34.58;35.37;36.07;36.8;37.07;37.19;36.01;35.08;34.19;33.43;32.77;32.19;31.69;31.34;30.99;30.8;30.68;30.53;30.59;30.49;30.37;30.27;30.16;30.1
bfa;liver_cancer_deaths_per_100000_men;37.45;37.93;38.53;39.3;39.86;40.34;40.91;41.48;41.92;40.43;39.39;37.76;36.42;35.66;34.94;34.26;33.61;33.0;32.38;31.72;31.69;31.42;31.8;32.06;32.03;31.91;31.68
bgd;liver_cancer_deaths_per_100000_men;4.08;4.06;4.09;4.15;4.21;4.3;4.35;4.38;4.45;4.52;4.6;4.65;4.64;4.62;4.58;4.56;4.54;4.5;4.44;4.39;4.34;4.27;4.23;4.15;4.05;4.0;4.01
bgr;liver_cancer_deaths_per_100000_men;10.08;9.78;9.45;9.36;9.3;9.25;9.01;8.91;8.87;8.92;8.79;8.9;8.85;8.97;9.23;9.4;9.61;9.57;9.52;9.45;9.26;9.19;9.07;9.04;9.24;9.38;9.47
bhr;liver_cancer_deaths_per_100000_men;6.95;7.27;7.54;7.74;7.89;8.01;8.12;8.2;8.18;8.02;7.89;7.83;7.68;7.41;7.13;6.87;6.7;6.56;6.4;6.24;6.09;5.98;5.94;5.93;5.93;5.97;6.0
bhs;liver_cancer_deaths_per_100000_men;13.25;12.88;12.55;12.41;12.1;12.07;11.81;11.27;10.98;10.16;9.84;9.1;8.77;8.52;8.02;7.82;7.56;7.28;7.02;6.89;6.95;6.87;7.09;7.12;7.12;7.13;7.16
bih;liver_cancer_deaths_per_100000_men;10.99;10.9;10.85;10.78;10.73;10.64;10.69;10.72;10.73;10.74;10.73;10.81;10.89;10.93;10.97;10.99;11.01;11.03;11.04;11.04;11.05;11.08;10.93;10.82;10.72;10.74;10.72
blr;liver_cancer_deaths_per_100000_men;4.81;4.85;4.87;4.93;4.94;4.95;4.93;4.91;4.89;4.87;4.84;4.86;4.93;4.91;4.87;4.89;4.91;4.93;5.08;5.14;5.21;5.25;5.23;5.21;5.18;5.26;5.27
blz;liver_cancer_deaths_per_100000_men;12.63;12.91;13.31;13.79;14.18;14.66;14.93;14.85;15.2;14.69;14.44;13.96;13.7;13.42;13.02;12.85;12.62;12.24;11.9;11.66;11.72;11.44;11.68;11.83;12.0;11.96;11.99
bmu;liver_cancer_deaths_per_100000_men;11.79;11.77;11.69;11.69;11.39;10.91;10.78;10.17;9.94;9.29;9.07;8.12;7.77;7.44;7.0;6.74;6.52;6.19;6.01;5.86;5.92;5.71;5.82;5.88;6.03;6.39;6.14
bol;liver_cancer_deaths_per_100000_men;6.62;6.62;6.62;6.62;6.6;6.6;6.59;6.6;6.62;6.66;6.69;6.7;6.72;6.73;6.74;6.77;6.78;6.81;6.85;6.89;6.92;6.94;6.97;7.01;7.07;7.1;7.12
bra;liver_cancer_deaths_per_100000_men;6.99;7.04;7.06;7.01;6.97;6.98;7.02;7.06;7.11;7.14;7.22;7.14;7.13;7.11;7.15;7.17;7.2;7.2;7.2;7.23;7.27;7.31;7.4;7.45;7.52;7.61;7.65
brb;liver_cancer_deaths_per_100000_men;10.32;10.14;10.16;10.08;9.9;9.59;9.08;8.51;7.9;7.36;7.19;6.51;6.35;6.13;6.02;5.96;5.79;5.58;5.4;5.3;5.35;5.26;5.36;5.37;5.46;5.51;5.54
brn;liver_cancer_deaths_per_100000_men;15.89;15.93;15.9;15.87;15.83;15.82;15.9;15.78;15.57;15.29;15.06;14.89;14.7;14.55;14.47;14.32;14.26;14.32;14.35;14.46;14.5;14.62;14.83;14.99;15.34;15.29;15.26
btn;liver_cancer_deaths_per_100000_men;5.19;5.28;5.39;5.5;5.63;5.74;5.85;6.01;6.15;6.24;6.37;6.44;6.51;6.57;6.59;6.65;6.67;6.72;6.76;6.81;6.84;6.87;6.89;6.91;6.93;6.94;6.92
bwa;liver_cancer_deaths_per_100000_men;11.32;11.44;11.56;11.67;11.81;11.9;11.99;12.05;12.06;11.89;11.78;11.7;11.66;11.53;11.47;11.4;11.35;11.32;11.39;11.38;11.37;11.38;11.43;11.48;11.48;11.49;11.44
caf;liver_cancer_deaths_per_100000_men;17.26;17.32;17.21;17.15;17.08;16.97;16.94;16.78;16.73;16.5;16.19;15.91;15.78;15.59;15.43;15.32;15.34;15.3;15.27;15.2;15.38;15.37;15.3;15.2;15.08;14.99;14.9
can;liver_cancer_deaths_per_100000_men;3.76;3.9;4.03;4.21;4.4;4.53;4.63;4.74;4.77;4.84;4.87;4.91;4.87;4.73;4.79;5.12;5.14;5.39;5.56;5.68;5.79;5.9;5.96;5.81;5.76;5.72;5.67
che;liver_cancer_deaths_per_100000_men;7.11;7.13;7.07;6.98;7.09;7.33;7.41;7.53;7.52;7.48;7.65;7.75;7.77;7.71;7.69;7.64;7.67;7.69;7.65;7.6;7.61;7.61;7.7;7.67;7.63;7.65;7.66
chl;liver_cancer_deaths_per_100000_men;7.19;7.13;7.11;7.18;7.28;7.42;7.5;7.56;7.66;7.35;7.17;7.0;7.16;7.3;7.26;7.34;7.42;7.39;7.44;7.52;7.58;7.62;7.71;7.67;7.68;7.66;7.65
chn;liver_cancer_deaths_per_100000_men;48.16;48.56;49.12;49.74;50.42;50.4;50.81;51.13;51.61;51.57;51.37;50.89;50.19;48.68;47.66;46.54;45.17;44.12;43.16;42.22;41.22;40.4;39.9;39.68;39.87;39.99;40.26
civ;liver_cancer_deaths_per_100000_men;17.51;17.66;17.91;18.15;18.38;18.68;18.94;19.23;19.52;19.59;19.64;19.71;19.77;19.82;19.92;19.87;19.92;19.9;19.92;19.96;20.0;20.12;20.26;20.42;20.53;20.61;20.64
cmr;liver_cancer_deaths_per_100000_men;42.93;43.43;44.06;44.83;45.15;45.52;46.16;46.62;46.69;45.33;44.28;43.09;42.11;41.28;40.7;40.34;40.12;39.92;39.77;39.55;39.35;39.53;39.53;39.56;39.5;39.48;39.41
cod;liver_cancer_deaths_per_100000_men;18.28;18.3;18.21;17.96;17.76;17.74;17.65;17.28;17.14;16.8;16.36;16.18;15.91;15.89;15.67;15.53;15.49;15.45;15.59;15.64;15.63;15.72;15.87;15.94;16.07;16.21;16.31
cog;liver_cancer_deaths_per_100000_men;27.24;26.62;26.37;26.16;26.2;26.11;25.76;25.8;25.2;24.68;23.92;23.2;22.74;22.89;22.71;22.62;22.59;22.62;22.59;22.56;22.42;22.33;22.61;22.73;22.9;23.05;23.25
col;liver_cancer_deaths_per_100000_men;7.83;7.84;7.76;7.68;7.59;7.45;7.39;7.17;6.96;6.93;6.76;6.78;6.81;6.73;6.7;6.59;6.59;6.39;6.34;6.28;6.22;6.08;6.09;6.09;6.18;6.23;6.29
com;liver_cancer_deaths_per_100000_men;10.41;10.42;10.43;10.42;10.4;10.41;10.37;10.35;10.24;10.02;9.94;9.83;9.87;9.83;9.85;9.9;10.0;10.07;10.13;10.11;10.14;10.21;10.21;10.19;10.18;10.16;10.15
cpv;liver_cancer_deaths_per_100000_men;17.72;18.02;18.31;18.65;19.1;19.65;20.17;20.59;20.65;20.26;20.03;20.0;20.05;20.14;20.26;20.35;20.47;20.54;20.64;20.71;20.84;21.13;19.67;19.93;20.0;20.06;20.05
cri;liver_cancer_deaths_per_100000_men;8.08;8.5;8.86;8.8;8.64;8.77;8.87;8.44;8.25;7.89;7.86;8.0;8.03;7.82;7.75;7.29;7.1;7.23;7.2;7.2;7.39;7.59;7.58;7.79;7.72;7.75;7.75
cub;liver_cancer_deaths_per_100000_men;8.55;8.71;8.54;8.35;7.98;7.8;7.45;6.72;6.48;6.21;6.05;5.99;6.0;5.93;5.88;5.82;5.85;5.86;5.83;5.85;5.8;5.88;5.79;5.87;5.91;5.99;6.03
cyp;liver_cancer_deaths_per_100000_men;5.7;5.75;5.72;5.73;5.73;5.67;5.62;5.57;5.5;5.59;5.71;5.79;5.96;6.11;6.34;6.5;6.51;6.63;6.66;6.74;6.76;6.78;6.85;6.94;6.96;6.95;6.95
cze;liver_cancer_deaths_per_100000_men;9.3;9.46;9.52;9.65;9.83;10.12;10.25;10.35;10.25;10.14;9.98;9.8;9.75;9.53;9.2;8.94;8.74;8.5;8.32;8.15;8.11;7.9;7.72;7.64;7.55;7.42;7.52
deu;liver_cancer_deaths_per_100000_men;5.14;5.22;5.37;5.54;5.66;5.97;6.14;6.3;6.52;6.62;6.75;6.85;6.93;7.06;7.14;7.2;7.34;7.42;7.5;7.57;7.62;7.62;7.61;7.57;7.53;7.45;7.41
dji;liver_cancer_deaths_per_100000_men;10.35;10.4;10.38;10.37;10.4;10.41;10.44;10.45;10.46;10.4;10.33;10.3;10.32;10.36;10.39;10.44;10.49;10.63;10.75;10.83;10.89;10.98;11.06;11.1;11.11;11.14;11.14
dma;liver_cancer_deaths_per_100000_men;11.61;11.87;12.06;12.23;12.06;12.01;11.85;11.45;11.31;10.53;10.21;9.45;9.22;8.92;8.59;8.53;8.36;8.14;7.95;7.88;8.06;7.93;8.1;8.27;8.38;8.41;8.41
dnk;liver_cancer_deaths_per_100000_men;3.63;3.68;3.8;3.94;4.2;4.33;4.29;4.28;4.39;4.52;4.58;4.71;4.83;4.95;5.09;5.28;5.31;5.31;5.46;5.55;5.73;5.87;5.92;5.97;6.02;5.85;5.78
dom;liver_cancer_deaths_per_100000_men;6.32;6.68;7.15;7.73;8.41;9.09;9.65;10.0;10.15;10.1;9.91;9.73;9.58;9.48;9.22;9.24;9.06;8.86;8.66;8.46;8.28;8.08;8.01;8.1;8.17;8.24;8.27
dza;liver_cancer_deaths_per_100000_men;4.61;4.65;4.18;3.8;3.44;3.11;3.08;3.01;2.94;2.93;2.91;2.96;2.99;2.99;3.01;3.04;3.08;3.11;3.14;3.18;3.21;3.23;3.27;3.29;3.32;3.33;3.33
ecu;liver_cancer_deaths_per_100000_men;9.04;8.98;8.9;8.8;8.78;8.81;8.7;8.59;8.59;8.53;8.39;8.21;8.16;8.19;8.29;8.2;8.15;8.06;8.05;8.09;8.1;8.02;7.92;7.86;7.9;8.02;8.05
egy;liver_cancer_deaths_per_100000_men;25.02;25.14;25.16;25.4;25.63;25.69;25.87;26.05;26.07;26.42;26.56;27.44;28.11;28.69;29.12;29.42;29.99;30.31;30.28;33.66;33.07;32.92;32.67;32.36;32.07;31.87;31.65
eri;liver_cancer_deaths_per_100000_men;9.57;9.6;9.55;9.54;9.63;9.74;9.8;9.85;9.86;9.82;9.79;9.76;9.77;9.73;9.68;9.65;9.59;9.54;9.49;9.41;9.4;9.35;9.36;9.37;9.39;9.47;9.53
esp;liver_cancer_deaths_per_100000_men;10.94;10.95;10.96;10.92;10.82;10.77;10.65;10.61;10.56;10.48;10.41;10.32;10.22;10.09;10.0;9.89;9.85;9.82;9.75;9.71;9.72;9.77;9.76;9.69;9.62;9.6;9.61
est;liver_cancer_deaths_per_100000_men;5.24;5.26;5.35;5.5;5.72;5.77;5.43;5.89;5.68;5.83;5.91;5.92;5.95;5.99;6.2;6.22;6.26;6.44;6.49;6.56;6.53;6.42;6.42;6.33;6.29;6.42;6.46
eth;liver_cancer_deaths_per_100000_men;12.04;12.0;11.95;11.91;11.9;11.91;11.89;11.95;11.93;11.83;11.86;11.72;11.67;11.67;11.74;11.84;12.02;12.13;12.25;12.42;12.59;12.73;12.85;13.01;13.14;13.22;13.29
fin;liver_cancer_deaths_per_100000_men;4.4;4.43;4.45;4.44;4.56;4.68;4.93;4.87;5.1;5.17;5.29;5.44;5.57;5.77;6.02;6.25;6.44;6.5;6.58;6.65;6.6;6.57;6.6;6.52;6.46;6.39;6.33
fji;liver_cancer_deaths_per_100000_men;11.47;11.34;11.14;10.93;10.69;10.44;10.22;9.97;9.56;9.65;9.57;9.48;9.42;9.34;9.81;10.2;10.48;10.79;11.31;11.63;11.9;12.26;12.43;12.7;12.92;13.12;13.29
fra;liver_cancer_deaths_per_100000_men;12.5;12.93;13.35;13.67;13.93;14.12;14.47;14.46;14.68;14.83;14.93;15.11;15.23;15.46;15.6;15.63;15.58;15.52;15.36;15.19;14.91;14.67;14.5;14.3;14.15;14.07;14.02
fsm;liver_cancer_deaths_per_100000_men;11.65;11.73;11.82;11.91;12.01;12.09;12.16;12.21;12.26;12.44;12.53;12.64;12.73;12.79;12.85;12.83;12.78;12.76;12.75;12.73;12.71;12.69;12.64;12.61;12.61;12.68;12.67
gab;liver_cancer_deaths_per_100000_men;29.66;29.31;29.25;28.86;28.77;29.14;28.73;28.27;27.88;26.85;26.52;26.21;25.76;25.54;25.26;25.23;25.16;25.29;25.44;25.55;25.33;25.37;25.4;25.48;25.57;25.61;25.54
gbr;liver_cancer_deaths_per_100000_men;2.87;2.96;3.07;3.19;3.3;3.4;3.5;3.61;3.69;3.77;3.89;3.98;4.13;4.29;4.45;4.61;4.79;4.93;5.08;5.23;5.38;5.52;5.67;5.79;5.86;5.85;5.76
geo;liver_cancer_deaths_per_100000_men;7.89;7.88;7.78;7.64;7.47;7.29;7.17;7.15;7.24;7.14;7.5;7.45;7.18;7.12;7.2;6.86;6.73;7.02;7.68;8.26;8.59;9.07;9.68;9.84;10.37;10.11;10.05
gha;liver_cancer_deaths_per_100000_men;23.18;23.51;23.99;24.23;24.64;24.99;24.81;25.17;25.02;25.08;25.13;25.54;25.86;26.18;26.66;26.71;26.87;26.77;27.07;27.44;27.82;28.14;28.57;28.95;29.2;29.44;29.59
gin;liver_cancer_deaths_per_100000_men;39.99;40.6;41.29;41.76;42.37;42.78;42.82;43.02;43.09;43.27;42.72;42.82;43.04;42.82;42.77;42.64;42.99;43.17;43.26;43.59;43.91;43.98;44.09;44.25;44.49;44.66;44.89
gmb;liver_cancer_deaths_per_100000_men;56.36;57.5;58.65;60.01;61.37;62.74;63.95;65.71;66.15;66.42;67.06;67.75;68.45;68.25;68.46;69.0;69.46;69.55;69.43;69.7;69.54;69.66;69.56;69.66;69.76;69.8;69.8
gnb;liver_cancer_deaths_per_100000_men;36.54;37.16;37.81;38.49;39.19;40.12;40.55;40.88;40.76;39.31;37.76;36.53;35.41;34.4;33.97;33.29;32.79;32.44;32.08;31.87;31.7;31.46;31.21;31.16;30.97;30.86;30.66
gnq;liver_cancer_deaths_per_100000_men;20.41;20.35;20.29;20.31;20.32;20.19;20.78;21.35;21.88;22.12;22.5;22.59;22.66;22.86;22.72;22.98;23.62;23.7;23.78;24.3;24.05;23.57;23.39;23.26;23.72;23.63;23.74
grc;liver_cancer_deaths_per_100000_men;20.54;20.33;19.94;19.32;18.92;18.48;18.08;17.67;17.07;16.6;16.18;15.61;15.02;14.56;14.11;13.88;13.43;13.29;12.99;12.55;11.99;11.34;10.6;9.43;10.02;10.13;10.26
grd;liver_cancer_deaths_per_100000_men;10.9;10.77;10.76;10.74;10.7;10.75;10.81;10.42;10.02;9.55;9.19;8.87;8.92;8.85;8.69;8.72;8.68;8.49;8.32;8.27;8.39;8.35;8.66;8.91;9.3;10.1;9.69
grl;liver_cancer_deaths_per_100000_men;12.04;12.08;12.07;12.06;12.04;11.94;12.27;13.15;14.0;14.19;14.8;14.93;15.01;15.17;15.13;14.75;14.37;14.07;14.02;14.01;14.05;13.88;13.62;13.73;13.76;13.82;13.86
gtm;liver_cancer_deaths_per_100000_men;8.51;8.91;9.19;9.68;10.44;10.74;11.1;12.07;13.12;14.23;15.14;16.05;16.85;17.46;17.88;18.17;18.46;18.45;18.54;18.56;18.29;18.32;18.38;18.37;18.23;18.35;18.39
gum;liver_cancer_deaths_per_100000_men;12.1;12.12;12.12;12.07;11.94;12.29;12.66;12.92;13.14;13.78;15.05;15.8;16.64;17.08;17.92;18.64;19.33;19.85;20.63;20.8;20.6;20.51;20.38;20.25;20.14;20.05;19.93
guy;liver_cancer_deaths_per_100000_men;9.18;9.26;9.16;9.33;9.22;9.02;9.04;8.66;8.61;8.25;8.49;7.64;7.5;7.34;7.19;7.16;7.01;6.73;6.61;6.46;6.43;6.22;6.26;6.3;6.31;6.33;6.32
hnd;liver_cancer_deaths_per_100000_men;6.39;6.49;6.55;6.59;6.64;6.67;6.71;6.75;6.78;6.82;6.85;6.89;6.93;6.98;7.01;7.03;7.03;7.04;7.05;7.06;7.06;7.1;7.13;7.14;7.15;7.16;7.15
hrv;liver_cancer_deaths_per_100000_men;4.82;5.84;6.88;7.55;8.05;8.63;8.93;9.4;9.61;9.76;9.91;10.03;10.12;10.23;10.39;10.33;10.34;10.28;10.39;10.32;10.33;10.38;10.48;10.45;10.26;10.2;10.16
hti;liver_cancer_deaths_per_100000_men;7.09;7.06;7.02;7.0;6.93;6.91;6.83;6.77;6.69;6.62;6.56;6.51;6.47;6.46;6.45;6.44;6.47;6.5;6.54;6.58;6.62;6.64;6.68;6.7;6.72;6.74;6.76
hun;liver_cancer_deaths_per_100000_men;10.83;10.97;10.96;10.8;10.69;10.56;10.43;10.3;10.15;9.98;9.99;9.97;10.04;10.11;10.0;9.68;9.38;9.27;9.3;9.24;9.12;9.0;8.88;8.84;8.85;8.7;8.63
idn;liver_cancer_deaths_per_100000_men;5.41;5.54;5.69;5.84;5.99;6.15;6.31;6.46;6.62;6.74;6.8;6.86;6.91;6.98;7.01;7.08;7.13;7.18;7.27;7.35;7.44;7.53;7.59;7.67;7.73;7.78;7.79
ind;liver_cancer_deaths_per_100000_men;2.95;3.01;3.05;3.1;3.16;3.22;3.32;3.45;3.54;3.63;3.71;3.81;3.9;3.98;4.04;4.21;4.26;4.37;4.43;4.51;4.58;4.63;4.68;4.76;4.8;4.84;4.87
irl;liver_cancer_deaths_per_100000_men;3.46;3.61;3.63;3.72;3.64;3.63;3.61;3.65;3.83;4.07;4.3;4.32;4.42;4.57;4.66;4.67;4.63;4.9;5.12;5.37;5.42;5.49;5.49;5.57;5.38;5.32;5.29
irn;liver_cancer_deaths_per_100000_men;8.26;8.28;8.26;8.23;8.19;8.11;8.06;7.94;7.88;7.75;7.68;7.6;7.55;7.36;7.19;7.14;7.24;7.45;7.67;7.88;8.09;8.27;8.52;8.77;8.89;8.89;8.99
irq;liver_cancer_deaths_per_100000_men;5.7;5.69;5.67;5.64;5.61;5.59;5.54;5.53;5.46;5.4;5.38;5.31;5.32;5.31;5.32;5.32;5.32;5.3;5.7;5.19;5.1;4.95;5.02;5.05;5.07;5.09;5.1
isl;liver_cancer_deaths_per_100000_men;3.2;3.26;3.3;3.37;3.44;3.52;3.64;3.69;3.75;3.76;3.78;3.75;3.76;3.83;3.94;4.06;4.15;4.17;4.23;4.3;4.4;4.52;4.68;4.8;4.96;5.09;5.22
isr;liver_cancer_deaths_per_100000_men;4.33;4.36;4.39;4.38;4.37;4.29;4.48;4.64;4.71;5.01;5.25;5.3;5.35;5.3;5.29;5.27;5.28;5.24;5.15;5.11;5.12;5.16;5.23;5.24;5.34;5.36;5.38
ita;liver_cancer_deaths_per_100000_men;14.9;15.16;15.61;16.0;16.2;16.01;16.23;16.05;15.83;15.75;15.61;15.1;14.82;14.8;14.81;14.74;14.7;14.4;14.14;14.14;13.76;13.53;13.31;13.0;12.86;12.74;12.65
jam;liver_cancer_deaths_per_100000_men;7.26;7.2;7.16;7.11;7.03;6.92;6.8;6.66;6.53;6.45;6.41;6.2;6.17;5.99;5.82;5.68;5.72;5.58;5.41;5.21;5.15;5.05;5.14;5.19;5.24;5.27;5.31
jor;liver_cancer_deaths_per_100000_men;3.4;3.39;3.4;3.41;3.41;3.41;3.4;3.39;3.39;3.43;3.46;3.47;3.56;3.72;3.87;3.96;3.97;3.91;3.98;4.08;4.08;4.09;4.1;4.09;4.08;4.07;4.06
jpn;liver_cancer_deaths_per_100000_men;26.18;26.48;26.78;27.02;27.32;27.83;28.0;27.99;27.85;27.41;26.92;26.12;25.3;24.38;23.6;22.76;22.05;21.38;20.75;20.06;19.47;18.93;18.39;18.02;18.13;18.14;18.16
kaz;liver_cancer_deaths_per_100000_men;20.87;21.14;21.11;21.08;21.25;21.01;21.21;21.06;20.74;20.29;19.64;18.8;17.65;16.64;15.64;14.78;14.19;13.68;13.02;12.57;12.21;11.58;11.08;10.61;10.32;10.15;10.65
ken;liver_cancer_deaths_per_100000_men;5.08;5.17;5.28;5.35;5.39;5.4;5.42;5.41;5.48;5.43;5.49;5.41;5.5;5.54;5.55;5.55;5.61;5.68;5.73;5.79;5.87;5.97;6.04;6.08;6.14;6.19;6.27
kgz;liver_cancer_deaths_per_100000_men;10.84;10.8;10.78;10.81;10.81;10.66;10.41;10.19;9.99;9.92;9.94;9.83;10.04;10.5;10.96;11.09;11.27;11.44;11.29;11.51;11.28;11.25;11.47;11.63;11.67;11.77;11.67
khm;liver_cancer_deaths_per_100000_men;8.01;8.15;8.33;8.55;8.81;9.12;9.35;9.63;9.94;10.04;10.19;10.35;10.49;10.64;10.78;10.87;10.92;10.99;11.11;11.22;11.31;11.41;11.52;11.6;11.68;11.79;11.85
kir;liver_cancer_deaths_per_100000_men;15.32;15.39;15.48;15.56;15.62;15.74;15.87;16.02;16.15;16.41;16.73;16.92;17.06;17.16;17.29;17.29;17.33;17.4;17.5;17.5;17.54;17.54;17.5;17.47;17.46;17.44;17.42
kor;liver_cancer_deaths_per_100000_men;49.02;50.6;52.13;53.61;55.03;56.16;56.75;55.76;54.32;52.73;51.12;49.63;48.25;46.72;45.29;43.98;42.66;41.45;40.34;39.23;38.25;37.43;36.96;36.82;37.2;37.57;37.95
kwt;liver_cancer_deaths_per_100000_men;7.4;7.51;7.7;7.97;8.3;9.49;10.17;10.84;10.33;10.01;8.67;8.82;8.97;8.47;8.27;8.47;8.33;7.91;7.69;7.51;7.34;7.01;6.9;6.67;6.3;6.53;6.62
lao;liver_cancer_deaths_per_100000_men;10.07;10.25;10.47;10.71;10.99;11.29;11.63;12.0;12.31;12.27;12.31;12.38;12.43;12.57;12.65;12.76;12.91;13.07;13.15;13.36;13.44;13.55;13.65;13.74;13.84;13.92;13.96
lbn;liver_cancer_deaths_per_100000_men;4.32;4.25;4.21;4.16;4.11;4.07;4.05;4.03;4.0;3.9;3.8;3.72;3.65;3.59;3.57;3.52;3.62;3.75;3.71;3.68;3.66;3.65;3.65;3.65;3.66;3.67;3.68
lbr;liver_cancer_deaths_per_100000_men;39.53;39.9;40.01;40.15;40.29;39.05;39.95;39.64;39.13;37.14;35.74;34.61;33.96;32.85;32.36;31.71;31.54;31.37;31.27;31.18;31.01;31.15;31.17;31.21;31.1;31.07;31.09
lby;liver_cancer_deaths_per_100000_men;7.68;7.7;7.71;7.72;7.73;7.74;7.69;7.68;7.65;7.63;7.59;7.56;7.53;7.5;7.48;7.46;7.44;7.47;7.48;7.49;7.49;7.51;7.58;7.63;7.64;7.66;7.68
lca;liver_cancer_deaths_per_100000_men;8.93;8.75;8.61;8.49;8.19;8.03;7.83;7.5;7.35;6.93;6.82;6.38;6.27;6.17;6.04;5.93;5.8;5.57;5.35;5.14;5.18;5.04;5.12;5.14;5.22;5.14;5.13
lka;liver_cancer_deaths_per_100000_men;2.75;2.73;2.71;2.69;2.68;2.65;2.69;2.78;2.87;3.02;3.21;3.36;3.52;3.72;3.96;4.19;4.42;4.62;4.72;4.85;4.94;4.94;4.93;4.94;4.93;4.93;4.91
lso;liver_cancer_deaths_per_100000_men;10.24;10.24;10.32;10.34;10.46;10.48;10.5;10.54;10.55;10.37;10.18;9.97;9.78;9.6;9.49;9.35;9.34;9.35;9.37;9.39;9.47;9.55;9.62;9.68;9.71;9.71;9.66
ltu;liver_cancer_deaths_per_100000_men;3.85;4.07;4.19;4.34;4.45;4.66;4.64;4.56;4.82;5.07;5.05;5.23;5.34;5.51;5.53;5.7;5.73;5.99;5.88;5.87;6.04;6.02;6.05;6.06;6.08;6.11;6.11
lux;liver_cancer_deaths_per_100000_men;7.13;7.1;7.37;7.51;7.71;7.69;7.74;7.98;8.08;8.13;8.18;8.13;8.2;8.25;8.21;8.2;8.09;8.14;8.2;8.18;8.25;8.2;8.09;8.17;8.27;8.16;8.08
lva;liver_cancer_deaths_per_100000_men;5.11;5.27;5.31;5.32;5.41;5.38;5.16;5.18;5.37;5.49;5.65;5.84;6.03;6.22;6.56;6.63;6.83;6.9;6.85;6.75;6.77;6.74;6.59;6.8;6.81;6.88;6.91
mar;liver_cancer_deaths_per_100000_men;2.42;2.45;2.47;2.5;2.52;2.53;2.56;2.59;2.61;2.63;2.65;2.66;2.65;2.66;2.66;2.67;2.69;2.71;2.72;2.74;2.76;2.77;2.78;2.78;2.79;2.8;2.8
mda;liver_cancer_deaths_per_100000_men;5.73;5.75;5.37;5.17;5.65;6.25;7.77;8.12;8.66;9.08;9.57;10.11;10.78;11.02;11.92;12.75;13.29;13.69;14.18;14.36;14.67;14.4;14.86;15.13;15.31;15.46;15.43
mdg;liver_cancer_deaths_per_100000_men;8.89;8.82;8.74;8.74;8.65;8.55;8.5;8.42;8.34;8.25;8.18;8.12;8.08;8.05;8.01;7.97;7.94;7.92;7.94;7.99;8.04;8.07;8.12;8.16;8.21;8.26;8.3
mdv;liver_cancer_deaths_per_100000_men;8.16;8.26;8.37;8.48;8.6;8.69;8.81;8.9;8.98;9.1;9.24;9.31;9.41;9.49;9.49;9.54;9.56;9.55;9.6;9.65;9.7;9.67;9.71;9.67;9.64;9.61;9.57
mex;liver_cancer_deaths_per_100000_men;7.72;7.71;7.72;7.75;7.82;7.87;7.91;7.96;7.97;7.89;7.9;7.86;7.97;8.01;7.95;7.9;7.76;7.57;7.57;7.52;7.49;7.46;7.45;7.47;7.48;7.46;7.51
mhl;liver_cancer_deaths_per_100000_men;11.16;11.21;11.27;11.29;11.29;11.32;11.31;11.32;11.29;11.34;11.37;11.4;11.43;11.44;11.47;11.45;11.45;11.44;11.42;11.41;11.38;11.35;11.32;11.28;11.25;11.22;11.16
mkd;liver_cancer_deaths_per_100000_men;12.13;12.16;12.26;12.44;12.45;12.72;12.85;13.07;12.94;12.62;12.79;12.72;12.59;12.43;12.03;12.0;12.16;12.34;12.37;12.55;12.59;12.59;12.48;12.38;12.38;12.35;12.31
mli;liver_cancer_deaths_per_100000_men;52.22;50.97;50.04;48.43;46.74;44.42;44.91;44.86;44.1;44.25;44.77;45.3;46.0;46.21;46.63;46.86;47.26;47.99;48.44;49.12;49.59;49.8;49.82;50.28;50.73;51.17;51.5
mlt;liver_cancer_deaths_per_100000_men;3.66;3.66;3.61;3.64;3.61;3.64;3.72;3.82;3.96;4.12;4.12;4.21;4.24;4.25;4.23;4.14;4.26;4.31;4.33;4.3;4.28;4.28;4.28;4.31;4.36;4.35;4.37
mmr;liver_cancer_deaths_per_100000_men;6.71;6.85;7.01;7.19;7.4;7.58;7.8;8.01;8.22;8.28;8.35;8.43;8.53;8.63;8.72;8.81;8.91;9.02;9.14;9.26;9.37;9.47;9.56;9.66;9.75;9.82;9.84
mne;liver_cancer_deaths_per_100000_men;8.29;8.32;8.38;8.43;8.46;8.47;8.49;8.52;8.54;8.54;8.59;8.35;8.37;8.37;8.4;8.45;8.54;8.43;8.3;8.16;8.25;8.29;8.31;8.33;8.36;8.38;8.38
mng;liver_cancer_deaths_per_100000_men;92.39;92.32;92.22;92.42;92.8;93.8;94.13;94.33;95.07;98.46;103.57;109.97;117.24;124.0;129.2;133.45;137.98;141.52;144.4;146.76;148.68;149.19;149.46;149.21;148.62;149.81;150.57
mnp;liver_cancer_deaths_per_100000_men;7.7;7.67;7.65;7.63;7.61;7.59;7.57;7.53;7.45;7.72;8.48;8.85;9.27;9.39;9.8;10.2;10.46;10.66;11.01;11.07;10.9;10.9;10.86;10.81;10.75;10.68;10.59
moz;liver_cancer_deaths_per_100000_men;31.33;31.32;31.44;31.62;31.55;31.37;31.33;31.35;31.33;31.12;31.17;31.01;31.31;31.42;31.72;32.13;32.4;32.67;32.88;32.99;33.2;33.36;33.48;33.83;34.09;34.36;34.54
mrt;liver_cancer_deaths_per_100000_men;32.24;32.46;32.91;33.33;34.02;34.46;34.85;34.97;34.83;33.28;31.99;31.02;30.03;29.2;28.78;28.23;27.69;27.42;27.23;27.16;27.08;26.96;26.97;27.06;27.1;27.13;27.12
mus;liver_cancer_deaths_per_100000_men;5.82;6.21;6.34;6.21;6.04;6.12;6.33;6.43;6.24;6.02;5.64;5.65;6.01;5.99;6.28;6.18;6.11;6.18;6.08;5.95;5.96;5.86;5.71;5.65;5.38;5.5;5.55
mwi;liver_cancer_deaths_per_100000_men;7.12;7.07;7.13;7.17;7.31;7.35;7.43;7.64;7.93;8.19;8.47;8.63;8.81;9.12;9.36;9.5;9.53;9.56;9.62;9.66;9.79;9.93;10.0;10.0;10.05;10.1;10.12
mys;liver_cancer_deaths_per_100000_men;13.73;13.62;13.53;13.42;13.34;13.28;13.25;13.24;13.3;13.38;13.47;13.32;13.09;12.82;12.88;12.79;12.96;13.0;12.97;12.95;12.98;13.07;13.11;13.14;13.16;13.17;13.16
nam;liver_cancer_deaths_per_100000_men;3.24;3.24;3.26;3.27;3.3;3.34;3.37;3.38;3.41;3.45;3.5;3.54;3.6;3.74;3.85;3.95;4.03;4.1;4.25;4.52;4.52;4.54;4.54;4.56;4.59;4.6;4.59
ner;liver_cancer_deaths_per_100000_men;28.22;28.0;28.23;28.48;28.65;29.04;29.04;29.23;29.32;28.48;27.6;27.15;26.52;26.18;25.8;25.62;25.58;25.37;25.24;25.17;25.11;25.13;25.14;25.19;25.22;25.19;25.12
nga;liver_cancer_deaths_per_100000_men;34.24;35.01;35.89;36.73;37.17;37.69;38.49;38.95;39.23;37.64;36.35;35.19;34.2;33.45;32.77;32.05;31.66;31.42;30.9;30.82;30.54;30.33;30.04;29.95;29.74;29.63;29.44
nic;liver_cancer_deaths_per_100000_men;6.95;6.97;7.11;7.25;7.36;7.44;7.48;7.61;7.78;7.7;7.81;7.92;8.11;8.23;8.32;8.48;8.57;8.69;8.78;8.96;9.15;9.22;9.33;9.39;9.39;9.38;9.33
nld;liver_cancer_deaths_per_100000_men;2.41;2.45;2.54;2.6;2.67;2.74;2.8;2.94;2.97;3.1;3.17;3.3;3.46;3.66;3.77;3.81;3.96;4.13;4.23;4.38;4.49;4.59;4.71;4.76;4.84;4.89;4.8
nor;liver_cancer_deaths_per_100000_men;2.24;2.26;2.25;2.27;2.24;2.26;2.31;2.33;2.42;2.54;2.59;2.65;2.7;2.74;2.83;2.95;3.01;3.08;3.18;3.3;3.43;3.51;3.57;3.64;3.57;3.56;3.55
npl;liver_cancer_deaths_per_100000_men;3.16;3.21;3.24;3.33;3.4;3.51;3.6;3.75;3.92;4.08;4.27;4.41;4.52;4.59;4.64;4.67;4.69;4.71;4.77;4.84;4.92;5.05;5.17;5.29;5.39;5.46;5.5
nzl;liver_cancer_deaths_per_100000_men;3.37;3.47;3.52;3.76;3.87;4.0;4.1;4.28;4.45;4.53;4.58;4.55;4.71;4.87;5.01;5.1;5.32;5.42;5.5;5.56;5.64;5.74;5.7;5.65;5.61;5.56;5.55
omn;liver_cancer_deaths_per_100000_men;6.05;6.07;6.09;6.09;6.1;6.11;6.13;6.15;6.2;6.35;6.44;6.51;6.54;6.53;6.48;6.35;6.64;6.83;6.97;7.23;7.06;7.01;6.97;6.94;6.94;6.98;6.99
pak;liver_cancer_deaths_per_100000_men;4.5;4.54;4.58;4.63;4.67;4.72;4.76;4.78;4.79;4.8;4.8;4.83;4.86;4.9;4.94;4.99;5.03;5.07;5.11;5.14;5.18;5.21;5.23;5.25;5.27;5.28;5.28
pan;liver_cancer_deaths_per_100000_men;6.42;6.17;5.9;5.64;5.39;5.17;5.07;4.75;4.55;4.72;4.98;4.8;4.9;4.99;5.18;5.16;5.33;5.35;5.41;5.74;5.73;5.84;5.82;5.77;5.87;5.94;5.95
per;liver_cancer_deaths_per_100000_men;8.3;8.38;8.49;8.6;8.67;8.7;8.76;8.74;8.65;8.59;8.56;8.42;8.38;8.33;8.28;8.2;8.13;8.11;8.14;8.14;8.14;8.2;8.2;8.17;8.14;8.17;8.18
phl;liver_cancer_deaths_per_100000_men;4.63;5.07;6.25;7.85;10.3;13.85;18.25;23.35;25.35;24.81;23.65;21.98;19.99;17.94;13.86;13.62;16.6;17.57;18.08;18.3;18.41;18.37;18.37;18.27;18.25;18.26;18.2
png;liver_cancer_deaths_per_100000_men;8.71;8.76;8.82;8.88;8.94;9.0;9.05;9.06;9.07;9.08;9.04;9.04;9.05;9.02;9.02;9.02;9.0;9.01;9.02;9.03;9.05;9.08;9.11;9.13;9.16;9.2;9.22
pol;liver_cancer_deaths_per_100000_men;5.06;4.91;4.81;4.7;4.62;4.63;4.64;4.72;4.7;5.11;5.15;5.15;5.07;5.02;4.93;4.8;4.8;4.74;4.71;4.71;4.76;4.79;4.96;5.04;5.06;5.1;5.13
pri;liver_cancer_deaths_per_100000_men;9.7;9.76;9.6;9.83;9.64;9.58;9.59;9.26;8.94;8.96;9.04;9.23;8.99;9.08;9.1;9.02;9.23;9.41;9.66;9.79;9.78;9.98;10.03;9.94;9.95;9.84;9.75
prk;liver_cancer_deaths_per_100000_men;35.43;35.76;36.1;36.43;36.87;37.29;37.66;37.91;38.02;37.6;37.16;36.7;36.27;35.88;35.55;35.26;35.19;35.14;35.13;35.15;35.18;35.2;35.2;35.21;35.23;35.23;35.2
prt;liver_cancer_deaths_per_100000_men;6.34;6.44;6.58;6.75;6.87;6.97;7.05;7.02;7.04;7.29;7.42;7.49;7.63;7.78;7.99;8.11;8.29;8.45;8.63;8.81;8.96;9.16;9.23;9.28;9.25;9.07;8.97
pry;liver_cancer_deaths_per_100000_men;4.68;4.75;4.82;4.9;4.99;4.94;4.79;4.87;4.77;4.68;4.65;4.68;4.61;4.53;4.46;4.33;4.3;4.3;4.35;4.45;4.51;4.58;4.64;4.71;4.74;4.75;4.76
pse;liver_cancer_deaths_per_100000_men;9.37;9.42;9.46;9.49;9.53;9.58;9.64;9.69;9.93;10.29;10.77;10.89;11.25;11.71;12.35;12.71;12.74;12.88;12.68;12.68;12.83;12.91;12.76;12.81;12.76;12.73;12.7
qat;liver_cancer_deaths_per_100000_men;11.29;11.35;11.37;11.41;11.52;11.7;11.28;10.91;10.53;10.25;10.06;9.94;10.14;10.25;10.11;10.89;10.71;11.09;11.15;10.84;10.69;10.55;10.54;10.68;10.87;10.86;10.88
rou;liver_cancer_deaths_per_100000_men;6.44;6.36;6.42;6.54;6.83;7.26;7.88;8.6;9.24;9.68;10.1;10.5;10.71;10.97;11.13;11.35;11.69;11.93;12.51;12.81;13.09;12.98;13.13;13.28;13.51;13.5;13.49
rus;liver_cancer_deaths_per_100000_men;9.2;9.22;9.37;9.62;9.67;9.47;9.12;8.78;8.45;8.1;8.04;7.92;7.84;7.71;7.62;7.62;7.52;7.54;7.65;7.63;7.68;7.66;7.64;7.73;7.84;7.97;8.02
rwa;liver_cancer_deaths_per_100000_men;10.1;10.14;10.06;9.91;9.73;9.57;9.53;9.57;9.65;9.64;9.7;9.82;10.04;10.26;10.53;10.73;11.01;11.17;11.26;11.36;11.41;11.47;11.52;11.56;11.59;11.62;11.63
sau;liver_cancer_deaths_per_100000_men;18.13;18.23;18.33;18.44;18.58;18.71;18.89;19.06;19.29;19.44;19.67;19.71;19.75;19.79;19.75;19.42;19.14;19.01;18.78;18.72;18.75;18.67;18.59;18.32;18.18;18.08;17.96
sdn;liver_cancer_deaths_per_100000_men;15.0;15.26;15.53;15.8;16.05;16.24;16.5;16.73;16.95;17.07;17.19;17.22;17.21;17.2;17.26;17.31;17.48;17.59;17.67;17.71;17.73;17.8;17.91;18.04;18.12;18.16;18.17
sen;liver_cancer_deaths_per_100000_men;34.23;34.38;34.77;35.05;35.68;35.79;35.91;36.19;36.14;35.33;34.57;34.1;33.68;33.27;33.18;32.96;32.7;32.3;31.95;31.54;31.18;30.94;30.8;30.79;30.68;30.63;30.59
sgp;liver_cancer_deaths_per_100000_men;25.86;25.71;25.77;25.52;25.5;25.23;24.73;23.94;23.53;23.35;23.08;21.96;21.75;21.04;20.12;19.62;18.65;17.93;17.42;17.67;17.81;17.79;17.76;17.78;17.95;17.87;18.02
slb;liver_cancer_deaths_per_100000_men;19.95;20.11;20.29;20.49;20.75;20.9;21.2;21.7;21.96;22.51;22.43;22.66;22.83;22.94;23.03;23.13;23.36;23.71;23.94;24.12;24.19;24.26;24.31;24.4;24.44;24.5;24.5
sle;liver_cancer_deaths_per_100000_men;30.72;31.3;31.95;32.6;33.15;34.11;34.38;35.05;34.75;33.36;32.1;31.15;30.51;29.68;28.84;28.27;27.9;27.55;27.25;27.05;26.86;26.85;27.02;27.14;27.18;27.11;27.07
slv;liver_cancer_deaths_per_100000_men;4.97;5.24;5.38;5.51;5.67;5.81;6.0;6.16;6.28;6.3;6.33;6.39;6.45;6.44;6.43;6.45;6.51;6.53;6.53;6.48;6.54;6.57;6.6;6.73;6.68;6.63;6.62
som;liver_cancer_deaths_per_100000_men;10.23;10.19;10.15;10.11;10.07;10.02;9.98;9.93;9.87;9.66;9.4;9.3;9.41;9.44;9.42;9.41;9.43;9.47;9.5;9.45;9.36;9.37;9.57;9.59;9.61;9.63;9.66
srb;liver_cancer_deaths_per_100000_men;8.99;8.97;8.96;8.97;9.0;9.03;9.11;9.17;9.24;9.27;9.34;9.28;9.24;9.16;9.08;9.03;9.0;8.94;8.88;8.83;8.74;8.72;8.69;8.68;8.72;8.69;8.68
ssd;liver_cancer_deaths_per_100000_men;8.27;8.25;8.42;8.63;8.79;8.91;9.0;8.85;8.88;8.79;8.68;8.4;8.23;8.27;8.41;8.53;8.73;8.82;8.78;8.71;8.57;8.47;8.56;8.63;8.71;8.76;8.82
stp;liver_cancer_deaths_per_100000_men;2.68;2.7;2.73;2.76;2.76;2.8;2.84;2.9;2.94;2.95;2.95;2.97;2.98;2.99;2.99;2.99;2.99;2.96;2.97;2.97;2.97;2.99;3.04;3.05;3.06;3.08;3.08
sur;liver_cancer_deaths_per_100000_men;11.76;11.75;11.79;11.74;11.6;11.38;11.24;11.12;11.13;10.88;10.84;10.53;10.37;10.27;10.14;10.11;10.07;9.95;9.88;9.83;9.88;9.87;9.97;10.03;10.15;10.16;10.17
svk;liver_cancer_deaths_per_100000_men;7.83;7.86;7.91;7.93;8.0;8.12;8.2;8.25;8.38;8.34;8.34;8.34;8.3;8.3;8.23;8.29;8.36;8.41;8.37;8.35;8.38;8.38;8.4;8.46;8.47;8.46;8.47
svn;liver_cancer_deaths_per_100000_men;5.8;5.85;6.08;6.14;6.25;6.39;6.68;7.05;7.4;7.58;7.82;7.96;8.21;8.21;8.31;8.53;8.69;8.9;8.9;8.81;8.82;8.96;9.14;9.25;9.11;9.17;9.01
swe;liver_cancer_deaths_per_100000_men;5.98;6.0;5.87;5.87;5.82;5.75;5.68;5.59;5.47;5.33;5.19;5.17;5.2;5.13;5.14;5.08;5.0;4.96;4.99;5.05;5.1;5.18;5.3;5.36;5.43;5.52;5.51
swz;liver_cancer_deaths_per_100000_men;13.79;13.93;13.91;13.81;13.93;14.06;14.34;14.13;14.11;13.7;13.43;13.12;12.75;12.42;12.03;11.74;11.48;11.31;11.22;11.14;11.09;11.09;11.09;11.11;11.11;11.03;10.98
syc;liver_cancer_deaths_per_100000_men;3.02;3.35;3.81;4.41;5.19;6.14;7.18;8.13;8.86;9.09;9.24;9.41;9.17;8.84;8.28;8.26;8.72;8.93;9.02;9.03;9.04;8.98;8.93;8.9;8.9;8.92;8.93
syr;liver_cancer_deaths_per_100000_men;4.94;4.94;4.94;4.96;4.98;5.0;5.03;5.07;5.1;5.1;5.07;5.18;5.16;5.09;4.99;4.78;4.62;4.52;4.56;4.58;4.63;4.62;4.63;4.65;4.68;4.69;4.7
tcd;liver_cancer_deaths_per_100000_men;31.94;31.82;32.68;33.64;33.96;34.14;35.27;35.83;35.75;34.7;33.38;32.38;31.52;30.94;30.54;30.07;29.76;29.73;29.6;29.44;29.57;29.51;29.45;29.26;29.18;29.09;28.97
tgo;liver_cancer_deaths_per_100000_men;34.3;34.54;34.86;35.22;35.6;35.87;36.21;36.37;36.38;34.72;33.46;32.41;31.41;31.03;30.21;29.71;29.3;28.98;28.94;28.64;28.48;28.41;28.34;28.34;28.41;28.4;28.41
tha;liver_cancer_deaths_per_100000_men;37.94;38.5;38.96;39.02;39.14;39.47;39.51;39.82;40.55;40.84;41.29;41.95;42.79;43.82;43.19;42.88;42.67;42.47;42.28;42.06;41.84;41.81;41.73;41.55;41.31;41.54;41.56
tjk;liver_cancer_deaths_per_100000_men;10.0;10.04;10.0;9.98;10.03;9.99;9.87;9.8;9.69;9.52;9.39;9.27;9.17;9.09;9.0;8.91;8.92;8.9;8.91;8.94;9.01;9.09;9.02;8.97;8.96;8.96;8.96
tkm;liver_cancer_deaths_per_100000_men;6.59;6.7;6.55;6.55;6.52;6.49;6.49;6.5;6.53;6.57;6.63;6.74;6.55;6.75;6.91;7.04;7.13;7.27;7.47;7.91;8.18;8.34;8.21;8.07;8.24;8.34;8.37
tls;liver_cancer_deaths_per_100000_men;6.12;6.26;6.42;6.59;6.76;6.91;7.06;7.21;7.37;7.37;7.4;7.47;7.6;7.68;7.79;7.85;7.97;8.0;8.09;8.16;8.23;8.28;8.37;8.39;8.42;8.45;8.45
ton;liver_cancer_deaths_per_100000_men;47.04;47.81;48.19;48.45;48.72;48.9;49.21;49.37;49.14;50.15;50.59;50.9;51.07;51.07;51.3;51.26;50.92;50.8;50.65;50.54;50.62;50.81;50.64;50.57;50.56;50.55;50.51
tto;liver_cancer_deaths_per_100000_men;9.53;9.4;8.9;8.63;8.18;8.25;7.78;7.41;6.89;5.8;5.0;4.61;4.45;4.41;4.13;4.03;4.08;4.14;4.13;4.38;4.6;4.63;4.7;4.74;4.78;4.81;4.82
tun;liver_cancer_deaths_per_100000_men;2.85;2.86;2.89;2.92;2.92;2.92;2.92;2.9;2.89;2.89;2.89;2.9;2.9;2.91;2.92;2.91;2.92;2.93;2.94;2.95;2.96;2.97;2.98;2.99;3.01;3.03;3.03
tur;liver_cancer_deaths_per_100000_men;6.24;6.33;6.36;6.41;6.42;6.4;6.37;6.36;6.29;6.3;6.18;6.11;6.03;6.18;6.09;6.08;6.08;6.01;5.98;6.18;6.24;6.28;6.29;6.37;6.4;6.43;6.44
twn;liver_cancer_deaths_per_100000_men;37.26;39.19;41.06;42.96;44.97;47.17;49.28;50.85;52.58;52.91;52.5;51.76;51.09;50.41;50.03;49.51;48.68;47.76;46.8;46.0;45.53;45.05;44.46;43.94;43.64;43.58;43.76
tza;liver_cancer_deaths_per_100000_men;11.3;11.19;11.11;11.01;10.96;10.78;10.7;10.6;10.5;10.37;10.22;10.09;10.05;10.08;10.14;10.22;10.27;10.25;10.25;10.25;10.25;10.28;10.3;10.4;10.42;10.47;10.49
uga;liver_cancer_deaths_per_100000_men;14.04;14.28;14.35;14.11;14.41;13.64;12.72;11.68;12.07;11.53;11.81;11.96;12.28;12.84;13.38;13.63;14.1;14.5;14.35;14.35;14.32;14.15;13.91;13.62;13.73;13.7;13.68
ukr;liver_cancer_deaths_per_100000_men;4.41;4.45;4.48;4.47;4.46;4.48;4.4;4.31;4.2;4.19;4.2;4.19;4.21;4.24;4.34;4.48;4.5;4.55;4.58;4.47;4.46;4.48;4.62;4.61;4.56;4.59;4.59
ury;liver_cancer_deaths_per_100000_men;3.41;3.54;3.49;3.51;3.53;3.59;3.63;3.73;3.53;3.5;3.64;3.76;3.75;3.91;3.99;4.15;4.23;4.28;4.4;4.55;4.69;4.69;4.74;4.73;4.93;4.87;4.84
usa;liver_cancer_deaths_per_100000_men;4.61;4.75;4.92;5.07;5.23;5.39;5.51;5.61;5.74;5.86;6.0;6.16;6.33;6.5;6.67;6.86;6.99;7.16;7.35;7.52;7.67;7.77;7.85;7.9;7.89;7.77;7.73
uzb;liver_cancer_deaths_per_100000_men;7.75;7.81;7.85;7.89;7.9;7.89;7.84;7.77;7.7;7.52;7.38;7.26;7.2;7.19;7.23;7.4;7.18;7.11;7.12;7.19;7.31;7.33;7.42;7.42;7.55;7.63;7.64
vct;liver_cancer_deaths_per_100000_men;10.9;10.75;10.63;10.5;10.4;10.41;10.36;10.07;10.07;9.65;9.63;8.93;8.74;8.59;8.39;8.29;8.17;7.94;7.83;7.8;8.01;8.0;8.4;8.7;9.11;9.96;9.55
ven;liver_cancer_deaths_per_100000_men;8.27;8.25;8.33;8.13;7.81;7.28;6.69;6.43;6.34;6.11;6.07;5.9;5.78;5.74;5.58;5.53;5.67;5.77;5.88;5.84;5.75;5.76;5.84;5.83;5.92;5.96;5.96
vnm;liver_cancer_deaths_per_100000_men;25.79;26.0;26.15;26.81;27.4;27.79;29.74;29.92;30.43;30.81;31.15;31.46;31.73;32.02;32.32;32.63;32.91;33.06;33.09;33.32;33.54;33.79;33.96;34.1;34.21;34.27;34.2
vut;liver_cancer_deaths_per_100000_men;9.72;9.81;9.89;9.94;10.0;10.02;10.05;10.1;10.17;10.27;10.37;10.46;10.53;10.6;10.68;10.75;10.81;10.88;10.96;11.04;11.09;11.14;11.17;11.22;11.25;11.27;11.26
wsm;liver_cancer_deaths_per_100000_men;9.02;9.04;9.06;9.09;9.11;9.12;9.11;9.11;9.1;9.13;9.17;9.2;9.23;9.24;9.24;9.23;9.21;9.21;9.19;9.19;9.2;9.2;9.18;9.18;9.17;9.17;9.15
yem;liver_cancer_deaths_per_100000_men;10.09;10.23;10.37;10.51;10.65;10.77;10.89;10.99;11.09;11.11;11.14;11.2;11.24;11.28;11.33;11.36;11.36;11.34;11.31;11.29;11.27;11.27;11.29;11.31;11.32;11.31;11.33
zaf;liver_cancer_deaths_per_100000_men;10.11;10.32;10.51;10.61;10.75;10.93;11.14;11.42;11.44;11.36;11.25;11.03;10.89;10.72;10.6;10.34;10.3;10.16;10.05;9.99;9.97;9.82;9.72;9.6;9.57;9.49;9.44
zmb;liver_cancer_deaths_per_100000_men;10.11;10.39;10.55;10.73;10.86;10.97;11.04;11.05;11.04;10.99;11.02;11.02;11.07;11.18;11.22;11.27;11.37;11.42;11.57;11.67;11.85;12.0;12.07;12.21;12.34;12.47;12.59
zwe;liver_cancer_deaths_per_100000_men;28.97;28.15;27.49;27.17;27.26;28.18;26.88;25.88;24.84;24.08;23.77;24.58;25.32;25.61;25.73;26.08;26.12;26.13;25.9;25.72;25.64;25.77;25.99;26.36;26.79;27.31;27.76
