geo;indicator;1990;1991;1992;1993;1994;1995;1996;1997;1998;1999;2000;2001;2002;2003;2004;2005;2006;2007;2008;2009;2010;2011;2012;2013;2014;2015;2016;2017;2018;2019;2020;2021;2022;2023;2024;2025;2026;2027;2028;2029;2030
afg;males_aged_15plus_labour_force_participation_rate_percent;86.675;86.652;86.611;86.553;86.48;86.396;86.39;86.406;86.43700000000001;86.477;86.522;86.63600000000001;86.76;86.885;87.00200000000001;87.102;87.001;86.89299999999999;86.779;86.66;86.545;86.53200000000001;86.541;86.574;86.633;86.715;86.71700000000001;86.712;86.71600000000001;86.728;86.744;86.773;86.807;86.848;86.904;86.975;87.064;87.17;87.277;87.37100000000001;87.44200000000001
ago;males_aged_15plus_labour_force_participation_rate_percent;81.581;81.667;81.663;81.77;81.545;81.256;81.202;81.131;81.029;80.922;80.798;80.832;80.919;80.858;80.73899999999999;80.557;80.53399999999999;80.441;80.393;80.441;80.452;80.555;80.574;80.515;80.419;80.283;80.179;80.092;79.994;79.891;79.788;79.687;79.586;79.493;79.419;79.368;79.33800000000001;79.328;79.333;79.35;79.376
alb;males_aged_15plus_labour_force_participation_rate_percent;74.416;74.848;74.827;74.631;74.28;73.68;73.65899999999999;74.126;74.063;73.789;73.6;73.06;72.596;71.03399999999999;69.457;67.902;66.51;65.219;64.01;64.292;62.983999999999995;64.411;66.117;62.646;63.882;65.161;65.053;64.863;64.688;64.5;64.277;64.042;63.778;63.47;63.096000000000004;62.643;62.13;61.534;60.88399999999999;60.229;59.607
are;males_aged_15plus_labour_force_participation_rate_percent;90.13;90.178;90.522;91.163;91.67299999999999;92.149;91.34299999999999;90.876;90.839;91.117;91.49799999999999;90.72399999999999;90.587;90.944;91.65700000000001;92.54;91.521;91.286;91.536;92.167;93.26299999999999;93.072;92.896;92.854;93.008;93.295;92.551;91.971;91.656;91.57700000000001;91.64;90.777;90.061;89.561;89.29700000000001;89.209;88.37700000000001;87.682;87.185;86.911;86.814
arg;males_aged_15plus_labour_force_participation_rate_percent;75.487;75.475;75.433;75.28399999999999;75.21;75.041;75.043;75.171;75.278;75.309;75.385;75.348;75.186;75.39399999999999;75.59100000000001;75.619;75.655;75.102;74.53699999999999;74.561;74.03399999999999;74.502;74.10300000000001;73.92399999999999;73.475;73.439;73.382;73.241;73.093;72.949;72.815;72.661;72.52;72.38600000000001;72.255;72.122;71.964;71.809;71.657;71.509;71.365
arm;males_aged_15plus_labour_force_participation_rate_percent;70.45100000000001;70.413;70.249;69.973;69.61;69.176;68.67399999999999;68.169;67.658;67.135;66.60600000000001;66.316;66.04899999999999;65.85;65.786;65.887;66.145;66.538;66.78;67.721;71.645;70.923;70.536;70.58800000000001;70.80199999999999;70.18;70.334;70.579;70.758;70.85;70.846;70.71600000000001;70.502;70.23899999999999;69.983;69.77;69.57600000000001;69.429;69.336;69.308;69.351
aus;males_aged_15plus_labour_force_participation_rate_percent;75.76899999999999;74.778;74.234;73.67;73.753;73.947;73.729;73.181;72.899;72.456;72.312;72.096;71.999;71.702;71.638;72.188;72.307;72.598;72.675;72.331;72.45;72.24600000000001;71.773;71.421;71.005;71.164;70.667;70.52199999999999;70.378;70.225;70.056;69.865;69.665;69.461;69.262;69.07;68.902;68.74600000000001;68.60300000000001;68.472;68.354
aut;males_aged_15plus_labour_force_participation_rate_percent;69.97800000000001;69.999;70.12;69.955;70.217;70.322;69.704;69.01;69.017;69.11;68.89399999999999;67.88600000000001;68.226;68.012;64.858;66.12899999999999;66.312;67.199;67.15;67.058;66.86399999999999;66.625;66.648;66.642;66.102;65.994;66.222;66.013;65.774;65.499;65.185;64.813;64.41;63.983000000000004;63.538000000000004;63.081;62.61;62.137;61.673;61.233999999999995;60.82899999999999
aze;males_aged_15plus_labour_force_participation_rate_percent;70.183;70.268;71.056;71.624;71.874;71.892;71.813;71.675;71.472;71.256;70.262;69.27199999999999;68.334;67.467;66.694;66.02;65.41;64.883;65.517;66.165;66.811;67.344;67.639;67.964;68.362;68.682;69.714;69.47800000000001;69.192;68.862;68.492;68.05;67.582;67.08;66.533;65.938;65.27600000000001;64.571;63.87;63.243;62.731
bdi;males_aged_15plus_labour_force_participation_rate_percent;90.454;89.95200000000001;89.353;88.662;87.89299999999999;87.056;86.296;85.469;84.568;83.785;82.963;82.303;81.687;81.12100000000001;80.612;80.153;79.725;79.319;78.932;78.57;78.24;77.814;77.422;77.047;76.668;77.07300000000001;77.415;77.453;77.459;77.41;77.295;77.109;76.868;76.592;76.308;76.033;75.76100000000001;75.501;75.26;75.04899999999999;74.875
bel;males_aged_15plus_labour_force_participation_rate_percent;60.762;61.041000000000004;60.738;60.206;60.839;60.967;60.743;60.458999999999996;60.419;61.093;61.364;60.265;60.037;59.918;60.01;61.286;60.794;61.13;60.841;60.375;60.791000000000004;59.673;59.721000000000004;59.706;59.381;59.143;58.964;58.738;58.511;58.27;58.007;57.64;57.253;56.855;56.465;56.093;55.715;55.363;55.038000000000004;54.736999999999995;54.458
ben;males_aged_15plus_labour_force_participation_rate_percent;89.242;89.25;89.206;88.375;87.499;86.579;85.59100000000001;84.55;83.458;82.316;81.128;79.896;78.624;77.97800000000001;77.306;76.617;75.9;75.167;74.425;73.683;72.95;73.764;73.663;73.508;73.35;73.244;73.156;73.142;73.133;73.125;73.116;73.10600000000001;73.098;73.09;73.084;73.081;73.081;73.083;73.09100000000001;73.107;73.133
bfa;males_aged_15plus_labour_force_participation_rate_percent;90.79299999999999;90.81200000000001;90.59100000000001;90.336;90.083;89.79799999999999;89.499;89.215;88.917;88.616;88.337;88.04700000000001;87.76299999999999;87.45700000000001;87.154;86.821;86.49700000000001;85.41799999999999;84.262;83.02600000000001;81.706;80.305;78.814;77.225;75.535;75.414;75.285;75.157;75.023;74.883;74.736;74.593;74.446;74.29899999999999;74.157;74.023;73.902;73.789;73.682;73.579;73.479
bgd;males_aged_15plus_labour_force_participation_rate_percent;88.241;88.12;88.008;87.90899999999999;87.82600000000001;87.76100000000001;87.595;87.45200000000001;87.321;87.186;87.035;86.87299999999999;86.708;86.537;86.35700000000001;86.171;85.95100000000001;85.383;84.804;84.21;83.59700000000001;82.988;82.37;81.742;81.104;80.458;79.805;79.807;79.806;79.80199999999999;79.794;79.782;79.774;79.76;79.733;79.685;79.619;79.538;79.442;79.331;79.206
bgr;males_aged_15plus_labour_force_participation_rate_percent;61.674;61.503;61.361999999999995;60.618;59.897;59.205;58.54;57.913000000000004;57.29;56.63;55.908;56.843;56.286;55.993;56.751999999999995;56.428999999999995;58.161;59.894;61.872;61.018;59.528;58.232;58.70399999999999;59.59;60.086000000000006;60.148;59.58;59.552;59.501999999999995;59.433;59.343999999999994;59.115;58.86600000000001;58.617;58.396;58.225;57.992;57.816;57.688;57.59;57.50899999999999
bhr;males_aged_15plus_labour_force_participation_rate_percent;88.197;87.458;87.25399999999999;87.275;87.461;87.70299999999999;87.12700000000001;86.678;86.458;86.479;86.664;85.896;85.398;85.38;85.7;86.165;85.875;85.96;86.329;86.85700000000001;87.38600000000001;86.647;86.84899999999999;86.98100000000001;87.059;86.995;86.958;86.95200000000001;87.04299999999999;87.219;87.47200000000001;86.715;86.199;85.891;85.742;85.676;84.976;84.397;83.96600000000001;83.70100000000001;83.557
bhs;males_aged_15plus_labour_force_participation_rate_percent;79.432;80.271;81.066;81.79;82.37700000000001;82.381;82.334;82.235;81.97200000000001;81.633;81.453;81.494;81.557;81.694;81.689;81.587;81.607;81.668;81.809;81.975;81.95100000000001;81.893;81.798;81.828;81.888;81.979;81.99;81.99600000000001;81.98100000000001;81.902;81.744;81.502;81.188;80.82600000000001;80.454;80.092;79.737;79.39399999999999;79.071;78.77600000000001;78.51
bih;males_aged_15plus_labour_force_participation_rate_percent;63.442;63.22;62.966;62.675;62.343;61.978;61.746;61.516999999999996;61.306000000000004;61.119;60.933;60.717;60.521;60.348;60.225;60.5;60.328;60.193000000000005;60.07899999999999;60.042;59.905;59.652;59.339;58.938;58.534;58.42100000000001;58.805;58.645;58.507;58.347;58.137;57.846000000000004;57.516000000000005;57.16;56.803999999999995;56.46;56.097;55.748000000000005;55.411;55.082;54.757
blr;males_aged_15plus_labour_force_participation_rate_percent;67.562;67.234;67.071;66.939;66.883;66.815;66.529;66.156;65.86;65.70100000000001;65.846;65.99;66.21300000000001;66.503;66.855;67.291;67.61399999999999;68.03699999999999;68.523;69.048;69.536;69.89;70.23100000000001;70.54;70.792;70.98100000000001;70.935;70.667;70.337;69.965;69.567;68.992;68.40100000000001;67.822;67.289;66.82600000000001;66.29899999999999;65.851;65.488;65.215;65.035
blz;males_aged_15plus_labour_force_participation_rate_percent;81.869;81.65899999999999;81.316;81.18;81.283;81.524;81.72399999999999;81.596;81.525;81.532;81.605;81.64399999999999;81.72;81.805;81.872;81.906;82.09;82.18299999999999;82.20299999999999;82.15799999999999;82.052;82.745;83.17299999999999;82.51700000000001;81.78399999999999;80.949;81.138;81.25;81.37100000000001;81.507;81.656;81.76899999999999;81.896;82.01899999999999;82.12;82.184;82.185;82.15899999999999;82.113;82.055;81.98899999999999
bol;males_aged_15plus_labour_force_participation_rate_percent;81.335;81.479;81.347;81.40899999999999;81.51;81.63;81.76100000000001;81.95100000000001;81.868;81.75399999999999;81.61;81.834;82.054;82.264;82.455;82.624;82.792;82.14;82.00399999999999;81.86;82.045;82.105;80.014;79.917;81.811;79.745;79.85;79.854;79.863;79.877;79.89399999999999;79.92699999999999;79.967;80.01;80.055;80.1;80.152;80.207;80.258;80.298;80.32300000000001
bra;males_aged_15plus_labour_force_participation_rate_percent;83.242;82.916;82.57799999999999;82.23100000000001;81.881;81.533;81.12899999999999;80.72399999999999;80.324;79.934;79.56;79.186;79.286;78.987;79.381;79.248;79.112;78.611;78.605;78.574;77.702;76.791;76.243;76.104;75.65899999999999;75.423;74.945;74.73899999999999;74.532;74.317;74.09100000000001;73.858;73.62;73.368;73.095;72.794;72.475;72.134;71.775;71.40899999999999;71.043
brb;males_aged_15plus_labour_force_participation_rate_percent;77.62899999999999;75.38600000000001;76.301;76.68;76.92399999999999;77.514;75.116;76.024;75.756;75.44800000000001;75.125;75.10600000000001;75.105;75.108;75.663;75.44;75.11;74.744;74.334;73.881;73.05199999999999;72.97399999999999;71.964;72.01899999999999;69.04899999999999;69.941;70.49600000000001;70.033;69.54899999999999;69.05;68.541;68.074;67.611;67.149;66.687;66.225;65.82300000000001;65.433;65.053;64.686;64.335
brn;males_aged_15plus_labour_force_participation_rate_percent;81.76;81.727;81.345;81.048;80.84100000000001;80.688;80.403;80.20100000000001;80.074;79.992;79.914;79.063;78.585;78.28;78.127;78.044;77.47399999999999;76.986;76.658;76.502;76.44800000000001;76.36;76.17699999999999;75.926;75.65899999999999;75.258;74.858;74.683;74.495;74.3;74.1;73.899;73.707;73.497;73.245;72.93;72.574;72.166;71.721;71.27;70.829
btn;males_aged_15plus_labour_force_participation_rate_percent;76.4;76.077;75.767;75.46;75.157;74.887;74.684;74.52199999999999;74.396;74.297;74.223;74.197;74.332;74.619;75.001;75.391;75.484;75.547;75.59100000000001;75.626;74.318;72.832;67.31;72.822;72.419;74.125;74.17;74.275;74.345;74.358;74.3;74.17;73.973;73.735;73.491;73.258;73.024;72.8;72.565;72.291;71.961
bwa;males_aged_15plus_labour_force_participation_rate_percent;78.167;77.556;77.027;76.501;75.888;75.149;74.467;73.658;72.96;71.04;68.957;69.377;69.87;70.41;70.957;71.486;72.018;71.455;70.904;70.373;67.278;71.96;75.524;78.26899999999999;78.211;78.249;78.236;78.422;78.586;78.722;78.827;78.885;78.921;78.931;78.914;78.868;78.777;78.66199999999999;78.541;78.436;78.358
caf;males_aged_15plus_labour_force_participation_rate_percent;80.465;80.428;80.40899999999999;80.25;79.999;79.693;79.702;79.55;79.37;79.168;79.015;79.042;79.002;79.02600000000001;78.881;78.792;78.954;79.064;79.142;79.146;79.046;79.428;79.685;80.40100000000001;80.418;80.277;79.93;79.956;79.984;80.021;80.077;80.23899999999999;80.434;80.653;80.889;81.137;81.408;81.684;81.964;82.24799999999999;82.536
can;males_aged_15plus_labour_force_participation_rate_percent;75.97399999999999;74.955;73.73100000000001;73.209;72.972;72.297;71.96;72.016;71.92699999999999;72.19;72.127;72.016;72.74;73.173;72.936;72.583;72.115;72.362;72.586;71.771;71.442;71.283;70.932;70.78399999999999;70.44800000000001;70.454;70.10600000000001;69.832;69.555;69.26;68.938;68.59100000000001;68.226;67.855;67.493;67.15100000000001;66.84;66.55;66.286;66.056;65.862
chanisl;males_aged_15plus_labour_force_participation_rate_percent;70.233;70.492;70.527;70.616;70.506;70.538;70.55199999999999;70.455;70.355;70.09;69.92699999999999;69.682;69.32600000000001;69.053;68.953;68.876;68.509;68.279;68.085;67.881;67.378;67.375;67.027;66.709;66.391;66.1;65.757;65.47;65.195;64.89399999999999;64.54899999999999;64.131;63.681000000000004;63.216;62.747;62.284;61.798;61.32899999999999;60.875;60.448;60.049
che;males_aged_15plus_labour_force_participation_rate_percent;80.47399999999999;80.744;80.09;80.175;79.308;79.11399999999999;78.892;78.486;78.361;78.11399999999999;77.665;77.23100000000001;76.626;76.595;75.809;75.03399999999999;75.358;75.751;75.39;75.23;74.307;74.627;74.388;74.102;74.123;74.226;74.42699999999999;74.14399999999999;73.86;73.556;73.217;72.827;72.41;71.97;71.508;71.02600000000001;70.533;70.029;69.523;69.023;68.53399999999999
chl;males_aged_15plus_labour_force_participation_rate_percent;76.938;76.923;77.186;78.06;77.917;76.973;76.264;75.999;76.006;75.837;74.248;74.29899999999999;73.503;72.91199999999999;73.471;73.01;73.445;74.197;74.277;73.263;74.971;75.47399999999999;75.101;74.857;74.689;74.843;74.332;74.419;74.491;74.548;74.587;74.59100000000001;74.578;74.555;74.527;74.499;74.459;74.421;74.383;74.339;74.286
chn;males_aged_15plus_labour_force_participation_rate_percent;84.792;84.73899999999999;84.723;84.719;84.686;84.59299999999999;84.43700000000001;84.22399999999999;83.947;83.59899999999999;83.179;82.531;81.795;81.029;80.324;79.733;79.245;78.869;78.56;78.244;77.88;77.665;77.465;77.247;77.006;76.72800000000001;76.39399999999999;76.065;75.663;75.217;74.744;74.247;73.72800000000001;73.182;72.601;71.983;71.343;70.685;70.018;69.355;68.707
civ;males_aged_15plus_labour_force_participation_rate_percent;84.525;84.333;84.044;83.69;83.302;82.796;82.594;82.476;82.314;81.605;80.892;80.167;79.413;78.623;77.793;76.925;76.051;75.15;74.219;73.258;72.273;71.27199999999999;70.26100000000001;69.248;68.24600000000001;67.263;66.28399999999999;66.15899999999999;66.056;65.968;65.89399999999999;65.82300000000001;65.766;65.712;65.652;65.585;65.501;65.40899999999999;65.311;65.21;65.11
cmr;males_aged_15plus_labour_force_participation_rate_percent;84.195;84.32;84.37700000000001;84.431;84.285;84.038;83.846;83.56700000000001;83.229;82.87200000000001;82.51299999999999;82.275;82.04299999999999;81.82;81.615;81.447;81.438;81.405;81.373;81.366;81.359;81.435;81.486;81.49600000000001;81.452;81.347;81.267;81.24;81.199;81.148;81.089;81.024;80.95100000000001;80.876;80.805;80.742;80.686;80.638;80.598;80.567;80.545
cod;males_aged_15plus_labour_force_participation_rate_percent;71.46300000000001;71.844;72.232;72.637;72.789;72.759;72.946;73.117;73.142;73.178;73.266;73.423;73.475;73.473;73.438;73.39699999999999;73.509;73.55199999999999;73.561;73.609;73.58800000000001;73.68;73.72399999999999;73.703;73.618;73.499;73.498;73.498;73.49;73.477;73.459;73.437;73.415;73.39699999999999;73.38600000000001;73.387;73.398;73.421;73.458;73.515;73.593
cog;males_aged_15plus_labour_force_participation_rate_percent;71.257;70.967;70.642;70.40100000000001;70.31;70.04899999999999;69.868;69.863;69.811;69.949;69.874;70.01100000000001;70.11;70.307;70.483;70.61399999999999;70.741;71.098;71.301;71.428;71.461;71.828;72.047;72.157;72.095;72.04899999999999;72.05199999999999;71.96300000000001;71.858;71.737;71.602;71.468;71.329;71.194;71.07300000000001;70.973;70.898;70.842;70.81;70.806;70.833
col;males_aged_15plus_labour_force_participation_rate_percent;78.134;78.275;78.484;78.555;78.873;79.169;79.457;79.722;79.971;80.21300000000001;80.455;80.711;80.971;81.227;81.467;81.686;81.891;82.075;82.241;82.39399999999999;82.47200000000001;82.977;83.58;83.02799999999999;83.035;82.844;82.559;82.589;82.595;82.59200000000001;82.587;82.596;82.60700000000001;82.613;82.60700000000001;82.584;82.564;82.535;82.493;82.441;82.37799999999999
com;males_aged_15plus_labour_force_participation_rate_percent;54.058;54.418;54.2;54.107;54.242;53.958;53.81100000000001;53.42;53.07899999999999;52.684;51.963;51.593999999999994;51.207;50.835;50.51;50.211000000000006;50.013999999999996;49.93;49.903;49.858000000000004;49.835;49.863;49.891999999999996;49.911;49.976000000000006;50.06399999999999;50.12;50.201;50.276;50.34;50.394;50.415;50.428000000000004;50.434;50.431999999999995;50.422;50.385;50.346000000000004;50.31;50.283;50.271
cpv;males_aged_15plus_labour_force_participation_rate_percent;85.272;85.469;85.461;85.396;85.09899999999999;84.75399999999999;84.35;83.844;83.195;82.42200000000001;81.46;80.51;79.395;78.202;76.89399999999999;75.687;74.9;74.105;73.535;73.176;72.805;72.472;72.21300000000001;71.985;71.763;71.57300000000001;71.28699999999999;71.445;71.569;71.669;71.748;71.796;71.827;71.832;71.806;71.745;71.65;71.531;71.391;71.23899999999999;71.077
cri;males_aged_15plus_labour_force_participation_rate_percent;83.931;82.64200000000001;81.567;82.115;81.893;82.82600000000001;80.484;81.763;82.35700000000001;81.48899999999999;80.471;81.208;80.645;81.625;79.78;80.464;79.876;80.376;79.35;77.81;77.072;77.90100000000001;77.066;76.861;76.669;75.691;73.98100000000001;73.923;73.854;73.742;73.571;73.358;73.092;72.785;72.459;72.128;71.807;71.482;71.157;70.832;70.51
cub;males_aged_15plus_labour_force_participation_rate_percent;64.018;65.061;66.204;67.464;68.02199999999999;68.39399999999999;68.462;68.565;68.637;68.488;68.31;68.134;67.949;67.693;67.421;67.416;67.328;67.521;68.072;69.222;68.747;68.554;68.307;68.041;67.828;67.57;67.402;67.344;67.275;67.14;66.907;66.592;66.202;65.734;65.184;64.548;63.835;63.043;62.196999999999996;61.341;60.506
cyp;males_aged_15plus_labour_force_participation_rate_percent;73.35300000000001;73.561;72.734;73.45;72.811;72.97800000000001;73.08;72.232;71.988;72.023;71.933;71.993;71.32600000000001;72.123;72.861;72.666;72.266;71.883;71.29;70.753;70.586;69.683;69.605;69.219;68.73899999999999;67.433;67.711;67.54;67.331;67.10600000000001;66.858;66.655;66.393;66.109;65.817;65.517;65.315;65.064;64.77199999999999;64.461;64.148
cze;males_aged_15plus_labour_force_participation_rate_percent;70.786;71.22;71.18;71.193;71.298;71.30199999999999;71.169;70.23100000000001;70.047;69.869;69.283;68.907;68.969;68.32300000000001;68.25399999999999;68.858;68.613;68.406;68.173;68.205;67.95100000000001;67.475;67.693;68.148;68.347;68.241;68.633;68.307;67.956;67.587;67.206;66.759;66.298;65.844;65.426;65.062;64.708;64.413;64.158;63.913000000000004;63.657
deu;males_aged_15plus_labour_force_participation_rate_percent;72.548;72.396;71.237;70.316;70.097;69.418;68.916;68.78699999999999;68.49600000000001;68.293;67.73899999999999;67.191;66.66;66.37;65.888;66.71300000000001;66.667;66.803;66.71;66.572;66.461;66.729;66.597;66.634;66.524;66.21600000000001;66.274;66.168;66.053;65.921;65.766;65.51899999999999;65.251;64.959;64.637;64.283;63.861999999999995;63.42100000000001;62.971000000000004;62.533;62.118
dji;males_aged_15plus_labour_force_participation_rate_percent;80.486;80.637;80.29899999999999;79.809;79.255;78.987;78.611;78.44;78.368;78.1;77.568;77.107;76.359;75.437;74.538;73.792;73.15100000000001;72.586;72.066;71.572;71.09899999999999;70.58800000000001;70.12100000000001;69.687;69.24600000000001;68.797;68.467;68.529;68.586;68.643;68.697;68.732;68.768;68.791;68.783;68.73100000000001;68.62899999999999;68.488;68.321;68.146;67.976
dnk;males_aged_15plus_labour_force_participation_rate_percent;73.86399999999999;73.278;72.791;72.107;71.382;73.044;72.858;73.13;71.741;72.611;71.709;71.222;72.12899999999999;71.64;71.852;71.41;71.527;71.027;71.207;70.182;69.069;68.408;67.35300000000001;66.15899999999999;66.262;66.441;67.392;67.181;67.02199999999999;66.869;66.691;66.487;66.267;66.03399999999999;65.798;65.563;65.329;65.10300000000001;64.88;64.653;64.418
dom;males_aged_15plus_labour_force_participation_rate_percent;83.949;84.01799999999999;83.618;83.37;83.355;83.165;82.89;82.56;82.26899999999999;81.993;81.775;81.767;81.569;81.672;81.692;81.327;80.921;80.604;79.449;78.251;78.715;79.596;79.582;79.524;79.67399999999999;79.768;79.56;79.456;79.33;79.193;79.053;78.932;78.811;78.688;78.559;78.42399999999999;78.306;78.188;78.069;77.949;77.83
dza;males_aged_15plus_labour_force_participation_rate_percent;76.446;76.934;77.018;77.561;77.936;77.723;77.462;76.749;76.03699999999999;75.334;74.64699999999999;74.032;73.44;72.869;72.318;71.783;71.26;70.741;70.226;69.722;70.046;69.488;68.928;70.197;67.406;67.42;67.393;67.339;67.205;66.961;66.592;66.126;65.55199999999999;64.892;64.183;63.45;62.721000000000004;61.976000000000006;61.248999999999995;60.585;60.004
ecu;males_aged_15plus_labour_force_participation_rate_percent;81.339;81.506;81.59899999999999;81.686;81.851;81.934;81.95;81.934;83.89;83.52;83.133;82.735;82.31200000000001;82.736;83.005;83.194;84.602;83.93299999999999;83.195;82.391;80.494;79.842;79.851;79.49;80.03699999999999;81.185;81.457;81.32300000000001;81.179;81.01899999999999;80.836;80.649;80.444;80.223;79.994;79.759;79.535;79.308;79.07600000000001;78.84100000000001;78.602
egy;males_aged_15plus_labour_force_participation_rate_percent;72.485;72.604;72.35;72.205;73.257;72.205;71.908;71.56;71.173;73.164;72.615;71.389;71.567;72.067;72.543;72.961;73.252;73.468;74.118;74.757;75.794;75.734;75.875;75.837;74.835;73.63600000000001;73.569;73.718;73.803;73.852;73.887;73.919;73.95;73.952;73.882;73.723;73.49600000000001;73.205;72.899;72.65;72.499
eri;males_aged_15plus_labour_force_participation_rate_percent;89.994;90.436;90.781;90.87899999999999;90.824;90.868;90.316;89.73;89.165;88.59;88.051;87.225;86.49;85.887;85.34899999999999;84.935;85.17299999999999;85.46;85.936;86.28399999999999;86.64399999999999;86.90899999999999;87.16;87.405;87.552;87.61200000000001;87.44;87.39299999999999;87.32799999999999;87.25399999999999;87.18;87.1;87.023;86.95700000000001;86.914;86.898;86.9;86.928;86.977;87.035;87.096
esh;males_aged_15plus_labour_force_participation_rate_percent;78.003;77.984;77.98100000000001;78.001;78.043;78.133;77.994;77.931;77.95;78.065;78.234;78.271;78.391;78.585;78.812;79.047;79.077;79.123;79.211;79.351;79.5;79.521;79.569;79.63600000000001;79.706;79.762;79.704;79.62899999999999;79.55;79.477;79.411;79.245;79.093;78.95;78.804;78.64;78.37899999999999;78.113;77.85600000000001;77.62899999999999;77.434
esp;males_aged_15plus_labour_force_participation_rate_percent;67.548;67.205;66.126;65.612;65.021;64.108;64.229;64.383;64.711;65.057;65.71300000000001;65.439;66.058;66.84100000000001;67.17;67.991;68.199;68.225;68.337;67.596;67.306;66.672;66.154;65.5;64.967;64.703;64.229;63.778999999999996;63.293;62.766999999999996;62.199;61.585;60.943000000000005;60.29;59.648999999999994;59.034;58.443000000000005;57.891000000000005;57.36600000000001;56.843;56.306999999999995
est;males_aged_15plus_labour_force_participation_rate_percent;73.468;73.098;72.723;72.385;72.047;71.653;70.559;70.411;69.62100000000001;67.847;66.634;65.37;63.847;66.618;65.706;64.737;67.553;68.446;69.041;68.176;67.07;67.895;68.286;68.319;68.903;69.517;70.567;70.256;69.87100000000001;69.432;68.958;68.387;67.778;67.167;66.605;66.124;65.67699999999999;65.324;65.039;64.78399999999999;64.532
eth;males_aged_15plus_labour_force_participation_rate_percent;89.65700000000001;89.825;89.988;89.949;89.95;90.098;90.185;90.228;90.241;90.244;90.367;90.48;90.59100000000001;90.693;90.774;90.83;90.705;90.56;90.396;90.221;90.021;89.838;89.666;89.492;88.896;88.296;87.796;87.82;87.861;87.914;87.977;88.046;88.125;88.20700000000001;88.285;88.352;88.406;88.45200000000001;88.48899999999999;88.52;88.546
fin;males_aged_15plus_labour_force_participation_rate_percent;71.94;70.319;68.743;67.848;66.932;65.306;64.044;65.566;65.542;65.811;66.205;66.22399999999999;66.055;65.82600000000001;65.064;64.82300000000001;65.203;65.36399999999999;65.825;64.05;63.864;64.042;63.568999999999996;62.773999999999994;62.398999999999994;62.288000000000004;62.151;61.887;61.653;61.431999999999995;61.213;60.973;60.743;60.528;60.336999999999996;60.175;60.031000000000006;59.92;59.836999999999996;59.78;59.744
fji;males_aged_15plus_labour_force_participation_rate_percent;79.827;80.074;79.771;79.691;79.423;79.313;78.982;78.243;77.487;76.734;76.001;75.58;75.178;74.764;74.297;73.756;72.914;72.012;72.69800000000001;73.32300000000001;73.921;74.51899999999999;75.074;75.572;75.994;75.676;75.556;75.402;75.214;74.98899999999999;74.725;74.44800000000001;74.14;73.82;73.518;73.258;73.05199999999999;72.889;72.76100000000001;72.657;72.572
fra;males_aged_15plus_labour_force_participation_rate_percent;65.693;64.609;64.406;63.886;63.479;63.141999999999996;63.493;63.17100000000001;62.95;63.075;62.913000000000004;62.57;62.793;62.836999999999996;62.794;62.553000000000004;62.25899999999999;62.117;62.095;62.126999999999995;61.961000000000006;61.543;61.703;61.435;60.951;60.70399999999999;60.431999999999995;60.119;59.832;59.56;59.293;59.023999999999994;58.773;58.537;58.313;58.102;57.907;57.731;57.571000000000005;57.419;57.271
gab;males_aged_15plus_labour_force_participation_rate_percent;58.911;58.792;58.95399999999999;58.849;58.721000000000004;58.516999999999996;58.358999999999995;58.115;57.925;58.143;58.098;57.848;57.687;57.482;57.393;57.28;57.343999999999994;57.244;57.571999999999996;57.891999999999996;58.068000000000005;58.07;58.174;58.318000000000005;58.547;58.803999999999995;59.235;59.396;59.51;59.565;59.553999999999995;59.467;59.325;59.126999999999995;58.876000000000005;58.575;58.221000000000004;57.82899999999999;57.42100000000001;57.021;56.648
gbr;males_aged_15plus_labour_force_participation_rate_percent;74.083;73.40100000000001;72.465;71.285;70.903;70.582;70.249;70.141;69.84;69.921;69.938;69.17399999999999;69.074;69.33800000000001;68.97800000000001;69.22800000000001;69.453;69.312;69.502;68.911;68.558;68.292;68.486;68.396;68.255;68.187;68.175;68.109;68.053;67.976;67.85600000000001;67.676;67.46300000000001;67.229;66.99;66.759;66.52199999999999;66.298;66.09;65.9;65.72800000000001
geo;males_aged_15plus_labour_force_participation_rate_percent;75.732;75.782;75.817;75.835;75.822;75.796;75.658;75.436;75.262;75.059;73.84100000000001;75.471;73.559;74.518;72.87899999999999;72.949;73.297;73.729;74.21300000000001;74.7;75.06;77.0;78.476;77.833;78.259;78.703;78.663;78.811;78.92;78.96300000000001;78.922;78.756;78.509;78.202;77.872;77.54899999999999;77.19800000000001;76.858;76.55199999999999;76.312;76.158
gha;males_aged_15plus_labour_force_participation_rate_percent;78.575;78.404;78.217;77.992;77.77;77.521;77.37100000000001;77.218;77.03699999999999;76.831;76.607;76.839;77.063;77.277;77.485;77.689;77.898;78.1;78.292;78.475;78.65100000000001;78.875;79.1;79.328;79.172;79.031;78.961;79.173;79.385;79.585;79.765;79.92699999999999;80.078;80.21600000000001;80.342;80.456;80.556;80.64699999999999;80.735;80.832;80.941
gin;males_aged_15plus_labour_force_participation_rate_percent;68.19800000000001;68.501;68.708;68.795;68.785;68.55199999999999;68.62899999999999;68.58;68.459;68.249;68.025;67.964;67.801;67.703;67.546;67.35600000000001;67.263;67.14699999999999;66.915;66.819;66.648;66.48100000000001;66.27199999999999;66.08;65.92699999999999;65.778;65.487;65.428;65.375;65.329;65.292;65.25;65.21600000000001;65.192;65.17699999999999;65.171;65.161;65.16199999999999;65.171;65.187;65.208
gmb;males_aged_15plus_labour_force_participation_rate_percent;69.291;69.889;70.181;70.204;70.042;69.857;69.608;69.361;69.137;68.957;68.829;68.815;68.818;68.829;68.836;68.836;68.839;68.829;68.807;68.774;68.734;68.689;68.63600000000001;68.423;68.242;67.90899999999999;67.73100000000001;67.738;67.749;67.771;67.805;67.845;67.89399999999999;67.95;68.013;68.084;68.155;68.23100000000001;68.313;68.403;68.505
gnb;males_aged_15plus_labour_force_participation_rate_percent;82.573;82.494;82.441;82.32;82.07799999999999;81.695;81.52199999999999;81.258;81.407;81.094;80.735;80.461;80.215;79.93;79.593;79.225;78.971;78.703;78.452;78.236;78.051;77.986;78.055;78.079;78.072;78.018;78.04;78.05199999999999;78.055;78.043;78.012;77.959;77.89;77.808;77.719;77.627;77.528;77.42699999999999;77.331;77.249;77.186
gnq;males_aged_15plus_labour_force_participation_rate_percent;73.687;73.696;73.148;73.008;72.657;72.135;70.163;67.068;66.01100000000001;65.203;64.831;62.998000000000005;62.35;62.145;61.488;61.527;61.055;60.497;60.123000000000005;60.547;61.473;61.056999999999995;60.643;60.938;61.308;62.093;62.203;61.8;61.68899999999999;61.833;62.122;61.637;61.193000000000005;60.88;60.74;60.757;60.553000000000004;60.388999999999996;60.306000000000004;60.303999999999995;60.357
grc;males_aged_15plus_labour_force_participation_rate_percent;67.113;66.32;66.39699999999999;65.993;66.57300000000001;66.752;66.755;66.238;66.45100000000001;66.199;66.19;65.137;65.048;65.124;65.367;64.906;65.061;64.933;64.90899999999999;64.765;64.47;63.475;62.735;62.349;61.483000000000004;61.053000000000004;60.965;60.583999999999996;60.18600000000001;59.75;59.266000000000005;58.691;58.082;57.458;56.841;56.244;55.626999999999995;55.038000000000004;54.467;53.901;53.331
gtm;males_aged_15plus_labour_force_participation_rate_percent;86.90899999999999;86.809;86.641;86.507;86.35799999999999;86.15799999999999;86.11200000000001;85.985;85.819;85.719;85.648;85.71;85.70700000000001;85.781;85.803;87.29799999999999;88.425;87.75200000000001;87.04700000000001;86.323;85.566;84.794;88.223;83.603;84.494;85.565;84.962;84.98899999999999;85.01899999999999;85.069;85.145;85.255;85.39;85.53399999999999;85.666;85.775;85.87;85.943;85.995;86.03200000000001;86.056
gum;males_aged_15plus_labour_force_participation_rate_percent;82.48100000000001;82.684;82.787;82.874;82.665;82.508;82.34299999999999;82.131;81.814;81.683;81.406;81.13600000000001;80.794;80.531;80.22;79.892;79.559;79.17399999999999;78.913;78.84899999999999;78.594;78.267;77.97399999999999;77.71;77.441;77.157;76.956;76.771;76.595;76.42;76.24;76.053;75.867;75.67;75.459;75.22399999999999;74.972;74.702;74.42;74.14;73.873
guy;males_aged_15plus_labour_force_participation_rate_percent;82.66799999999999;82.501;82.258;81.985;81.557;81.086;80.719;80.39699999999999;80.118;79.873;79.622;79.149;78.596;78.528;78.206;78.00399999999999;77.679;77.207;76.84;76.39699999999999;75.957;75.514;75.207;74.969;74.82300000000001;74.715;74.62899999999999;74.584;74.547;74.507;74.46300000000001;74.417;74.373;74.312;74.217;74.077;73.904;73.693;73.453;73.203;72.957
hkg;males_aged_15plus_labour_force_participation_rate_percent;79.289;78.97399999999999;78.372;77.92;77.12;76.661;75.9;75.28699999999999;74.75399999999999;74.148;73.564;72.861;72.32;71.942;71.648;71.057;70.634;70.278;69.35;68.988;68.083;68.003;68.413;68.84100000000001;68.501;68.436;68.343;68.057;67.755;67.376;66.888;66.32600000000001;65.658;64.913;64.14699999999999;63.403999999999996;62.721000000000004;62.092;61.516999999999996;60.986000000000004;60.493
hnd;males_aged_15plus_labour_force_participation_rate_percent;89.16799999999999;89.148;88.98200000000001;88.772;89.01;88.92200000000001;88.868;88.73;88.71600000000001;88.99600000000001;87.912;86.69200000000001;85.92;85.119;84.287;83.421;83.473;84.355;85.198;86.006;84.818;83.851;82.81200000000001;83.917;84.946;85.9;85.885;85.764;85.64299999999999;85.52799999999999;85.419;85.31700000000001;85.219;85.12299999999999;85.027;84.928;84.829;84.728;84.618;84.492;84.344
hrv;males_aged_15plus_labour_force_participation_rate_percent;69.375;69.207;68.426;67.63600000000001;66.84;66.044;65.313;64.631;63.994;63.401;62.853;62.244;60.708999999999996;60.841;61.823;61.117;59.95399999999999;61.637;61.413999999999994;60.353;59.825;59.878;58.964;57.763999999999996;58.931000000000004;59.379;58.007;57.692;57.39;57.074;56.727;56.318999999999996;55.893;55.46;55.045;54.661;54.269;53.915;53.597;53.308;53.044
hti;males_aged_15plus_labour_force_participation_rate_percent;78.058;77.406;76.7;75.93;75.087;74.17399999999999;73.29899999999999;72.36399999999999;71.403;70.473;69.608;69.589;69.645;69.757;69.906;70.078;70.242;70.382;70.66;70.827;71.405;71.469;71.646;71.753;71.919;72.154;72.406;72.634;72.85;73.048;73.223;73.405;73.571;73.72;73.86;73.995;74.148;74.30199999999999;74.44800000000001;74.583;74.705
hun;males_aged_15plus_labour_force_participation_rate_percent;62.946000000000005;63.042;62.943999999999996;60.783;59.143;59.378;57.622;56.903;56.803000000000004;57.673;57.931999999999995;57.703;57.456;58.145;57.755;58.378;58.943999999999996;58.876000000000005;58.35;58.169;58.156000000000006;58.54600000000001;59.271;60.169;61.981;63.38;64.568;64.215;63.87;63.56100000000001;63.299;62.981;62.698;62.451;62.243;62.076;61.861999999999995;61.691;61.542;61.38;61.185
idn;males_aged_15plus_labour_force_participation_rate_percent;82.25299999999999;82.103;81.943;82.15799999999999;82.363;82.55799999999999;82.736;82.905;83.80799999999999;84.52799999999999;84.682;84.884;85.057;85.17399999999999;85.23100000000001;85.238;84.863;84.446;83.959;84.305;83.932;83.992;84.045;84.085;83.728;82.719;81.954;81.80199999999999;81.642;81.491;81.358;81.227;81.12;81.021;80.90899999999999;80.77199999999999;80.59899999999999;80.40899999999999;80.212;80.025;79.859
ind;males_aged_15plus_labour_force_participation_rate_percent;84.5;84.40799999999999;84.335;84.27600000000001;84.226;83.977;83.69;83.398;83.10700000000001;82.82799999999999;82.566;82.647;82.743;82.852;82.969;83.09100000000001;82.57;82.057;81.548;81.041;80.533;80.04;79.544;79.408;79.258;79.09100000000001;78.884;78.837;78.792;78.751;78.717;78.676;78.643;78.622;78.618;78.634;78.656;78.702;78.758;78.804;78.82600000000001
irl;males_aged_15plus_labour_force_participation_rate_percent;70.62;70.646;68.48100000000001;68.09100000000001;68.46;68.25;68.467;68.542;69.809;70.763;71.418;71.321;70.895;70.91199999999999;71.505;72.807;73.459;73.544;72.843;70.714;69.19800000000001;68.361;68.048;68.21300000000001;68.087;68.113;67.785;67.25399999999999;66.715;66.173;65.632;65.10300000000001;64.59;64.1;63.635;63.198;62.783;62.4;62.051;61.739;61.461999999999996
irn;males_aged_15plus_labour_force_participation_rate_percent;81.783;80.325;79.369;78.345;77.233;76.021;74.684;74.312;73.994;73.77199999999999;73.666;73.658;73.706;73.816;74.001;74.273;73.241;72.296;70.33800000000001;70.686;69.953;69.859;69.763;69.637;69.44800000000001;70.334;71.5;71.367;71.131;70.798;70.375;69.872;69.285;68.626;67.918;67.176;66.425;65.648;64.861;64.078;63.31100000000001
irq;males_aged_15plus_labour_force_participation_rate_percent;77.079;76.962;76.525;76.69;76.807;76.771;76.831;76.689;75.657;74.58800000000001;73.482;72.335;71.153;69.94;68.709;70.867;72.78699999999999;74.492;76.002;76.053;75.755;75.366;74.29899999999999;74.059;74.569;74.71;73.98;74.125;74.267;74.39699999999999;74.508;74.594;74.667;74.723;74.76100000000001;74.78;74.767;74.741;74.708;74.676;74.652
isl;males_aged_15plus_labour_force_participation_rate_percent;80.831;81.094;81.712;79.90899999999999;79.607;82.20100000000001;81.52600000000001;80.77;81.956;82.301;83.044;83.624;82.09700000000001;81.812;81.352;80.686;81.748;81.893;81.207;78.985;79.135;78.385;77.847;78.699;80.391;80.946;82.311;81.785;81.243;80.68;80.093;79.493;78.882;78.268;77.66;77.061;76.491;75.933;75.388;74.85300000000001;74.328
isr;males_aged_15plus_labour_force_participation_rate_percent;72.063;72.00399999999999;71.641;73.325;73.358;72.998;71.764;70.945;70.19800000000001;69.67399999999999;69.683;69.39;68.291;67.96600000000001;68.505;68.774;69.258;69.889;69.938;68.992;69.36;69.25;69.42699999999999;69.6;69.51899999999999;69.506;69.28699999999999;69.145;69.016;68.898;68.788;68.682;68.593;68.51100000000001;68.42399999999999;68.32600000000001;68.222;68.11;68.00399999999999;67.92699999999999;67.889
ita;males_aged_15plus_labour_force_participation_rate_percent;66.862;66.655;64.632;64.153;63.068999999999996;62.205;62.001000000000005;61.76;61.733999999999995;61.476000000000006;61.23;60.952;61.246;61.553000000000004;61.761;60.97;60.713;60.353;60.283;59.45;58.949;58.543;59.011;58.306999999999995;58.291000000000004;58.416000000000004;58.718;58.34;57.96;57.566;57.146;56.696999999999996;56.233999999999995;55.75899999999999;55.276;54.788000000000004;54.299;53.817;53.339;52.86;52.376999999999995
jam;males_aged_15plus_labour_force_participation_rate_percent;78.087;77.999;78.06;77.762;77.783;77.759;77.913;78.051;78.18;78.057;77.895;77.667;77.363;76.929;76.887;76.77199999999999;76.68;76.668;76.755;76.993;77.087;77.064;77.137;77.152;77.168;77.194;77.286;77.426;77.564;77.667;77.717;77.767;77.768;77.722;77.64;77.527;77.438;77.33;77.186;76.983;76.714
jor;males_aged_15plus_labour_force_participation_rate_percent;67.122;68.163;67.584;68.435;69.115;69.483;69.661;69.555;69.384;69.168;68.92699999999999;69.2;67.931;67.702;67.671;67.59899999999999;66.975;67.35600000000001;67.363;68.41;67.314;66.206;64.97399999999999;63.928999999999995;63.835;63.763999999999996;63.842;63.676;63.49;63.273999999999994;63.02;62.747;62.446000000000005;62.11600000000001;61.757;61.373000000000005;60.961999999999996;60.531000000000006;60.097;59.677;59.283
jpn;males_aged_15plus_labour_force_participation_rate_percent;77.365;77.808;78.243;78.305;78.05;77.866;77.976;77.988;77.569;77.142;76.62899999999999;75.972;75.186;74.558;73.801;73.548;73.331;73.541;73.27;72.619;72.112;71.441;70.952;70.861;70.793;70.76;70.931;70.546;70.199;69.877;69.568;69.282;69.02;68.77199999999999;68.524;68.267;68.005;67.737;67.459;67.17;66.866
kaz;males_aged_15plus_labour_force_participation_rate_percent;77.529;77.796;77.817;77.99600000000001;78.288;78.377;78.142;77.872;77.73899999999999;77.51100000000001;77.105;76.494;76.002;75.607;75.15100000000001;75.247;75.252;75.347;75.516;75.444;75.846;75.91199999999999;76.08;76.306;76.803;77.043;77.227;77.27600000000001;77.199;76.977;76.604;75.992;75.24600000000001;74.416;73.57600000000001;72.775;71.936;71.14;70.444;69.923;69.616
ken;males_aged_15plus_labour_force_participation_rate_percent;77.42399999999999;77.079;76.667;76.173;75.635;75.098;74.624;74.315;74.012;73.703;73.135;72.517;71.854;71.158;70.445;69.71600000000001;69.785;69.988;70.34899999999999;70.547;70.475;70.368;70.111;69.718;69.306;68.90899999999999;68.468;68.469;68.465;68.454;68.44;68.423;68.404;68.395;68.41199999999999;68.46300000000001;68.548;68.663;68.795;68.926;69.048
kgz;males_aged_15plus_labour_force_participation_rate_percent;74.831;74.753;74.623;74.381;73.84100000000001;73.578;73.67399999999999;73.825;73.781;73.794;73.877;73.954;73.929;74.092;74.24600000000001;76.086;77.437;76.979;76.42;75.67699999999999;76.622;77.062;76.918;76.488;75.035;75.564;75.497;75.741;75.91199999999999;75.968;75.887;75.656;75.315;74.884;74.393;73.87100000000001;73.322;72.755;72.221;71.788;71.493
khm;males_aged_15plus_labour_force_participation_rate_percent;83.544;83.75399999999999;84.154;84.635;84.757;84.574;84.169;83.684;82.975;82.34;80.831;85.15100000000001;85.639;85.993;86.025;86.67299999999999;87.34200000000001;87.964;88.537;88.93;89.306;89.12799999999999;88.95;88.774;88.63;88.50399999999999;88.396;88.66799999999999;88.935;89.169;89.353;89.499;89.605;89.68299999999999;89.75;89.81700000000001;89.887;89.958;90.02799999999999;90.09;90.141
kor;males_aged_15plus_labour_force_participation_rate_percent;73.29899999999999;73.955;74.405;74.34;75.07600000000001;75.28399999999999;75.369;75.377;74.459;73.805;73.696;73.484;74.15100000000001;73.97;74.317;73.96600000000001;73.54899999999999;73.47800000000001;72.753;72.219;72.158;72.22399999999999;72.393;72.395;73.241;73.108;73.152;73.149;73.157;73.138;73.071;72.962;72.806;72.609;72.384;72.139;71.87899999999999;71.596;71.29;70.961;70.61
kwt;males_aged_15plus_labour_force_participation_rate_percent;81.123;81.156;81.317;81.984;82.90700000000001;83.84700000000001;83.052;82.32600000000001;81.83;81.64699999999999;81.733;81.306;81.336;81.727;81.913;82.316;81.958;81.958;82.404;83.615;84.619;84.801;84.958;85.265;85.49;85.522;84.667;84.065;83.685;83.45700000000001;83.302;82.601;81.988;81.502;81.161;80.937;80.404;79.952;79.598;79.343;79.16199999999999
lao;males_aged_15plus_labour_force_participation_rate_percent;82.523;82.51100000000001;82.456;82.385;82.21700000000001;82.07700000000001;81.92299999999999;81.756;81.567;81.34899999999999;81.102;80.892;80.646;80.37100000000001;80.082;79.793;79.632;79.491;79.38;79.318;79.313;79.335;79.395;79.445;79.521;79.569;79.561;79.706;79.831;79.923;79.97399999999999;79.995;79.98100000000001;79.94;79.89;79.84100000000001;79.804;79.771;79.73899999999999;79.702;79.657
lbn;males_aged_15plus_labour_force_participation_rate_percent;70.54899999999999;70.293;70.053;69.615;69.10300000000001;68.77;68.449;68.99;68.819;69.22399999999999;69.545;69.98100000000001;70.46600000000001;70.893;70.827;70.683;70.54;70.354;69.335;68.334;67.83;68.22800000000001;68.807;69.605;70.189;70.635;71.018;71.054;71.089;71.113;71.116;71.116;71.097;71.032;70.88600000000001;70.635;70.258;69.777;69.215;68.61399999999999;68.0
lbr;males_aged_15plus_labour_force_participation_rate_percent;60.25899999999999;60.492;61.552;62.371;62.784;62.931000000000004;62.46;60.008;59.18899999999999;58.556000000000004;57.483000000000004;57.68600000000001;57.738;59.178000000000004;59.18899999999999;59.238;59.286;59.291000000000004;59.369;59.422;59.278999999999996;59.028;58.692;58.228;57.979;57.702;57.477;57.405;57.333;57.272;57.227;57.192;57.172;57.17100000000001;57.188;57.225;57.271;57.336000000000006;57.413000000000004;57.496;57.57899999999999
lby;males_aged_15plus_labour_force_participation_rate_percent;73.021;72.942;72.967;73.039;73.14;73.343;73.355;73.473;73.665;73.895;74.134;74.316;74.531;74.76;75.089;75.475;75.805;76.16199999999999;76.55;76.957;77.345;77.977;78.092;78.44;78.749;78.842;78.98100000000001;79.041;79.053;79.02;78.945;78.82;78.664;78.473;78.24600000000001;77.982;77.681;77.355;77.017;76.686;76.372
lca;males_aged_15plus_labour_force_participation_rate_percent;78.208;78.329;78.06;77.808;77.527;77.195;76.83;76.437;76.028;75.639;75.28699999999999;75.018;75.244;75.315;75.27;75.572;75.568;75.741;75.604;75.487;75.345;75.398;75.551;75.675;75.781;75.814;75.895;75.93;75.941;75.914;75.852;75.785;75.687;75.541;75.336;75.067;74.788;74.456;74.07300000000001;73.668;73.258
lka;males_aged_15plus_labour_force_participation_rate_percent;79.325;78.156;76.671;77.132;76.837;74.971;75.903;76.63;77.619;78.26;76.96300000000001;76.87100000000001;76.82300000000001;76.793;76.75;76.67699999999999;76.70100000000001;76.67699999999999;76.592;76.449;76.318;75.913;75.949;76.291;75.403;74.862;74.374;74.12899999999999;73.855;73.551;73.22399999999999;72.958;72.681;72.4;72.135;71.899;71.767;71.668;71.58800000000001;71.506;71.41199999999999
lso;males_aged_15plus_labour_force_participation_rate_percent;83.63600000000001;83.10600000000001;82.611;82.197;81.742;81.29899999999999;81.063;80.822;80.59100000000001;80.336;79.848;79.368;78.882;78.395;77.907;77.419;77.01100000000001;76.61399999999999;76.227;75.84;75.447;75.09;74.74;74.414;74.143;74.033;74.14;74.383;74.64399999999999;74.904;75.15;75.38600000000001;75.60600000000001;75.798;75.952;76.06;76.131;76.154;76.142;76.122;76.112
ltu;males_aged_15plus_labour_force_participation_rate_percent;71.83800000000001;71.706;71.57300000000001;71.491;71.319;71.133;70.762;70.282;69.795;68.304;66.453;65.374;65.186;66.438;63.981;62.869;61.371;62.092;62.406000000000006;62.246;62.335;63.623000000000005;63.667;64.396;65.222;64.993;66.193;66.18;66.14699999999999;66.062;65.90100000000001;65.567;65.163;64.703;64.211;63.707;63.083999999999996;62.449;61.828;61.256;60.758
lux;males_aged_15plus_labour_force_participation_rate_percent;68.33800000000001;68.798;68.157;68.202;67.28399999999999;66.161;66.07;65.362;65.402;65.05199999999999;65.968;65.08;65.915;64.391;64.322;64.665;64.221;63.442;63.358999999999995;66.068;65.368;64.46;65.17399999999999;65.541;66.096;65.17399999999999;63.68600000000001;63.486999999999995;63.31100000000001;63.153999999999996;63.00899999999999;62.763000000000005;62.535;62.328;62.137;61.958;61.688;61.426;61.183;60.966;60.778999999999996
lva;males_aged_15plus_labour_force_participation_rate_percent;71.209;70.941;70.704;70.71600000000001;70.42399999999999;70.173;69.806;68.6;67.916;67.175;64.9;64.345;66.085;64.828;65.615;65.624;67.571;69.132;69.65899999999999;67.116;65.282;65.557;66.69800000000001;66.242;66.641;67.571;67.407;67.252;66.993;66.658;66.264;65.73100000000001;65.145;64.542;63.974;63.478;62.96;62.544;62.214;61.945;61.718
mac;males_aged_15plus_labour_force_participation_rate_percent;71.388;71.613;71.62899999999999;71.50399999999999;70.655;72.808;81.199;79.911;78.803;77.453;76.061;76.043;72.732;71.585;72.07300000000001;72.492;74.17399999999999;75.59899999999999;76.579;76.196;76.903;76.914;76.954;76.437;77.556;77.153;75.97800000000001;76.046;76.07;76.012;75.85;75.536;75.123;74.637;74.112;73.571;72.976;72.365;71.773;71.23899999999999;70.788
mar;males_aged_15plus_labour_force_participation_rate_percent;79.068;78.612;79.199;79.57600000000001;78.638;79.491;78.34100000000001;78.71600000000001;78.054;78.092;78.046;77.497;77.415;76.984;76.751;76.34899999999999;75.91;75.86399999999999;75.547;75.575;75.604;75.51100000000001;74.908;74.774;74.70100000000001;74.331;74.297;74.143;73.944;73.709;73.446;73.196;72.92699999999999;72.632;72.308;71.955;71.624;71.273;70.915;70.57300000000001;70.26100000000001
mda;males_aged_15plus_labour_force_participation_rate_percent;53.03;52.957;52.958999999999996;52.849;53.074;52.955;52.738;52.489;52.317;52.155;52.00899999999999;51.882;51.803999999999995;51.797;51.891000000000005;50.867;49.809;48.763999999999996;47.71;46.621;45.441;45.79;43.776;44.758;44.67100000000001;47.262;45.931999999999995;45.793;45.606;45.386;45.138999999999996;44.788000000000004;44.412;44.018;43.62;43.227;42.778;42.338;41.917;41.534;41.196999999999996
mdg;males_aged_15plus_labour_force_participation_rate_percent;89.06200000000001;89.09700000000001;89.056;88.99799999999999;88.962;88.93700000000001;88.999;89.054;89.10700000000001;89.14399999999999;89.15899999999999;89.205;89.323;89.272;89.22;89.149;89.594;90.01;90.39200000000001;90.734;91.025;90.64399999999999;90.179;90.051;89.865;89.62;89.33200000000001;89.412;89.499;89.59;89.68299999999999;89.76799999999999;89.855;89.94200000000001;90.027;90.109;90.18299999999999;90.25399999999999;90.322;90.381;90.432
mdv;males_aged_15plus_labour_force_participation_rate_percent;77.017;76.381;75.755;75.096;74.329;73.428;73.01100000000001;72.507;71.964;71.453;71.02199999999999;71.503;72.258;73.247;74.402;75.646;76.514;76.8;77.27;77.895;78.622;79.255;79.995;80.809;81.639;81.811;81.685;82.126;82.50299999999999;82.82600000000001;83.09299999999999;83.113;83.061;82.961;82.83;82.675;82.38799999999999;82.071;81.75399999999999;81.464;81.217
mex;males_aged_15plus_labour_force_participation_rate_percent;84.37700000000001;84.289;84.714;85.204;84.48200000000001;82.954;83.13600000000001;83.891;83.848;83.20299999999999;82.569;82.064;81.633;81.047;81.456;81.455;81.759;81.554;81.11;80.362;80.125;79.844;80.124;79.682;79.459;79.314;79.09;78.984;78.876;78.766;78.654;78.547;78.44;78.32300000000001;78.187;78.024;77.84899999999999;77.652;77.434;77.2;76.953
mkd;males_aged_15plus_labour_force_participation_rate_percent;67.49600000000001;67.543;67.535;67.493;67.268;67.014;66.84899999999999;66.438;66.047;65.684;65.432;65.176;64.943;64.76;62.614;63.782;66.266;66.185;67.655;68.506;68.634;67.643;67.387;67.263;67.982;67.62899999999999;67.726;67.596;67.434;67.266;67.10600000000001;66.907;66.719;66.532;66.327;66.095;65.805;65.5;65.183;64.863;64.546
mli;males_aged_15plus_labour_force_participation_rate_percent;66.914;66.765;66.835;66.76899999999999;66.665;66.578;66.65899999999999;66.702;66.657;66.646;66.758;66.8;67.03699999999999;67.171;67.417;69.865;72.208;74.449;76.58;78.598;80.501;81.217;81.792;82.23700000000001;82.565;82.46600000000001;82.295;82.54;82.77600000000001;83.008;83.241;83.48100000000001;83.72200000000001;83.97;84.23100000000001;84.507;84.801;85.10799999999999;85.42299999999999;85.741;86.06
mlt;males_aged_15plus_labour_force_participation_rate_percent;73.919;73.59899999999999;72.95;72.61;71.995;71.837;71.617;71.308;71.195;70.918;70.556;72.039;69.8;69.744;68.794;67.548;67.542;67.025;66.14699999999999;65.89;66.421;66.741;66.043;66.46;66.763;66.828;66.884;66.619;66.37;66.111;65.828;65.52600000000001;65.202;64.872;64.562;64.288;64.058;63.86;63.68600000000001;63.523999999999994;63.37
mmr;males_aged_15plus_labour_force_participation_rate_percent;86.245;86.31299999999999;86.14;86.056;85.94200000000001;85.84899999999999;85.75399999999999;85.685;85.62100000000001;85.43700000000001;85.19200000000001;84.995;84.788;84.525;84.25;83.945;83.637;83.329;83.035;82.679;82.306;82.052;81.718;81.32600000000001;80.926;80.53;80.15100000000001;79.854;79.56;79.291;79.057;78.839;78.657;78.499;78.348;78.193;78.024;77.857;77.686;77.502;77.3
mne;males_aged_15plus_labour_force_participation_rate_percent;61.983999999999995;62.17;62.199;62.11;61.95399999999999;61.678000000000004;61.378;61.088;60.656000000000006;60.498000000000005;60.117;59.832;59.613;59.445;59.262;59.085;58.678999999999995;58.177;57.666000000000004;57.26;56.636;55.9;56.457;56.196999999999996;55.937;55.648999999999994;55.361999999999995;55.035;54.717;54.402;54.083;53.74;53.398999999999994;53.071999999999996;52.77;52.504;52.254;52.042;51.858000000000004;51.691;51.533
mng;males_aged_15plus_labour_force_participation_rate_percent;63.023999999999994;63.989;65.001;65.608;65.878;65.872;66.03;66.081;66.153;66.21300000000001;66.35300000000001;66.257;66.012;65.638;65.123;64.933;64.702;64.458;64.368;64.738;65.069;66.385;65.207;66.20100000000001;66.793;67.186;66.165;66.22;66.186;66.035;65.753;65.321;64.778;64.139;63.423;62.655;61.817;60.941;60.088;59.338;58.738
moz;males_aged_15plus_labour_force_participation_rate_percent;82.40100000000001;81.704;81.305;80.942;80.707;80.541;80.404;80.324;81.358;82.10600000000001;82.62700000000001;82.98299999999999;83.20700000000001;83.32700000000001;83.148;82.853;82.44;81.858;81.082;80.085;78.837;77.311;75.482;75.296;75.053;74.768;74.54899999999999;74.593;74.639;74.689;74.745;74.807;74.87100000000001;74.938;75.006;75.075;75.14699999999999;75.218;75.289;75.36;75.429
mrt;males_aged_15plus_labour_force_participation_rate_percent;75.241;75.26;75.222;75.036;75.051;74.71600000000001;74.42;74.368;74.126;73.74600000000001;73.562;73.161;72.747;72.303;71.85600000000001;71.39699999999999;70.936;70.517;70.098;69.683;69.248;68.808;68.365;68.133;67.941;67.842;67.797;67.737;67.676;67.613;67.547;67.457;67.365;67.27;67.171;67.068;66.944;66.817;66.691;66.571;66.46
mus;males_aged_15plus_labour_force_participation_rate_percent;81.917;81.616;81.459;81.404;81.333;81.15899999999999;80.85;80.538;80.26899999999999;80.051;79.862;79.821;79.123;78.369;77.51899999999999;76.814;76.112;75.607;74.664;74.253;74.068;73.453;73.544;73.601;73.635;73.604;73.21300000000001;72.727;72.232;71.768;71.35600000000001;70.976;70.646;70.352;70.074;69.80199999999999;69.527;69.266;69.015;68.774;68.53699999999999
mwi;males_aged_15plus_labour_force_participation_rate_percent;78.271;78.372;78.47800000000001;78.359;78.471;78.46300000000001;78.498;78.598;78.696;78.973;79.207;79.395;79.551;79.706;79.893;80.124;80.433;80.762;81.102;81.442;81.774;82.125;82.454;82.76100000000001;82.318;81.977;81.568;81.85600000000001;82.13600000000001;82.397;82.633;82.85;83.044;83.23299999999999;83.439;83.669;83.92;84.186;84.455;84.706;84.931
mys;males_aged_15plus_labour_force_participation_rate_percent;78.91;78.788;78.7;78.578;78.462;78.301;78.125;78.036;78.484;78.422;78.26100000000001;78.169;77.944;77.744;77.554;77.467;77.189;76.83;76.283;76.193;76.139;76.705;77.294;77.58800000000001;77.238;77.368;77.138;77.346;77.53399999999999;77.697;77.831;77.92;77.97800000000001;78.00399999999999;77.99600000000001;77.952;77.86;77.736;77.586;77.421;77.248
nam;males_aged_15plus_labour_force_participation_rate_percent;65.21;64.89699999999999;64.577;64.46300000000001;64.316;63.601000000000006;62.925;62.388999999999996;63.111999999999995;63.818000000000005;64.49;64.59100000000001;64.62;64.583;64.492;64.361;64.274;64.149;64.009;63.888000000000005;63.81;63.943000000000005;64.138;64.385;64.67;64.586;64.811;65.19;65.572;65.937;66.273;66.569;66.839;67.07;67.244;67.354;67.398;67.384;67.342;67.315;67.324
ncl;males_aged_15plus_labour_force_participation_rate_percent;69.37899999999999;69.831;70.437;71.15;71.55;71.889;72.051;72.07600000000001;71.923;71.908;71.734;71.57;71.342;71.172;70.913;70.589;70.08;69.46300000000001;68.957;68.65899999999999;68.234;68.11;68.083;68.124;68.14699999999999;68.119;68.06;67.991;67.907;67.801;67.682;67.47399999999999;67.255;67.02199999999999;66.77;66.49600000000001;66.15100000000001;65.792;65.432;65.08800000000001;64.765
ner;males_aged_15plus_labour_force_participation_rate_percent;90.38799999999999;90.455;90.488;90.35700000000001;90.162;89.959;89.95299999999999;89.993;90.01799999999999;90.178;90.35600000000001;90.46799999999999;90.584;90.671;90.8;90.875;90.947;91.024;91.035;91.116;91.09100000000001;91.103;91.01;90.955;90.874;90.807;90.697;90.65799999999999;90.62700000000001;90.60700000000001;90.59899999999999;90.59899999999999;90.613;90.64;90.68;90.73200000000001;90.79299999999999;90.865;90.949;91.05;91.166
nga;males_aged_15plus_labour_force_participation_rate_percent;65.368;65.31;65.12;64.801;64.462;64.126;63.868;63.621;63.352;63.161;62.857;62.868;62.887;62.708;61.898;61.711999999999996;61.518;61.318000000000005;61.111000000000004;60.894;60.667;60.424;60.173;59.908;59.825;59.786;59.918;59.803999999999995;59.677;59.543;59.405;59.258;59.111000000000004;58.968;58.828;58.695;58.558;58.431999999999995;58.321000000000005;58.23;58.163999999999994
nic;males_aged_15plus_labour_force_participation_rate_percent;84.98899999999999;85.351;85.485;85.565;85.561;85.43;86.182;86.34200000000001;86.486;86.301;86.492;85.66;84.806;83.931;83.036;82.12200000000001;81.229;81.7;82.149;82.565;82.945;83.31;83.645;83.945;84.206;84.09299999999999;83.993;83.961;83.90899999999999;83.837;83.743;83.64399999999999;83.527;83.397;83.26299999999999;83.132;83.016;82.905;82.792;82.67200000000001;82.538
nld;males_aged_15plus_labour_force_participation_rate_percent;70.492;70.505;69.809;69.759;69.97;69.947;69.987;71.122;71.775;71.773;72.785;73.055;73.598;72.837;72.717;72.331;72.454;72.913;73.28;73.176;71.32;70.334;70.725;70.623;70.375;70.083;69.543;69.193;68.867;68.546;68.218;67.89699999999999;67.58;67.26100000000001;66.937;66.604;66.278;65.95100000000001;65.625;65.303;64.986
nor;males_aged_15plus_labour_force_participation_rate_percent;70.264;68.958;68.982;68.452;68.89;69.33800000000001;70.639;72.22800000000001;72.874;72.406;72.85300000000001;72.48899999999999;72.012;70.83;70.44;70.298;70.46600000000001;70.813;71.676;70.335;69.655;68.797;69.007;68.434;68.077;68.42699999999999;67.828;67.597;67.4;67.207;66.999;66.73899999999999;66.467;66.192;65.93;65.689;65.446;65.226;65.018;64.8;64.559
npl;males_aged_15plus_labour_force_participation_rate_percent;90.64399999999999;90.63;90.64;90.67200000000001;90.721;90.78399999999999;90.745;90.708;90.669;90.625;90.324;90.08;89.807;89.495;89.13799999999999;88.734;88.305;87.875;87.441;87.26899999999999;87.08200000000001;86.95299999999999;86.81;86.64200000000001;86.43799999999999;86.197;85.986;85.85600000000001;85.756;85.68799999999999;85.652;85.65;85.679;85.73;85.795;85.865;85.944;86.03200000000001;86.119;86.19200000000001;86.244
nzl;males_aged_15plus_labour_force_participation_rate_percent;74.112;73.707;73.057;73.005;73.44800000000001;73.878;74.148;73.928;73.182;73.086;73.23;73.589;74.293;73.457;74.154;74.729;75.274;75.308;74.77199999999999;74.1;73.82;73.965;73.42;73.45100000000001;74.208;74.135;74.998;74.86399999999999;74.733;74.58;74.39;74.17699999999999;73.932;73.667;73.399;73.139;72.908;72.689;72.479;72.277;72.085
omn;males_aged_15plus_labour_force_participation_rate_percent;80.791;80.988;81.127;81.392;81.737;81.948;80.486;78.97800000000001;77.971;77.513;76.991;76.807;77.02199999999999;77.35;77.407;77.418;77.025;77.345;78.035;79.336;80.942;82.37100000000001;83.459;84.882;86.302;87.368;87.212;87.307;87.706;88.295;88.913;88.353;87.73299999999999;87.149;86.68799999999999;86.35799999999999;85.62899999999999;84.962;84.40700000000001;83.977;83.64299999999999
pak;males_aged_15plus_labour_force_participation_rate_percent;84.391;84.322;84.304;83.006;83.375;83.204;83.34299999999999;83.473;83.154;83.454;83.727;83.50200000000001;83.264;83.37700000000001;83.48899999999999;84.056;84.61200000000001;83.859;83.163;83.17399999999999;80.051;79.747;80.214;80.672;80.128;81.161;82.75399999999999;82.699;82.637;82.541;82.39399999999999;82.195;81.95700000000001;81.688;81.402;81.108;80.798;80.482;80.17;79.873;79.598
pan;males_aged_15plus_labour_force_participation_rate_percent;78.747;78.557;79.928;81.194;80.96600000000001;81.74600000000001;81.403;81.045;81.072;81.055;80.945;80.82600000000001;80.69800000000001;80.702;81.382;81.105;80.70100000000001;80.911;82.91;83.109;82.641;81.235;81.798;82.03200000000001;81.375;81.29;81.166;81.185;81.204;81.21300000000001;81.208;81.197;81.17699999999999;81.149;81.11;81.063;81.013;80.957;80.899;80.844;80.796
per;males_aged_15plus_labour_force_participation_rate_percent;74.0;74.06;75.37899999999999;76.568;77.66;78.05199999999999;78.842;79.568;80.785;80.711;80.488;81.458;82.3;83.1;83.865;84.602;85.325;86.01;85.935;86.384;86.273;86.05799999999999;86.01700000000001;85.44;84.867;84.22399999999999;84.185;84.45100000000001;84.704;84.944;85.17299999999999;85.39;85.598;85.795;85.978;86.14399999999999;86.29299999999999;86.431;86.56;86.686;86.81200000000001
phl;males_aged_15plus_labour_force_participation_rate_percent;77.684;77.934;78.275;78.23100000000001;78.142;78.117;77.929;77.827;78.057;77.882;77.839;77.83;77.72399999999999;77.575;77.102;76.596;76.343;76.135;76.49600000000001;76.471;76.12899999999999;76.741;76.23;75.753;76.282;75.359;75.165;75.127;75.097;75.066;75.031;74.979;74.92699999999999;74.87100000000001;74.808;74.735;74.64;74.538;74.433;74.328;74.226
png;males_aged_15plus_labour_force_participation_rate_percent;74.085;73.64;72.928;71.928;71.71;72.17;71.84100000000001;72.351;72.85;72.96300000000001;73.387;73.638;73.899;74.012;74.086;73.923;73.994;73.751;73.53;73.32;72.991;72.43;72.012;71.755;71.29;70.955;70.92;70.829;70.75;70.681;70.62;70.554;70.499;70.452;70.414;70.384;70.347;70.318;70.294;70.271;70.245
pol;males_aged_15plus_labour_force_participation_rate_percent;70.328;70.243;69.959;69.279;67.771;66.62100000000001;65.868;65.08800000000001;64.382;63.321999999999996;63.558;63.836999999999996;62.943999999999996;62.33;62.243;63.028999999999996;62.372;62.303000000000004;63.093999999999994;63.797;64.264;64.483;64.73;64.874;65.23100000000001;65.082;65.432;65.109;64.758;64.367;63.93;63.409;62.846000000000004;62.273;61.74;61.277;60.851000000000006;60.498000000000005;60.199;59.928999999999995;59.667
pri;males_aged_15plus_labour_force_participation_rate_percent;60.356;61.743;60.916000000000004;61.754;61.045;60.306999999999995;61.648999999999994;62.5;62.583999999999996;60.521;59.463;59.312;59.148;59.053999999999995;59.163000000000004;59.122;58.494;57.711000000000006;56.597;55.812;55.013999999999996;54.263999999999996;53.513000000000005;52.75;51.973;51.193000000000005;51.178999999999995;51.028;50.872;50.698;50.504;50.331;50.144;49.93899999999999;49.721000000000004;49.497;49.303999999999995;49.111000000000004;48.902;48.662;48.387
prk;males_aged_15plus_labour_force_participation_rate_percent;87.581;87.94;88.353;88.805;88.999;89.117;89.184;89.12299999999999;88.936;88.846;88.68700000000001;88.505;88.309;88.18299999999999;88.02799999999999;87.853;87.664;87.43799999999999;87.303;87.31700000000001;87.24700000000001;87.126;87.055;87.022;86.992;86.955;86.941;86.93700000000001;86.93;86.898;86.831;86.698;86.54299999999999;86.37799999999999;86.219;86.071;85.884;85.71;85.53299999999999;85.333;85.1
prt;males_aged_15plus_labour_force_participation_rate_percent;72.896;73.289;70.751;69.706;69.292;68.595;68.473;68.65100000000001;70.061;69.70100000000001;69.575;70.08;70.66;69.869;69.517;69.252;69.393;69.156;68.844;67.47800000000001;66.87899999999999;66.818;66.04899999999999;64.941;64.434;64.163;64.218;63.769;63.32;62.869;62.415;61.955;61.508;61.071999999999996;60.641999999999996;60.216;59.775;59.343999999999994;58.92100000000001;58.501000000000005;58.08
pry;males_aged_15plus_labour_force_participation_rate_percent;85.521;85.49799999999999;85.369;85.39200000000001;85.459;85.448;85.421;85.39;85.359;85.333;85.31299999999999;85.306;85.303;85.305;85.31;85.31700000000001;85.315;85.316;85.66799999999999;85.51100000000001;83.725;82.728;84.104;83.50299999999999;82.73899999999999;82.865;83.98899999999999;83.897;83.81;83.712;83.59200000000001;83.465;83.318;83.15700000000001;82.993;82.833;82.68799999999999;82.54700000000001;82.406;82.26;82.10600000000001
pse;males_aged_15plus_labour_force_participation_rate_percent;67.69800000000001;67.971;68.17399999999999;68.47;68.107;67.908;67.89699999999999;67.797;67.472;67.579;67.345;67.14399999999999;65.756;66.321;66.804;67.04;67.23899999999999;68.415;69.46;66.777;66.425;68.047;68.485;68.653;69.972;71.27;71.387;71.745;72.096;72.40899999999999;72.668;72.87899999999999;73.046;73.173;73.27199999999999;73.34899999999999;73.406;73.445;73.472;73.492;73.509
pyf;males_aged_15plus_labour_force_participation_rate_percent;69.53;69.931;70.262;70.62899999999999;70.536;70.509;70.618;70.447;70.175;69.757;69.20100000000001;68.533;67.82300000000001;66.997;66.278;65.699;65.242;64.834;64.575;64.22;63.79;63.466;63.129;62.93;62.646;62.276;61.968;61.6;61.228;60.846000000000004;60.46;60.07;59.67;59.25;58.797;58.31;57.848;57.372;56.891999999999996;56.428999999999995;55.986999999999995
qat;males_aged_15plus_labour_force_participation_rate_percent;94.48299999999999;94.258;93.87799999999999;94.146;94.47399999999999;94.79700000000001;94.585;93.57799999999999;93.015;92.781;92.586;92.257;92.31299999999999;92.86;93.21799999999999;93.96600000000001;92.48100000000001;92.594;93.522;94.76799999999999;95.785;94.572;93.999;93.971;94.40100000000001;95.04899999999999;94.73899999999999;94.58200000000001;94.661;94.98;95.429;94.992;94.634;94.43799999999999;94.443;94.59;94.081;93.689;93.456;93.384;93.416
rou;males_aged_15plus_labour_force_participation_rate_percent;75.018;75.64699999999999;76.044;75.891;75.635;75.242;73.514;72.899;72.074;71.78699999999999;71.074;69.565;64.35300000000001;62.961000000000006;62.58;61.17;62.211999999999996;62.196000000000005;62.332;62.273999999999994;64.308;62.768;63.578;63.537;63.94;64.226;63.461000000000006;63.133;62.794;62.458999999999996;62.138999999999996;61.766999999999996;61.418;61.089;60.773999999999994;60.464;60.096000000000004;59.744;59.391999999999996;59.019;58.617
rus;males_aged_15plus_labour_force_participation_rate_percent;75.77199999999999;75.58;75.815;74.033;72.042;71.389;70.012;68.065;66.883;69.737;69.638;68.211;68.24;67.76899999999999;68.053;68.30199999999999;68.40100000000001;69.48;70.507;70.457;70.762;71.141;71.244;71.445;71.60300000000001;71.933;72.133;71.804;71.381;70.923;70.471;69.918;69.374;68.852;68.361;67.907;67.398;66.938;66.54;66.226;66.01100000000001
rwa;males_aged_15plus_labour_force_participation_rate_percent;92.64399999999999;92.376;91.711;90.802;90.241;88.95700000000001;88.539;88.49700000000001;88.806;89.095;89.09100000000001;88.8;88.25299999999999;87.67;87.118;86.84299999999999;86.76100000000001;86.95299999999999;87.244;87.52;87.613;87.63600000000001;87.49;87.28200000000001;87.00299999999999;86.71700000000001;86.387;86.27799999999999;86.162;86.036;85.898;85.758;85.61399999999999;85.469;85.32799999999999;85.194;85.075;84.96600000000001;84.868;84.785;84.71799999999999
sau;males_aged_15plus_labour_force_participation_rate_percent;79.314;79.435;79.722;79.104;78.305;77.351;75.84100000000001;74.613;73.715;73.206;75.604;74.872;74.403;74.171;74.047;73.971;73.495;73.686;73.631;73.596;74.39699999999999;75.327;76.946;78.416;78.846;79.154;79.322;79.486;79.714;79.97;80.207;79.687;79.15899999999999;78.646;78.168;77.723;77.042;76.407;75.82600000000001;75.293;74.795
sdn;males_aged_15plus_labour_force_participation_rate_percent;76.60300000000001;76.357;76.108;75.859;75.61399999999999;75.374;75.066;74.939;74.811;74.685;74.563;74.469;74.381;74.283;74.157;73.99600000000001;73.845;73.627;73.347;73.017;72.748;72.288;71.708;71.265;70.835;70.363;69.98;69.888;69.812;69.75399999999999;69.71300000000001;69.696;69.7;69.721;69.758;69.806;69.86;69.925;69.997;70.071;70.142
sen;males_aged_15plus_labour_force_participation_rate_percent;74.794;74.582;74.389;74.155;73.87;73.348;73.148;72.796;72.28399999999999;71.734;71.275;70.947;70.726;70.368;70.048;69.76100000000001;69.732;69.70100000000001;69.67399999999999;69.652;69.623;69.631;69.735;69.851;69.916;69.876;69.824;69.855;69.872;69.873;69.855;69.821;69.774;69.714;69.64399999999999;69.567;69.483;69.396;69.31;69.234;69.173
sgp;males_aged_15plus_labour_force_participation_rate_percent;78.718;79.01899999999999;79.10300000000001;79.085;79.23899999999999;79.314;79.14399999999999;78.999;79.071;78.435;78.126;77.76100000000001;77.084;76.435;75.943;76.34;76.876;77.419;76.994;77.457;77.20100000000001;76.88600000000001;77.101;76.798;77.04899999999999;77.308;77.002;76.749;76.495;76.22800000000001;75.94;75.646;75.34;75.021;74.688;74.34100000000001;74.014;73.678;73.33800000000001;73.006;72.687
slb;males_aged_15plus_labour_force_participation_rate_percent;79.809;79.613;79.124;79.116;78.861;78.679;78.884;79.285;79.512;79.852;80.949;81.62100000000001;81.976;81.869;81.803;81.683;81.557;81.387;81.2;81.566;81.355;80.812;80.641;80.54899999999999;80.54;80.426;80.373;80.337;80.307;80.27;80.223;80.187;80.143;80.097;80.06;80.038;80.045;80.063;80.09;80.12100000000001;80.156
sle;males_aged_15plus_labour_force_participation_rate_percent;65.977;65.83;66.281;65.98;65.711;65.634;65.456;65.404;65.12100000000001;65.035;64.903;65.278;64.783;64.67699999999999;66.428;65.661;64.902;64.153;63.406000000000006;62.65;61.883;61.11;60.325;59.527;58.717;59.211000000000006;58.827;58.702;58.573;58.442;58.313;58.196999999999996;58.083999999999996;57.98;57.898999999999994;57.849;57.835;57.848;57.881;57.924;57.971000000000004
slv;males_aged_15plus_labour_force_participation_rate_percent;83.854;83.72399999999999;83.39200000000001;83.167;83.242;83.29700000000001;81.887;81.29899999999999;81.505;80.625;79.85300000000001;79.06;78.227;79.71300000000001;78.833;79.036;79.21;79.964;79.646;79.34;79.059;79.259;79.462;78.935;78.725;78.543;78.444;78.75399999999999;79.087;79.404;79.678;79.952;80.194;80.402;80.584;80.743;80.904;81.045;81.165;81.265;81.343
som;males_aged_15plus_labour_force_participation_rate_percent;76.212;76.293;76.39399999999999;76.514;76.631;76.76;76.812;76.84899999999999;76.861;76.85;76.79;76.681;76.529;76.354;76.167;75.979;75.749;75.535;75.343;75.164;74.975;74.77600000000001;74.583;74.419;74.311;74.268;74.248;74.281;74.345;74.418;74.486;74.547;74.605;74.666;74.737;74.821;74.907;75.00399999999999;75.10600000000001;75.204;75.293
srb;males_aged_15plus_labour_force_participation_rate_percent;67.514;67.618;67.542;67.334;67.09899999999999;66.773;66.587;66.266;66.122;66.529;66.194;65.89699999999999;65.532;65.25;64.811;64.492;64.21300000000001;63.428999999999995;62.458;60.482;59.403;59.628;60.114;60.86600000000001;60.986999999999995;60.474;62.119;61.663999999999994;61.218999999999994;60.803000000000004;60.428999999999995;60.037;59.693999999999996;59.388000000000005;59.096000000000004;58.806000000000004;58.468999999999994;58.141999999999996;57.82;57.498999999999995;57.175
ssd;males_aged_15plus_labour_force_participation_rate_percent;77.55199999999999;77.733;77.725;77.597;77.543;77.779;77.936;78.07;78.219;78.30199999999999;78.244;78.275;78.13;77.85300000000001;77.533;77.23899999999999;77.041;76.829;76.589;76.279;75.87;75.638;75.32300000000001;74.95;74.561;74.176;73.946;73.892;73.848;73.804;73.75399999999999;73.694;73.631;73.567;73.506;73.45100000000001;73.393;73.34100000000001;73.292;73.243;73.193
stp;males_aged_15plus_labour_force_participation_rate_percent;76.312;75.91199999999999;75.053;74.0;73.164;72.765;72.59899999999999;72.932;73.51;73.993;74.199;74.289;74.057;73.639;73.433;73.462;73.693;74.164;74.654;75.17399999999999;75.52;75.717;75.888;75.94800000000001;75.874;75.705;75.465;75.382;75.273;75.155;75.056;75.006;74.976;74.958;74.939;74.91199999999999;74.911;74.914;74.914;74.914;74.916
sur;males_aged_15plus_labour_force_participation_rate_percent;64.37100000000001;64.789;65.365;66.199;66.533;66.809;66.889;66.69;66.255;65.638;65.767;65.734;65.718;65.66199999999999;65.52;65.523;65.514;65.46600000000001;65.442;65.437;65.361;65.24600000000001;65.182;65.117;65.081;65.105;65.374;65.256;65.127;64.95100000000001;64.706;64.389;64.023;63.63399999999999;63.25899999999999;62.919;62.603;62.33;62.082;61.841;61.593999999999994
svk;males_aged_15plus_labour_force_participation_rate_percent;73.195;73.10300000000001;71.512;69.905;69.255;69.00399999999999;68.763;68.157;68.018;67.697;67.84;68.71300000000001;67.938;68.536;68.57600000000001;68.583;68.251;67.734;68.186;67.97800000000001;67.612;67.929;68.187;67.97;68.075;67.794;68.023;67.7;67.351;66.975;66.575;66.104;65.609;65.108;64.63;64.192;63.761;63.373999999999995;63.02;62.683;62.35
svn;males_aged_15plus_labour_force_participation_rate_percent;66.517;66.199;65.833;65.42;64.99;64.64;64.42;64.596;65.98100000000001;64.85;63.935;64.555;64.73100000000001;63.078;65.55199999999999;65.984;65.67;66.375;65.609;65.563;65.493;63.946999999999996;63.272;63.24;63.195;62.851000000000006;61.408;60.898999999999994;60.37;59.817;59.238;58.626000000000005;58.0;57.372;56.753;56.153;55.56100000000001;54.994;54.453;53.93600000000001;53.443999999999996
swe;males_aged_15plus_labour_force_participation_rate_percent;72.09100000000001;71.67399999999999;70.001;68.369;67.965;68.506;68.041;67.699;67.64;67.315;66.535;66.857;66.535;66.484;66.40899999999999;67.992;67.47800000000001;67.699;67.895;67.321;67.398;67.36;67.234;67.594;67.575;67.306;67.357;67.35300000000001;67.344;67.322;67.28399999999999;67.189;67.075;66.952;66.835;66.73;66.635;66.562;66.499;66.42699999999999;66.331
swz;males_aged_15plus_labour_force_participation_rate_percent;74.262;74.499;74.556;74.44800000000001;74.202;73.78;73.207;72.586;71.892;71.09899999999999;70.248;69.717;69.18;68.668;68.289;68.009;67.437;66.999;66.658;66.437;66.305;66.331;66.358;66.4;66.52;66.688;66.954;67.219;67.447;67.624;67.747;67.824;67.844;67.821;67.781;67.738;67.69800000000001;67.652;67.59899999999999;67.539;67.473
syr;males_aged_15plus_labour_force_participation_rate_percent;85.699;84.64399999999999;83.255;82.662;82.348;82.068;82.514;82.84200000000001;83.094;81.868;80.181;79.805;79.206;78.21600000000001;77.17699999999999;76.157;75.402;74.32600000000001;74.115;72.703;72.783;72.854;72.62100000000001;72.225;71.638;70.889;70.59899999999999;70.14699999999999;69.686;69.217;68.747;68.975;69.22;69.465;69.691;69.87899999999999;69.881;69.87100000000001;69.84;69.78399999999999;69.69800000000001
tcd;males_aged_15plus_labour_force_participation_rate_percent;79.844;79.938;79.979;80.283;80.22800000000001;80.262;80.449;80.529;80.546;80.62;80.67699999999999;80.722;80.735;80.619;80.237;79.936;79.97;79.877;79.709;79.471;79.078;78.97;78.689;78.403;78.058;77.743;77.66;77.579;77.505;77.441;77.39;77.351;77.32;77.296;77.28;77.27;77.268;77.27;77.27600000000001;77.285;77.29899999999999
tgo;males_aged_15plus_labour_force_participation_rate_percent;84.075;84.09299999999999;84.059;84.14399999999999;83.67299999999999;83.292;82.729;82.09200000000001;81.76100000000001;81.358;81.029;80.97800000000001;80.918;80.765;80.694;80.682;80.79;80.735;80.638;80.488;80.27600000000001;79.994;79.986;79.944;79.801;79.592;79.345;79.347;79.33800000000001;79.322;79.301;79.271;79.238;79.206;79.179;79.16;79.14399999999999;79.135;79.135;79.142;79.157
tha;males_aged_15plus_labour_force_participation_rate_percent;84.65299999999999;84.425;84.205;83.962;83.721;83.154;82.78299999999999;82.56700000000001;82.331;81.324;81.392;82.094;81.768;81.461;81.74;81.473;81.325;81.479;81.415;81.415;80.796;80.982;80.883;80.029;79.324;77.76100000000001;77.467;77.256;77.047;76.819;76.561;76.274;75.96300000000001;75.632;75.286;74.931;74.567;74.196;73.821;73.447;73.079
tjk;males_aged_15plus_labour_force_participation_rate_percent;69.94800000000001;69.95100000000001;69.931;69.895;69.84899999999999;69.797;69.75;69.71300000000001;69.669;69.6;69.507;69.42;69.32300000000001;69.253;69.158;69.453;69.797;70.221;70.669;70.991;71.357;71.734;72.067;72.354;72.604;72.829;73.045;73.27;73.46;73.572;73.585;73.518;73.373;73.171;72.945;72.717;72.503;72.294;72.1;71.932;71.796
tkm;males_aged_15plus_labour_force_participation_rate_percent;74.889;74.929;74.94;74.936;74.96300000000001;75.017;75.04899999999999;75.13600000000001;75.221;75.285;75.32600000000001;75.30199999999999;75.248;75.19;75.169;75.208;75.30199999999999;75.444;75.64;75.893;76.211;76.571;76.997;77.44;77.82300000000001;78.09;78.221;78.24;78.18;78.09;77.993;77.857;77.72399999999999;77.569;77.35300000000001;77.058;76.672;76.229;75.78;75.399;75.128
tls;males_aged_15plus_labour_force_participation_rate_percent;82.23100000000001;82.522;82.866;83.264;83.396;83.26799999999999;82.719;81.884;81.137;79.791;77.61399999999999;76.333;73.955;71.564;69.048;66.378;64.14;61.997;59.981;58.058;56.163000000000004;55.448;54.716;54.068999999999996;53.381;52.883;52.591;52.325;52.132;51.961000000000006;51.787;51.729;51.68;51.625;51.555;51.467;51.46;51.43600000000001;51.391999999999996;51.331;51.26
ton;males_aged_15plus_labour_force_participation_rate_percent;75.373;75.663;75.757;75.628;75.286;74.821;74.627;74.365;73.933;73.533;73.297;73.596;74.005;74.47800000000001;74.962;75.153;75.398;75.683;75.471;75.268;75.008;74.796;74.7;74.82;74.637;74.333;74.183;74.15899999999999;74.138;74.108;74.08800000000001;74.145;74.203;74.266;74.355;74.475;74.694;74.938;75.188;75.418;75.626
tto;males_aged_15plus_labour_force_participation_rate_percent;76.27;66.625;70.847;73.719;75.075;75.899;75.50399999999999;75.891;76.223;76.079;76.263;75.752;75.33800000000001;75.646;75.936;76.181;75.926;76.70100000000001;75.843;75.732;75.37;74.942;74.47;73.934;74.087;74.252;74.093;73.665;73.188;72.672;72.128;71.581;71.03;70.488;69.97800000000001;69.517;69.078;68.702;68.38;68.10600000000001;67.872
tun;males_aged_15plus_labour_force_participation_rate_percent;75.593;75.446;74.76899999999999;74.76;74.579;74.262;73.868;73.528;72.88600000000001;72.24600000000001;71.608;71.0;70.385;69.771;69.171;68.58800000000001;68.768;68.947;69.22800000000001;68.97;69.671;70.293;70.92399999999999;70.875;70.77199999999999;70.806;70.79;70.589;70.347;70.061;69.72800000000001;69.337;68.91199999999999;68.44800000000001;67.94;67.388;66.8;66.179;65.55199999999999;64.954;64.405
tur;males_aged_15plus_labour_force_participation_rate_percent;80.786;80.132;79.586;77.877;78.26899999999999;77.46300000000001;76.883;76.101;75.955;74.934;72.62100000000001;71.648;70.215;68.906;69.888;70.12;68.389;68.389;68.922;69.1;69.641;70.521;69.819;70.39699999999999;71.242;71.707;72.161;71.944;71.714;71.468;71.203;70.905;70.60300000000001;70.291;69.96;69.608;69.237;68.85;68.44800000000001;68.038;67.62
twn;males_aged_15plus_labour_force_participation_rate_percent;73.63;73.55;73.388;72.384;72.14699999999999;71.824;70.88600000000001;70.748;70.22399999999999;69.508;69.09899999999999;68.195;67.80199999999999;67.237;67.442;67.325;67.221;67.122;66.925;66.21600000000001;66.369;66.707;67.015;66.90100000000001;66.90100000000001;67.04899999999999;66.578;66.178;65.789;65.40899999999999;65.03;64.657;64.298;63.927;63.508;63.018;62.473;61.865;61.20399999999999;60.513999999999996;59.81399999999999
tza;males_aged_15plus_labour_force_participation_rate_percent;85.249;85.228;85.175;85.081;84.949;84.76;84.705;84.603;84.465;84.31700000000001;84.195;84.193;84.234;84.31299999999999;84.382;84.42200000000001;84.51100000000001;84.49799999999999;84.469;84.436;84.40100000000001;84.385;85.515;86.55799999999999;87.51899999999999;87.4;87.273;87.37799999999999;87.48100000000001;87.579;87.67;87.758;87.84200000000001;87.926;88.01299999999999;88.103;88.199;88.29799999999999;88.40100000000001;88.51;88.62299999999999
uga;males_aged_15plus_labour_force_participation_rate_percent;77.311;77.507;77.358;77.214;77.078;76.95100000000001;76.807;76.669;76.541;76.428;76.334;76.282;76.24;76.203;76.166;76.125;76.11;76.086;76.061;76.04;76.029;76.027;76.029;75.812;75.52;75.178;74.87899999999999;74.91199999999999;74.944;74.98;75.02199999999999;75.066;75.113;75.164;75.221;75.282;75.346;75.414;75.482;75.54899999999999;75.61399999999999
ukr;males_aged_15plus_labour_force_participation_rate_percent;66.888;66.687;66.567;66.554;66.7;66.695;66.093;65.309;64.473;63.626999999999995;64.373;63.016000000000005;62.625;62.33;62.27;62.927;62.757;62.661;62.653999999999996;62.768;62.95399999999999;63.67;63.897;64.207;63.052;63.306999999999995;63.19;62.99;62.748000000000005;62.455;62.11;61.589;61.02;60.43600000000001;59.893;59.425;58.92;58.5;58.151;57.847;57.576
ury;males_aged_15plus_labour_force_participation_rate_percent;76.411;76.204;76.319;75.546;76.461;76.851;76.428;76.06;75.723;75.65100000000001;75.546;76.156;75.22;74.191;74.308;74.4;76.345;76.225;76.515;76.81;76.749;76.82300000000001;76.01100000000001;75.83800000000001;75.783;75.141;74.304;74.43;74.553;74.669;74.773;74.835;74.888;74.938;74.988;75.042;75.075;75.115;75.157;75.202;75.249
usa;males_aged_15plus_labour_force_participation_rate_percent;75.294;74.673;74.757;74.441;74.176;74.202;74.208;74.281;74.29;74.233;74.227;73.696;73.19;72.506;72.25399999999999;72.196;72.317;72.02600000000001;71.797;70.773;69.932;69.357;69.347;68.988;68.543;68.429;68.558;68.268;67.98100000000001;67.696;67.413;67.109;66.808;66.51899999999999;66.255;66.02199999999999;65.804;65.619;65.46;65.311;65.165
uzb;males_aged_15plus_labour_force_participation_rate_percent;74.751;74.749;74.76899999999999;74.758;74.74600000000001;74.72399999999999;74.699;74.681;74.663;74.634;74.594;74.56;74.527;74.51;74.533;74.613;74.733;74.896;75.10600000000001;75.367;75.678;76.014;76.392;76.783;77.146;77.453;77.685;77.875;78.007;78.054;78.003;77.84;77.592;77.29;76.977;76.679;76.384;76.108;75.859;75.641;75.455
vct;males_aged_15plus_labour_force_participation_rate_percent;80.793;80.88;80.7;80.605;80.77;80.51100000000001;80.638;80.65899999999999;80.637;80.663;80.71300000000001;80.848;80.79899999999999;80.693;80.72;80.782;80.638;80.671;80.671;80.819;80.986;81.005;80.93;80.824;80.702;80.546;80.42;80.303;80.14399999999999;79.947;79.682;79.399;79.071;78.70100000000001;78.322;77.939;77.59899999999999;77.273;76.955;76.64699999999999;76.357
ven;males_aged_15plus_labour_force_participation_rate_percent;80.833;81.008;81.101;81.104;81.059;81.119;81.06;81.11399999999999;81.068;80.895;80.888;80.844;80.536;80.214;80.486;80.57300000000001;80.65100000000001;80.007;79.727;79.42399999999999;79.315;78.944;78.223;78.164;78.067;77.923;77.57600000000001;77.441;77.285;77.112;76.923;76.732;76.531;76.321;76.104;75.882;75.666;75.45100000000001;75.238;75.03;74.829
vir;males_aged_15plus_labour_force_participation_rate_percent;71.91;72.05;72.221;72.433;72.426;72.436;72.449;72.35;72.07;71.789;71.315;70.96600000000001;70.667;70.477;70.266;70.018;69.78399999999999;69.45100000000001;69.11399999999999;68.835;68.437;67.764;67.127;66.516;65.925;65.34;64.918;64.564;64.242;63.917;63.567;63.231;62.871;62.505;62.159;61.821000000000005;61.556999999999995;61.321999999999996;61.107;60.903999999999996;60.722
vnm;males_aged_15plus_labour_force_participation_rate_percent;82.477;82.48299999999999;82.414;82.36;82.26700000000001;82.134;81.991;81.872;81.824;81.809;81.72800000000001;81.684;81.64;81.58;81.5;81.417;81.33800000000001;81.244;81.21;81.222;81.609;82.016;82.476;82.948;83.475;83.904;83.48;83.47;83.381;83.228;83.01899999999999;82.74700000000001;82.419;82.051;81.665;81.279;80.89399999999999;80.513;80.14399999999999;79.795;79.47399999999999
vut;males_aged_15plus_labour_force_participation_rate_percent;79.112;79.075;79.083;79.196;78.86399999999999;78.937;78.836;78.584;78.374;78.432;78.22399999999999;78.597;79.11;79.11;79.13;79.063;78.845;78.889;78.954;79.221;79.52;79.575;79.532;79.471;79.44800000000001;79.656;79.568;79.594;79.671;79.74600000000001;79.764;79.661;79.525;79.4;79.32300000000001;79.292;79.23100000000001;79.221;79.26100000000001;79.321;79.369
wsm;males_aged_15plus_labour_force_participation_rate_percent;42.348;42.97;43.376000000000005;43.299;43.74100000000001;43.233999999999995;42.92;43.178000000000004;43.211999999999996;43.172;42.626000000000005;42.141000000000005;41.891000000000005;41.57899999999999;41.193000000000005;40.795;40.638000000000005;40.035;39.933;40.427;40.378;39.793;39.743;39.926;39.783;39.585;38.98;38.87;38.745;38.583;38.379;38.196999999999996;37.979;37.742;37.524;37.342;37.255;37.205999999999996;37.175;37.144;37.104
yem;males_aged_15plus_labour_force_participation_rate_percent;73.726;73.872;73.657;73.741;73.396;73.051;72.704;72.368;72.02199999999999;71.702;71.391;71.075;70.771;70.476;70.189;69.91;69.632;69.36;69.11399999999999;68.922;68.797;68.44800000000001;68.153;67.882;67.6;68.779;69.539;69.631;69.706;69.758;69.78399999999999;69.785;69.762;69.717;69.655;69.577;69.48100000000001;69.374;69.259;69.142;69.029
zaf;males_aged_15plus_labour_force_participation_rate_percent;66.277;65.882;65.517;65.064;64.54899999999999;64.021;63.50899999999999;63.047;62.655;62.236999999999995;61.802;61.43899999999999;61.062;60.728;61.232;61.757;62.233000000000004;62.74;64.12;62.183;60.45399999999999;59.839;60.333999999999996;60.461999999999996;60.655;61.902;62.036;62.015;61.993;61.966;61.931999999999995;61.823;61.708;61.586000000000006;61.455;61.31399999999999;61.101000000000006;60.879;60.656000000000006;60.441;60.24
zmb;males_aged_15plus_labour_force_participation_rate_percent;85.834;85.815;85.736;85.536;85.463;85.305;85.24799999999999;85.211;85.214;85.17;85.125;85.344;85.51;85.61399999999999;85.68299999999999;85.719;85.081;84.41799999999999;83.72399999999999;82.995;82.23;81.499;80.741;80.512;80.253;79.983;79.755;79.66199999999999;79.57300000000001;79.5;79.449;79.417;79.40100000000001;79.395;79.392;79.38600000000001;79.385;79.382;79.373;79.355;79.324
zwe;males_aged_15plus_labour_force_participation_rate_percent;82.13799999999999;81.908;81.779;81.492;81.075;80.70100000000001;80.283;79.889;79.314;78.58800000000001;80.528;82.575;84.574;86.456;88.169;88.162;88.227;88.28399999999999;88.33200000000001;88.369;88.4;88.495;88.574;88.70200000000001;88.805;88.887;88.919;89.11399999999999;89.292;89.45299999999999;89.596;89.725;89.84200000000001;89.95;90.052;90.152;90.249;90.344;90.443;90.555;90.685
