geo;indicator;1960;1961;1962;1963;1964;1965;1966;1967;1968;1969;1970;1971;1972;1973;1974;1975;1976;1977;1978;1979;1980;1981;1982;1983;1984;1985;1986;1987;1988;1989;1990;1991;1992;1993;1994;1995;1996;1997;1998;1999;2000;2001;2002;2003;2004;2005;2006;2007;2008
ago;residential_electricity_use_per_person;;;;;;;;;;;;67.63;74.65;85.81;107.9;116.6;51.84;49.99;49.01;51.16;52.52;51.48;53.88;56.65;47.19;55.67;54.5;53.98;53.38;52.78;52.11;51.24;50.03;49.0;48.1;47.03;49.08;67.25;72.0;71.63;76.14;84.92;89.38;98.35;107.1;122.6;134.4;147.2;173.0
alb;residential_electricity_use_per_person;;;;;;;;;;;;;;;;;;;;;;;;;;;;;;;219.7;160.6;175.3;226.5;230.9;259.7;344.2;322.4;436.0;642.5;709.1;689.2;875.2;853.9;787.5;767.2;552.1;575.0;636.3
are;residential_electricity_use_per_person;;;;;;;;;;;;308.9;609.6;810.2;913.6;1152.0;1428.0;1902.0;2127.0;2484.0;2775.0;2886.0;3260.0;3391.0;3367.0;3363.0;3291.0;3380.0;3551.0;3540.0;3678.0;3641.0;3832.0;4361.0;4668.0;4853.0;5034.0;5210.0;5380.0;5546.0;5706.0;5860.0;6010.0;6640.0;6919.0;7358.0;8223.0;9340.0;11150.0
arg;residential_electricity_use_per_person;;;;;;;;;;;;216.7;225.8;232.9;237.7;255.4;280.7;282.8;291.7;303.9;312.4;310.5;294.4;302.7;316.8;317.8;338.4;372.3;346.9;324.8;336.7;358.8;393.6;426.9;456.7;484.2;493.2;511.5;523.5;555.0;570.2;578.0;554.4;557.1;575.1;614.7;653.5;708.6;768.4
arm;residential_electricity_use_per_person;;;;;;;;;;;;;;;;;;;;;;;;;;;;;;;606.3;699.8;717.3;420.0;310.3;208.9;353.9;794.8;578.6;531.0;512.2;487.9;496.5;533.5;549.7;577.7;574.3;594.7;603.8
aus;residential_electricity_use_per_person;653.7;712.0;745.9;799.0;854.7;904.6;963.0;1030.0;1078.0;1159.0;1211.0;1286.0;1363.0;1396.0;1452.0;1607.0;1669.0;1799.0;1862.0;1956.0;1982.0;2044.0;2108.0;2101.0;2136.0;2064.0;2152.0;2188.0;2189.0;2183.0;2265.0;2275.0;2249.0;2298.0;2267.0;2328.0;2355.0;2412.0;2461.0;2495.0;2545.0;2563.0;2622.0;2581.0;2675.0;2757.0;2768.0;2753.0;2825.0
aut;residential_electricity_use_per_person;245.2;267.3;300.5;327.8;360.3;389.3;415.3;450.5;489.2;535.2;591.2;651.4;729.4;800.3;842.6;895.7;975.4;1013.0;1078.0;1111.0;1162.0;982.4;968.3;993.6;1038.0;1101.0;1114.0;1456.0;1489.0;1511.0;1538.0;1612.0;1614.0;1645.0;1617.0;1689.0;1762.0;1721.0;1727.0;1735.0;1750.0;1883.0;1935.0;2070.0;2052.0;2086.0;2076.0;2052.0;2068.0
aze;residential_electricity_use_per_person;;;;;;;;;;;;;;;;;;;;;;;;;;;;;;;;;;226.8;;;;46.79;1025.0;1277.0;1456.0;1309.0;1335.0;1543.0;1513.0;1423.0;1733.0;1040.0;921.6
bel;residential_electricity_use_per_person;165.0;187.0;217.3;243.3;269.1;304.5;336.7;365.6;409.0;458.9;510.6;562.5;629.9;780.9;853.3;947.2;1037.0;1125.0;1219.0;1290.0;1332.0;1366.0;1391.0;1441.0;1486.0;1573.0;1620.0;1712.0;1726.0;1783.0;1847.0;1989.0;2016.0;2092.0;2110.0;2177.0;2282.0;2249.0;2290.0;2295.0;2313.0;2371.0;2514.0;2520.0;2565.0;2510.0;2190.0;2103.0;1921.0
ben;residential_electricity_use_per_person;;;;;;;;;;;;1.86;2.173;2.468;2.745;2.6710000000000003;2.9219999999999997;1.8940000000000001;25.47;12.22;13.65;15.54;8.514;17.88;15.8;16.83;16.79;18.15;18.49;18.12;17.54;16.98;16.26;18.99;20.05;20.88;14.27;16.98;16.81;24.24;24.3;25.35;33.6;28.49;30.25;36.87;36.76;37.39;38.22
bgd;residential_electricity_use_per_person;;;;;;;;;;;;1.893;1.8519999999999999;1.8769999999999998;2.397;2.033;1.733;1.828;2.533;2.667;2.589;3.2760000000000002;3.858;4.855;5.574;6.587000000000001;7.3020000000000005;8.212;8.737;10.18;11.13;12.8;17.23;20.03;21.61;23.53;29.22;29.99;31.58;34.73;42.2;46.53;49.94;52.43;56.68;59.11;63.21;62.56;68.12
bgr;residential_electricity_use_per_person;;;;;;;;;;;;331.2;376.3;423.1;474.0;526.2;593.1;629.1;663.1;738.8;774.0;789.4;899.8;954.1;1058.0;1068.0;969.6;1053.0;1106.0;1133.0;1178.0;1186.0;1155.0;1187.0;1174.0;1327.0;1408.0;1225.0;1322.0;1282.0;1261.0;1260.0;1215.0;1227.0;1167.0;1214.0;1260.0;1281.0;1381.0
bhr;residential_electricity_use_per_person;;;;;;;;;;;;;;;;;;;;;;;;;2783.0;3232.0;3420.0;3426.0;3500.0;3532.0;3625.0;3290.0;3757.0;3984.0;4172.0;4257.0;4524.0;4467.0;4887.0;4965.0;4861.0;5055.0;5371.0;5606.0;5806.0;6261.0;7299.0;8451.0;7314.0
bih;residential_electricity_use_per_person;;;;;;;;;;;;;;;;;;;;;;;;;;;;;;;681.5;619.1;578.1;502.7;637.6;682.3;736.5;885.1;977.2;976.5;907.6;908.4;908.1;910.8;888.0;920.2;915.5;903.7;927.1
blr;residential_electricity_use_per_person;;;;;;;;;;;;;;;;;;;;;;;;;;;;;;;341.2;464.4;426.6;434.8;442.0;468.3;487.8;514.0;536.8;561.7;536.9;538.8;559.2;587.0;587.1;578.6;557.6;584.1;614.9
bol;residential_electricity_use_per_person;;;;;;;;;;;;42.43;41.62;41.67;43.79;45.59;48.24;50.8;55.54;61.4;65.99;71.43;70.55;73.91;79.89;84.94;92.21;100.1;106.0;108.7;109.8;112.2;116.4;121.5;131.8;140.5;143.7;152.2;159.4;165.1;170.5;168.8;171.4;173.2;177.7;185.9;194.0;201.0;213.1
bra;residential_electricity_use_per_person;;;;;;;;;;;;93.94;98.51;105.8;113.3;121.4;133.4;149.9;161.8;175.1;189.2;199.0;210.0;225.5;229.8;237.7;255.2;268.5;278.1;294.4;322.2;332.5;332.6;338.5;347.6;388.8;415.9;439.5;464.4;469.2;475.7;415.1;404.4;418.4;426.9;447.1;456.3;478.4;498.2
brn;residential_electricity_use_per_person;;;;;;;;;;;;519.8;501.9;482.3;470.3;454.6;439.4;424.7;410.5;396.9;529.2;700.2;812.3;946.1;1005.0;994.7;975.2;1266.0;1288.0;1289.0;1294.0;1279.0;1312.0;1378.0;1451.0;1553.0;1588.0;1710.0;1603.0;1520.0;1555.0;1391.0;1109.0;1271.0;1295.0;1058.0;817.1;874.6;3067.0
bwa;residential_electricity_use_per_person;;;;;;;;;;;;;;;;;;;;;;31.04;34.01;34.78;38.37;38.94;38.57;37.36;48.82;58.75;62.53;67.61;72.26;89.5;104.4;110.5;115.7;123.7;111.2;119.6;128.2;206.1;225.1;251.8;327.7;345.2;349.5;416.1;454.8
can;residential_electricity_use_per_person;902.3;1006.0;1004.0;1038.0;1155.0;1271.0;1469.0;1534.0;1634.0;1794.0;1969.0;2231.0;2152.0;2303.0;2593.0;2764.0;3012.0;3220.0;3284.0;3304.0;3450.0;3504.0;3607.0;3766.0;3910.0;3999.0;4163.0;4204.0;4486.0;4744.0;4673.0;4602.0;4637.0;4579.0;4542.0;4444.0;4512.0;4439.0;4223.0;4306.0;4420.0;4440.0;4472.0;4596.0;4645.0;4603.0;4442.0;4579.0;4772.0
che;residential_electricity_use_per_person;646.0;664.7;713.7;718.7;767.9;780.9;790.7;818.2;864.0;921.3;962.4;1098.0;1021.0;1135.0;1119.0;1171.0;1241.0;1310.0;1386.0;1498.0;1578.0;1583.0;1542.0;1608.0;1745.0;1822.0;1864.0;1908.0;1890.0;1956.0;1990.0;2062.0;2090.0;2076.0;2067.0;2129.0;2127.0;2066.0;2098.0;2151.0;2165.0;2213.0;2204.0;2252.0;2297.0;2354.0;2353.0;2313.0;2361.0
chl;residential_electricity_use_per_person;;;;;;;;;;;;89.32;108.4;119.1;118.7;124.4;122.4;135.7;145.5;152.7;161.0;169.3;170.4;154.5;138.2;165.4;190.1;200.7;198.3;191.6;330.0;340.4;364.7;390.0;419.0;443.7;489.0;360.2;387.5;399.0;408.0;450.7;462.2;468.7;495.2;518.5;529.8;546.7;532.5
chn;residential_electricity_use_per_person;;;;;;;;;;;;5.754;6.183;6.614;6.556;7.474;7.632999999999999;8.282;9.384;10.18;10.72;11.88;12.05;13.42;15.35;11.66;13.86;14.97;17.65;20.13;42.36;47.25;54.95;62.56;72.76;83.48;93.08;101.9;106.7;118.2;132.4;144.6;156.3;173.7;190.2;216.8;248.1;274.8;331.4
civ;residential_electricity_use_per_person;;;;;;;;;;;;13.48;15.81;19.53;19.64;23.96;26.22;30.97;35.72;47.89;54.69;55.2;60.28;60.91;47.73;47.28;46.82;46.38;45.95;45.55;44.66;43.9;43.77;43.46;42.93;42.9;46.04;63.39;57.68;59.22;60.34;58.03;56.19;55.51;59.73;55.8;61.35;69.35;70.39
cmr;residential_electricity_use_per_person;;;;;;;;;;;;6.406000000000001;10.26;11.01;11.57;12.63;13.99;15.33;17.31;19.41;20.47;21.39;25.08;26.16;26.6;30.61;28.89;30.62;29.72;29.2;26.92;26.32;27.28;27.16;22.42;21.4;23.18;24.66;27.17;26.87;25.41;24.85;28.69;30.46;32.94;30.5;46.32;43.97;59.55
cod;residential_electricity_use_per_person;;;;;;;;;;;;;;;;;28.56;30.22;29.29;31.67;29.86;31.88;31.0;33.84;43.11;49.62;49.44;48.2;46.14;41.76;24.5;29.12;31.42;35.17;23.62;22.75;21.37;21.18;20.77;21.15;23.69;22.75;22.18;23.16;25.45;25.71;42.0;31.81;30.71
cog;residential_electricity_use_per_person;;;;;;;;;;;;28.34;29.1;31.25;33.24;35.78;38.82;37.75;37.96;38.74;40.03;24.96;58.05;39.39;78.06;46.89;119.4;83.83;68.59;65.58;62.27;72.78;68.5;57.5;54.9;56.27;59.72;47.85;36.14;22.56;37.72;40.77;42.67;42.5;44.27;49.7;51.87;56.05;56.37
col;residential_electricity_use_per_person;;;;;;;;;;;;153.5;158.7;141.9;132.1;170.1;184.2;188.6;216.1;239.7;257.8;256.5;285.2;290.6;303.9;314.1;325.3;340.8;348.3;371.9;382.5;387.9;350.4;378.7;396.1;403.3;398.9;391.2;315.6;297.2;280.5;358.7;351.3;364.0;373.3;378.5;387.8;398.4;404.6
cri;residential_electricity_use_per_person;;;;;;;;;;;;368.0;394.1;404.6;429.5;446.5;474.1;466.8;486.3;457.2;527.7;557.5;599.9;595.1;614.7;644.6;680.2;720.2;724.9;496.1;515.8;520.9;523.9;552.5;579.4;580.8;592.0;602.4;634.5;652.9;677.6;691.9;717.0;734.5;740.2;761.8;781.7;794.8;798.3
cub;residential_electricity_use_per_person;;;;;;;;;;;;117.6;125.9;129.6;133.8;141.1;148.7;165.8;183.0;203.4;219.4;210.3;227.7;237.2;249.0;266.2;285.3;284.4;296.5;311.6;313.6;305.0;279.9;272.9;303.0;300.5;306.2;331.0;343.7;360.2;381.4;401.3;435.9;454.7;443.0;448.2;491.5;537.1;528.8
cyp;residential_electricity_use_per_person;;;;;;;;;;;;248.5;284.3;310.8;276.3;222.8;233.9;262.4;286.2;289.3;299.6;310.8;330.0;360.9;365.7;392.5;415.5;473.2;545.1;606.7;659.1;680.3;830.1;905.9;929.0;1035.0;1116.0;1122.0;1207.0;1263.0;1391.0;1366.0;1508.0;1679.0;1696.0;1837.0;1913.0;2040.0;2124.0
cze;residential_electricity_use_per_person;;;;;;;;;;;;329.2;367.5;396.0;423.9;459.2;498.4;524.7;575.4;573.5;600.2;618.3;644.4;679.3;729.3;776.7;806.3;846.8;860.3;895.5;933.6;958.2;1003.0;1104.0;1276.0;1438.0;1553.0;1505.0;1410.0;1367.0;1346.0;1388.0;1377.0;1416.0;1418.0;1438.0;1485.0;1432.0;1439.0
deu;residential_electricity_use_per_person;168.7;189.8;217.8;260.1;282.2;315.8;350.7;385.8;432.2;485.7;744.3;828.8;920.4;995.2;1059.0;1131.0;1224.0;1288.0;1391.0;1431.0;1469.0;1488.0;1511.0;1559.0;1635.0;1707.0;1730.0;1800.0;1746.0;1733.0;1727.0;1528.0;1524.0;1554.0;1530.0;1558.0;1638.0;1595.0;1591.0;1600.0;1588.0;1629.0;1658.0;1688.0;1704.0;1714.0;1717.0;1701.0;1694.0
dnk;residential_electricity_use_per_person;;;;;;;;;;;;;;1314.0;1242.0;1299.0;1321.0;1356.0;1425.0;1501.0;1453.0;1440.0;1450.0;1572.0;1656.0;1787.0;1871.0;1944.0;1939.0;1929.0;1881.0;1967.0;1974.0;1992.0;2004.0;1968.0;2014.0;1953.0;1936.0;1933.0;1914.0;1897.0;1896.0;1903.0;1909.0;1924.0;1940.0;1893.0;1884.0
dom;residential_electricity_use_per_person;;;;;;;;;;;;169.4;224.6;235.2;222.1;246.5;231.5;254.4;244.0;284.5;265.5;269.3;200.8;202.0;219.9;264.6;257.1;278.0;275.5;241.3;351.6;377.3;404.9;381.8;395.9;374.2;458.1;454.4;470.5;473.9;510.5;333.4;366.5;505.5;509.3;466.1;453.9;468.3;457.6
dza;residential_electricity_use_per_person;;;;;;;;;;;;27.0;29.54;33.63;36.74;39.35;45.4;48.69;55.08;59.75;56.43;59.83;74.19;79.46;95.61;104.4;168.7;180.4;192.7;213.5;241.4;250.0;270.7;264.8;276.5;283.7;295.1;293.8;324.8;352.8;372.7;390.1;409.8;451.5;465.5;532.7;504.2;531.6;590.5
ecu;residential_electricity_use_per_person;;;;;;;;;;;;49.71;54.15;54.91;59.93;80.05;84.85;96.19;106.8;114.8;130.7;137.1;144.5;155.6;151.5;154.0;152.6;174.3;172.2;171.3;181.3;191.6;198.8;200.4;216.6;225.0;247.9;272.8;280.3;238.5;223.5;228.1;239.6;254.7;267.4;277.0;287.6;298.3;314.8
egy;residential_electricity_use_per_person;;;;;;;;;;;;59.4;58.76;57.93;65.04;72.27;79.99;90.44;91.47;97.58;107.0;115.1;120.1;144.8;159.9;176.8;190.1;205.1;211.8;223.6;235.4;243.3;242.8;250.1;257.3;265.8;264.4;271.0;294.4;316.0;334.1;357.1;378.1;399.2;411.4;437.5;464.0;501.8;536.8
eri;residential_electricity_use_per_person;;;;;;;;;;;;;;;;;;;;;;;;;;;;;;;;;9.815;8.282;8.388;9.331;10.7;12.08;13.63;14.13;14.0;15.83;17.67;19.02;20.2;20.99;19.64;20.38;20.29
esp;residential_electricity_use_per_person;64.14;74.99;77.3;92.32;92.11;102.6;127.4;164.3;192.1;225.4;262.1;266.5;291.8;311.6;323.8;348.8;392.1;395.6;433.7;476.6;522.0;539.8;534.4;571.5;611.8;603.5;643.0;683.1;693.4;752.9;767.8;783.0;794.3;816.8;876.2;905.5;942.7;1006.0;1045.0;1138.0;1090.0;1240.0;1261.0;1349.0;1441.0;1552.0;1751.0;1764.0;1780.0
est;residential_electricity_use_per_person;;;;;;;;;;;;;;;;;;;;;;;;;;;;;;;592.1;724.7;804.7;734.3;865.6;737.8;864.4;852.7;963.1;980.9;1063.0;1157.0;1165.0;1180.0;1206.0;1216.0;1265.0;1348.0;1411.0
eth;residential_electricity_use_per_person;;;;;;;;;;;;3.19;2.8280000000000003;2.7039999999999997;2.702;2.699;2.78;2.8310000000000004;3.153;3.534;4.191;4.238;4.461;4.618;4.8919999999999995;5.308;5.209;4.652;5.74;5.626;6.412000000000001;7.261;7.777;8.177999999999999;8.754;9.361;9.576;9.507;8.4;7.882999999999999;8.04;5.957999999999999;8.7;9.251;9.969;10.53;13.07;14.6;15.06
fin;residential_electricity_use_per_person;161.0;164.1;193.7;218.7;238.1;267.4;297.6;325.5;379.4;441.5;580.6;799.3;930.6;1076.0;1095.0;1174.0;1370.0;1436.0;1554.0;1627.0;1686.0;1756.0;1862.0;1946.0;2132.0;2486.0;2548.0;2796.0;2695.0;2720.0;2928.0;3120.0;3146.0;3221.0;3340.0;3185.0;3367.0;3394.0;3525.0;3578.0;3510.0;3741.0;3841.0;3921.0;3906.0;3940.0;4042.0;4103.0;4037.0
fra;residential_electricity_use_per_person;165.4;178.1;199.1;224.9;265.0;257.6;282.1;310.4;343.1;379.3;417.0;457.2;514.5;578.5;629.5;723.5;814.2;894.2;1010.0;1086.0;1143.0;1188.0;1240.0;1371.0;1453.0;1555.0;1618.0;1677.0;1635.0;1658.0;1708.0;1872.0;1910.0;1934.0;1921.0;1872.0;2064.0;2032.0;2092.0;2148.0;2168.0;2245.0;2220.0;2353.0;2435.0;2384.0;2417.0;2387.0;2540.0
gab;residential_electricity_use_per_person;;;;;;;;;;;;165.5;;157.0;147.4;135.9;139.6;155.8;151.5;156.4;231.3;369.7;378.1;485.6;385.2;468.5;442.5;444.2;437.1;217.8;249.6;241.8;235.4;230.2;368.3;377.3;402.1;413.9;423.8;436.1;416.1;425.9;438.0;441.0;439.5;450.5;474.5;495.0;537.1
gbr;residential_electricity_use_per_person;643.2;724.3;857.5;975.5;970.3;1054.0;1095.0;1135.0;1207.0;1302.0;1388.0;1443.0;1550.0;1625.0;1648.0;1587.0;1515.0;1529.0;1528.0;1595.0;1529.0;1498.0;1470.0;1472.0;1486.0;1559.0;1617.0;1637.0;1616.0;1610.0;1632.0;1701.0;1719.0;1732.0;1742.0;1750.0;1834.0;1777.0;1854.0;1861.0;1879.0;1932.0;1912.0;1927.0;1917.0;1933.0;1922.0;1893.0;1934.0
geo;residential_electricity_use_per_person;;;;;;;;;;;;;;;;;;;;;;;;;;;;;;;534.9;495.1;504.1;562.5;566.8;919.8;464.2;531.1;608.5;573.9;557.5;542.9;526.9;569.0;601.1;633.2;583.0;601.9;617.9
gha;residential_electricity_use_per_person;;;;;;;;;;;;18.09;19.89;22.39;30.39;40.03;47.91;51.54;52.71;54.43;54.02;57.09;53.08;48.15;42.49;40.76;44.21;49.13;49.36;53.7;58.78;64.86;75.51;81.46;85.58;92.04;105.8;80.26;64.94;82.89;81.92;85.27;88.67;89.74;93.67;90.51;93.95;91.61;97.25
gib;residential_electricity_use_per_person;;;;;;;;;;;;895.9;866.0;849.5;866.1;851.1;875.7;899.8;931.8;922.8;923.8;942.9;956.4;974.1;993.3;1004.0;1037.0;1028.0;1121.0;1142.0;1137.0;1141.0;1206.0;;;;;;;;;;;;;;;;
grc;residential_electricity_use_per_person;66.54;75.15;84.77;97.66;112.6;128.2;146.4;162.4;173.8;202.1;226.4;259.5;301.2;343.9;335.0;369.3;409.0;445.9;506.9;537.2;586.7;606.9;645.2;688.0;732.5;774.6;784.6;856.4;878.5;911.7;896.0;977.1;1028.0;1010.0;1048.0;1101.0;1169.0;1183.0;1216.0;1280.0;1346.0;1375.0;1488.0;1548.0;1583.0;1582.0;1654.0;1678.0;1691.0
gtm;residential_electricity_use_per_person;;;;;;;;;;;;31.7;40.01;42.26;44.76;52.26;56.39;63.66;68.54;63.46;72.73;70.4;70.22;71.5;72.86;72.29;76.44;71.94;66.96;76.35;80.13;82.17;90.04;94.98;99.34;103.1;104.3;107.6;111.9;124.9;130.5;130.5;126.3;175.5;183.3;184.5;184.8;185.5;187.3
hkg;residential_electricity_use_per_person;;;;;;;;;;;;261.6;289.9;313.9;322.5;347.9;365.3;420.7;438.0;425.7;461.7;467.9;486.7;555.2;556.6;586.4;644.0;697.4;775.7;838.0;929.9;994.3;1035.0;1128.0;1183.0;1208.0;1269.0;1238.0;1392.0;1322.0;1345.0;1358.0;1372.0;1402.0;1383.0;1442.0;1418.0;1450.0;1469.0
hnd;residential_electricity_use_per_person;;;;;;;;;;;;47.63;49.92;52.97;64.75;68.25;74.82;87.08;91.24;105.2;62.03;67.76;71.96;74.31;74.02;80.97;80.47;85.1;89.74;93.69;104.8;109.5;110.7;120.5;113.1;141.4;152.1;167.7;184.0;190.0;209.6;219.4;224.2;225.1;236.6;246.0;246.7;275.7;278.7
hrv;residential_electricity_use_per_person;;;;;;;;;;;;;;;;;;;;;;;;;;;;;;;990.6;982.6;900.9;924.4;933.2;1028.0;1097.0;1168.0;1192.0;1303.0;1299.0;1253.0;1329.0;1266.0;1351.0;1409.0;1451.0;1423.0;1494.0
hti;residential_electricity_use_per_person;;;;;;;;;;;;10.1;10.01;9.911;12.12;16.78;14.18;19.15;18.99;18.83;23.07;24.08;25.4;24.35;24.24;25.01;22.36;24.15;24.83;26.48;25.31;20.4;17.23;15.99;9.913;16.18;17.08;11.72;16.48;17.86;15.88;15.56;12.23;11.97;13.22;13.18;13.12;10.12;9.192
hun;residential_electricity_use_per_person;;;;;;97.62;110.6;124.1;138.9;155.5;175.8;197.3;223.0;244.6;274.2;302.6;339.4;375.1;428.6;468.2;468.8;503.5;551.1;598.4;656.7;694.7;710.3;766.7;788.0;832.4;886.1;942.6;1016.0;941.4;954.6;950.7;978.7;954.8;977.1;966.8;966.1;1002.0;1036.0;1100.0;1100.0;1111.0;1147.0;1130.0;1154.0
idn;residential_electricity_use_per_person;;;;;;;;;;;;7.867000000000001;8.164;8.523;8.98;9.657;10.41;11.43;13.38;16.12;15.68;18.68;22.0;26.15;28.12;30.05;33.03;36.66;40.95;40.6;48.14;55.17;61.34;68.11;76.66;93.06;99.26;114.0;123.4;131.9;148.2;159.8;161.1;166.7;186.7;188.5;198.0;211.7;222.0
ind;residential_electricity_use_per_person;;;;;;;;;;;;7.415;7.601;8.01;8.725;9.592;10.22;10.76;11.69;12.66;13.62;15.09;17.08;18.31;20.99;22.86;25.07;28.08;30.58;35.99;38.13;41.89;45.56;48.66;52.78;55.82;58.62;62.94;66.65;71.12;75.06;77.87;80.62;85.5;89.83;92.67;101.4;108.9;110.7
irl;residential_electricity_use_per_person;344.0;362.3;407.8;423.2;459.9;490.0;519.2;545.9;615.0;650.9;721.1;769.4;811.2;842.9;868.2;824.1;881.9;932.0;990.8;1084.0;1057.0;1034.0;1037.0;1055.0;1064.0;1118.0;1149.0;1196.0;1192.0;1233.0;1181.0;1233.0;1295.0;1310.0;1344.0;1373.0;1436.0;1452.0;1487.0;1603.0;1682.0;1755.0;1696.0;1776.0;1851.0;1871.0;1990.0;1963.0;2052.0
irn;residential_electricity_use_per_person;;;;;;;;;;;;33.03;39.79;45.2;49.99;60.95;76.22;91.28;103.6;123.8;138.4;140.6;170.7;197.6;216.0;233.7;247.0;263.5;262.5;287.9;304.1;323.6;323.1;364.8;369.2;379.3;384.3;418.9;447.2;458.4;476.3;495.2;522.4;565.5;601.0;649.9;700.2;731.2;753.2
irq;residential_electricity_use_per_person;;;;;;;;;;;;150.4;150.6;176.8;173.7;195.8;220.9;198.5;235.7;294.3;343.3;350.3;384.7;482.8;561.0;584.1;599.6;622.2;;;;;;;;;;;;;;;;;;;;;
isl;residential_electricity_use_per_person;961.2;1034.0;1082.0;1154.0;1123.0;1222.0;1294.0;1248.0;1168.0;1188.0;1333.0;1446.0;1515.0;1672.0;1932.0;2170.0;2294.0;2394.0;2697.0;2849.0;2845.0;2934.0;2872.0;2274.0;1963.0;1873.0;1844.0;2154.0;2249.0;2232.0;2258.0;2013.0;2093.0;2140.0;2090.0;2090.0;2093.0;2132.0;2055.0;2096.0;2157.0;2135.0;2212.0;2103.0;2286.0;2326.0;2663.0;2740.0;2826.0
isr;residential_electricity_use_per_person;;;;;;;;;;;;559.7;633.5;682.5;661.8;696.6;733.3;759.0;796.8;796.9;798.8;762.5;833.4;884.1;829.6;857.8;870.3;953.5;1133.0;1191.0;1179.0;1180.0;1395.0;1388.0;1485.0;1530.0;1594.0;1713.0;1800.0;1775.0;1980.0;1989.0;2111.0;2161.0;2181.0;2186.0;2254.0;2342.0;2342.0
ita;residential_electricity_use_per_person;127.7;139.8;158.8;184.2;208.1;233.8;254.4;275.4;299.4;329.9;361.5;425.8;447.6;479.7;495.0;498.5;536.5;565.0;608.1;645.6;670.4;687.8;726.7;724.7;765.6;784.6;805.5;848.6;868.4;898.6;929.4;963.7;980.8;989.4;997.5;999.6;1011.0;1018.0;1030.0;1054.0;1059.0;1064.0;1087.0;1121.0;1147.0;1153.0;1164.0;1156.0;1176.0
jam;residential_electricity_use_per_person;;;;;;;;;;;;112.9;141.7;144.4;143.9;155.9;162.2;160.9;161.1;149.5;142.7;139.5;143.2;158.3;159.1;146.7;158.0;179.3;174.3;200.2;223.6;226.0;225.4;236.0;253.7;305.4;312.7;320.0;331.3;339.6;341.1;400.8;414.0;411.8;398.6;404.7;397.8;410.8;368.4
jor;residential_electricity_use_per_person;;;;;;;;;;;;;;;;51.04;62.05;67.1;74.76;108.3;138.7;155.3;191.8;221.0;238.5;249.3;257.4;267.1;281.6;278.3;268.0;255.4;277.8;299.2;322.7;338.5;358.0;359.7;379.9;379.0;396.4;409.5;471.1;490.5;524.0;553.1;618.2;663.7;719.5
jpn;residential_electricity_use_per_person;173.3;202.3;239.0;277.9;321.0;363.1;409.9;466.2;507.1;613.6;678.6;591.0;657.1;728.6;716.2;788.9;841.7;891.1;967.6;999.4;994.0;1031.0;1078.0;1151.0;1184.0;1223.0;1239.0;1308.0;1359.0;1435.0;1491.0;1548.0;1597.0;1637.0;1765.0;1834.0;1854.0;1878.0;1938.0;1990.0;2036.0;2027.0;2093.0;2057.0;2152.0;2222.0;2194.0;2283.0;2258.0
kaz;residential_electricity_use_per_person;;;;;;;;;;;;;;;;;;;;;;;;;;;;;;;;;;480.1;490.2;427.3;386.2;350.8;354.8;362.4;317.0;350.2;354.2;375.7;386.5;410.3;440.6;455.4;484.1
ken;residential_electricity_use_per_person;;;;;;;;;;;;15.22;15.94;16.11;16.38;17.42;16.85;17.11;17.91;28.69;28.05;29.26;28.99;29.32;30.03;30.26;29.01;35.43;33.54;32.21;33.4;34.12;35.06;35.92;36.97;30.01;30.62;32.1;33.21;30.16;26.68;29.33;31.26;32.65;33.96;35.27;38.44;41.99;41.18
kgz;residential_electricity_use_per_person;;;;;;;;;;;;;;;;;;;;;;;;;;;;;;;225.0;215.8;375.3;567.1;418.2;421.5;370.0;339.9;340.0;405.2;484.7;370.2;346.7;481.2;490.1;573.1;624.8;532.6;428.3
khm;residential_electricity_use_per_person;;;;;;;;;;;;;;;;;;;;;;;;;;;;;;;;;;;;6.205;10.57;13.41;15.4;13.48;17.09;18.83;20.35;20.44;24.41;28.02;34.08;43.38;51.58
kor;residential_electricity_use_per_person;;;;;;;;;;;;29.41;34.6;45.41;49.13;57.44;66.66;79.85;105.7;132.7;139.5;153.3;167.8;194.0;216.8;236.1;249.9;275.4;314.4;357.6;413.8;449.8;497.7;540.0;593.1;625.4;670.2;704.3;706.6;736.3;783.7;822.2;881.5;924.9;1004.0;1046.0;1076.0;1105.0;1142.0
kwt;residential_electricity_use_per_person;;;;;;;;;;;;2131.0;2198.0;2283.0;2363.0;2454.0;2352.0;2544.0;2749.0;3241.0;3070.0;3457.0;3941.0;3928.0;4184.0;4413.0;4693.0;4495.0;4562.0;4620.0;4389.0;6716.0;8118.0;7945.0;7777.0;7615.0;7455.0;7306.0;7176.0;7061.0;6935.0;7140.0;7317.0;7276.0;7577.0;8216.0;8259.0;8160.0;8363.0
lbn;residential_electricity_use_per_person;;;;;;;;;;;;;;;;;;;;;;;;;;;;;;;;;;548.6;598.8;765.4;1086.0;889.3;838.0;821.4;836.6;840.9;898.3;917.1;893.1;896.1;854.8;871.8;913.8
lby;residential_electricity_use_per_person;;;;;;;;;;;;98.22;104.4;199.0;226.0;284.5;342.9;418.2;483.1;569.3;543.9;520.4;498.6;478.5;460.0;453.6;601.0;731.2;781.1;759.0;738.3;739.3;759.2;763.2;727.5;707.0;677.8;876.9;1178.0;1136.0;1166.0;1280.0;670.3;679.3;717.0;1229.0;1364.0;1174.0;846.0
lka;residential_electricity_use_per_person;;;;;;;;;;;;21.45;17.44;18.73;18.89;19.77;21.17;21.89;24.43;28.27;32.02;34.72;39.79;41.24;47.32;50.13;50.88;53.66;33.05;30.94;38.28;39.17;40.04;46.35;45.98;71.14;69.44;79.43;88.02;96.43;107.1;109.8;110.2;121.4;130.6;142.9;151.5;156.4;161.1
ltu;residential_electricity_use_per_person;;;;;;;;;;;;;;;;;;;;;;;;;;;;;;;477.0;496.0;485.5;422.1;418.9;420.4;437.9;469.5;476.2;515.6;483.6;498.8;498.5;523.6;572.7;595.4;655.5;689.3;758.9
lux;residential_electricity_use_per_person;156.1;157.8;174.6;185.2;198.4;250.4;287.6;340.3;387.1;468.2;495.4;537.5;565.6;622.2;704.3;794.1;887.2;982.3;1088.0;1182.0;1276.0;1396.0;1436.0;1449.0;1516.0;1580.0;1637.0;1677.0;1664.0;1674.0;1502.0;1553.0;1567.0;1623.0;1608.0;1614.0;1591.0;1506.0;1545.0;1524.0;1493.0;1491.0;1482.0;1500.0;1567.0;1554.0;1575.0;1560.0;1566.0
lva;residential_electricity_use_per_person;;;;;;;;;;;;;;;;;;;;;;;;;;;;;;;482.9;490.0;452.7;336.4;376.5;466.7;444.3;444.3;460.5;479.3;500.5;525.5;562.9;611.8;636.2;686.5;759.8;794.0;904.7
mar;residential_electricity_use_per_person;;;;;;;;;;;;29.74;34.04;34.07;35.14;35.63;37.53;40.83;44.58;47.17;51.22;52.71;60.56;64.23;63.36;67.95;69.37;75.92;80.38;82.39;86.95;96.12;104.4;106.8;116.3;120.7;122.5;126.5;132.4;133.6;137.6;128.4;135.1;146.8;155.6;170.0;184.4;194.0;209.1
mda;residential_electricity_use_per_person;;;;;;;;;;;;;;;;;;;;;;;;;;;;;;;393.4;415.4;395.3;414.7;377.2;417.2;438.2;397.9;377.9;275.8;275.2;323.2;285.1;335.0;353.8;379.4;394.8;289.1;304.9
mex;residential_electricity_use_per_person;;;;;;;;;;;;126.8;136.1;150.3;93.2;99.82;107.8;115.5;126.7;137.8;146.9;160.3;174.7;176.9;178.7;186.1;192.3;196.1;205.8;225.7;240.2;254.3;273.1;284.3;304.3;306.5;301.8;309.3;325.5;338.3;361.5;376.4;376.1;385.5;389.3;434.5;450.3;458.9;431.6
mlt;residential_electricity_use_per_person;;;;;;;;;;;;;;;;;;;;;;;;461.1;563.6;576.4;585.8;601.7;687.7;709.3;729.7;744.8;765.4;765.0;1023.0;1062.0;1140.0;1207.0;1297.0;1395.0;1434.0;1378.0;1449.0;1592.0;1550.0;1564.0;1647.0;1638.0;1599.0
mmr;residential_electricity_use_per_person;;;;;;;;;;;;4.156000000000001;4.3919999999999995;4.4830000000000005;4.9;4.876;5.916;6.789;7.364;7.931;8.152000000000001;7.791;9.229;9.644;10.37;11.13;11.69;12.65;12.95;14.59;15.84;16.39;18.9;21.55;23.57;24.33;24.67;27.91;25.88;25.01;29.0;27.58;31.39;35.03;35.73;31.14;35.95;32.44;38.01
mng;residential_electricity_use_per_person;;;;;;;;;;;;;;;;;;;;;;;;;;226.5;231.6;227.8;229.4;221.4;213.0;199.3;154.4;172.9;199.4;230.1;171.7;177.2;186.2;194.1;198.8;203.3;206.5;220.5;237.4;254.4;285.3;292.0;303.8
moz;residential_electricity_use_per_person;;;;;;;;;;;;18.03;17.64;20.03;23.63;19.75;21.73;20.04;21.2;12.85;12.89;12.78;17.16;13.31;10.29;11.49;13.39;14.04;14.46;16.28;17.54;19.97;19.15;20.86;17.64;17.33;15.94;18.31;19.82;21.79;22.07;24.38;22.41;21.92;23.45;27.47;29.31;28.87;31.39
mys;residential_electricity_use_per_person;;;;;;;;;;;;;;;;;;;;;;;;;;;;;;;;;;;;;;496.4;486.1;482.0;520.3;565.6;595.8;628.5;652.1;677.3;722.5;748.7;768.0
nga;residential_electricity_use_per_person;;;;;;;;;;;;11.08;11.87;13.74;15.89;17.71;22.55;25.72;34.55;29.32;31.08;38.47;41.33;42.3;37.89;42.02;52.63;50.35;46.4;53.26;44.62;44.27;46.49;54.44;51.2;49.04;43.82;41.93;40.24;39.59;38.77;39.37;64.36;62.47;76.02;80.02;59.41;74.74;74.06
nic;residential_electricity_use_per_person;;;;;;;;;;;;104.7;112.7;90.34;112.1;121.5;133.1;144.9;147.2;120.5;134.4;133.4;135.3;141.7;142.6;119.1;115.3;149.2;142.7;88.1;100.2;103.9;107.8;106.3;94.1;93.57;93.6;99.59;95.41;95.36;90.84;89.7;91.33;98.05;101.0;110.4;115.5;121.4;126.8
nld;residential_electricity_use_per_person;243.2;266.0;301.0;337.3;365.8;408.5;458.1;494.9;547.9;602.0;664.9;707.1;751.1;815.6;830.4;911.1;981.4;984.2;1030.0;1066.0;1071.0;1063.0;1048.0;1066.0;1099.0;1104.0;1112.0;1132.0;1050.0;1078.0;1104.0;1135.0;1153.0;1172.0;1203.0;1275.0;1288.0;1308.0;1325.0;1352.0;1371.0;1381.0;1415.0;1438.0;1442.0;1477.0;1506.0;1466.0;1490.0
nor;residential_electricity_use_per_person;2271.0;2342.0;2619.0;2821.0;2968.0;3170.0;3407.0;3453.0;3807.0;3722.0;3860.0;3764.0;3901.0;4030.0;4190.0;4404.0;4702.0;5040.0;5160.0;5488.0;5514.0;5824.0;6096.0;6244.0;6817.0;6964.0;7183.0;7219.0;6962.0;6831.0;7144.0;7654.0;7619.0;7605.0;7845.0;7945.0;8056.0;7714.0;7908.0;7853.0;7712.0;7947.0;7640.0;7031.0;7085.0;7405.0;7298.0;7553.0;7432.0
npl;residential_electricity_use_per_person;;;;;;;;;;;;3.8680000000000003;4.915;3.075;3.932;3.6910000000000003;5.222;5.456;5.882999999999999;6.49;5.2620000000000005;5.974;7.598;8.088;9.512;8.395;9.445;10.61;10.72;12.53;13.77;14.13;13.04;13.43;14.37;15.29;16.13;16.74;17.74;19.69;21.66;23.5;24.24;25.58;28.56;29.63;28.5;30.9;31.54
nzl;residential_electricity_use_per_person;1033.0;1096.0;1149.0;1265.0;1326.0;1434.0;1508.0;1523.0;2129.0;2192.0;2271.0;2370.0;2521.0;2486.0;2470.0;2696.0;2664.0;2627.0;2585.0;2500.0;2535.0;2595.0;2720.0;2767.0;2745.0;2754.0;2849.0;2841.0;2855.0;2940.0;3056.0;3084.0;2946.0;2952.0;2951.0;2988.0;3001.0;3000.0;2991.0;2974.0;2968.0;2995.0;2992.0;3051.0;3083.0;3017.0;3105.0;3025.0;2993.0
omn;residential_electricity_use_per_person;;;;;;;;;;;;7.477;12.06;24.52;47.5;77.76;128.6;187.2;205.0;249.3;322.7;391.0;468.2;548.1;654.1;779.0;956.1;983.9;1057.0;1062.0;1175.0;1188.0;1305.0;1444.0;1497.0;1467.0;1380.0;1422.0;1554.0;1547.0;1566.0;1612.0;1627.0;1651.0;1709.0;1586.0;1866.0;1921.0;2125.0
pak;residential_electricity_use_per_person;;;;;;;;;;;;9.41;9.161;8.93;10.15;11.41;12.34;14.44;16.19;20.71;27.66;30.5;35.24;39.86;47.01;51.25;57.29;64.72;72.9;77.88;81.71;88.49;109.7;115.0;124.2;133.1;134.4;138.3;139.5;150.6;155.6;154.4;154.0;165.6;173.4;189.2;201.1;199.1;186.9
pan;residential_electricity_use_per_person;;;;;;;;;;;;162.1;186.3;203.2;201.1;206.6;219.6;219.1;220.6;232.4;233.6;238.0;245.1;254.2;246.2;258.8;274.8;294.2;285.0;262.0;266.5;276.1;288.2;296.3;305.9;322.6;322.0;342.7;360.5;367.2;387.0;394.8;421.7;441.2;465.5;476.5;480.8;492.4;500.3
per;residential_electricity_use_per_person;;;;;;;;;;;;110.5;127.4;126.4;138.7;161.0;155.3;170.8;163.6;168.4;174.1;182.0;191.8;196.5;192.2;192.9;200.5;213.0;206.9;194.3;198.3;221.2;193.3;199.0;202.9;206.9;221.9;229.3;186.2;184.9;193.8;200.1;209.6;217.2;232.8;250.9;278.4;223.0;239.4
phl;residential_electricity_use_per_person;;;;;;;;;;;;;;;;34.22;34.96;37.91;52.82;49.71;57.67;65.61;67.15;72.98;75.03;78.25;60.3;78.36;83.18;82.18;87.22;95.0;90.11;92.83;103.9;114.7;124.7;139.7;155.9;152.0;161.7;166.5;165.3;181.5;184.6;182.5;177.0;179.8;179.6
pol;residential_electricity_use_per_person;67.74;73.53;79.61;78.55;78.17;83.92;91.76;100.3;108.6;117.5;127.4;138.2;151.5;164.5;182.2;204.5;230.9;246.2;262.8;281.2;301.3;338.8;348.6;326.6;383.4;401.0;417.3;452.3;470.9;495.1;530.4;528.3;493.9;473.4;472.4;468.3;497.7;511.6;525.4;538.0;544.3;553.3;560.8;643.9;660.5;655.1;686.9;684.7;704.4
prt;residential_electricity_use_per_person;51.02;56.04;61.88;68.06;74.12;82.06;86.2;93.72;102.5;115.9;134.6;157.4;171.0;186.0;202.4;216.6;243.8;268.2;290.1;312.9;335.0;357.8;380.0;372.8;412.4;449.9;473.2;495.3;515.2;571.5;596.7;665.4;684.8;714.0;738.1;781.4;835.8;829.5;859.2;926.2;973.1;1023.0;1091.0;1130.0;1181.0;1253.0;1264.0;1303.0;1259.0
pry;residential_electricity_use_per_person;;;;;;;;;;;;33.41;35.97;43.1;47.62;54.04;60.3;69.71;78.68;88.5;108.7;120.3;129.8;142.7;152.7;154.9;170.8;182.5;202.0;203.6;232.1;257.0;286.2;334.6;398.7;448.0;463.3;480.5;484.2;508.2;514.6;507.1;476.3;431.1;430.4;494.9;523.0;502.9;528.6
qat;residential_electricity_use_per_person;;;;;;;;;;;;;;;;;;;;;;;;;;4333.0;4001.0;3731.0;3514.0;4344.0;5102.0;5804.0;5970.0;6838.0;5647.0;4969.0;5660.0;5515.0;6243.0;5524.0;4717.0;3964.0;3260.0;2599.0;2557.0;3568.0;4015.0;4395.0;4759.0
rou;residential_electricity_use_per_person;;;;;;;;;;;;122.8;139.7;152.9;154.9;175.0;198.4;221.7;246.3;244.5;221.0;230.6;225.9;222.9;213.1;213.8;220.9;211.9;196.9;188.0;234.2;295.6;333.3;308.5;292.3;313.6;359.0;352.2;351.7;350.7;340.9;344.5;346.9;368.4;359.8;413.6;448.4;466.5;467.6
rus;residential_electricity_use_per_person;;;;;;;;;;;;;;;;;;;;;;;;;;;;;;;722.9;783.7;780.3;816.7;849.3;849.1;890.2;898.1;910.5;950.8;959.2;976.3;982.5;984.0;995.6;759.5;787.6;814.4;825.9
sau;residential_electricity_use_per_person;;;;;;;;;;;;;;;;;;;;;;;;1243.0;1342.0;1462.0;1508.0;1647.0;1666.0;1698.0;1803.0;1833.0;2006.0;2131.0;2122.0;2112.0;2098.0;2136.0;2334.0;2386.0;2422.0;2574.0;2672.0;2798.0;2845.0;2965.0;3184.0;3258.0;3434.0
sdn;residential_electricity_use_per_person;;;;;;;;;;;;4.09;4.454;6.617999999999999;8.993;9.406;8.933;9.062999999999999;9.43;9.302;11.7;11.57;14.24;13.01;23.16;24.18;30.5;29.04;21.83;20.94;27.35;24.23;24.84;24.31;25.1;25.52;24.73;20.65;17.52;28.11;21.7;29.3;37.29;37.47;32.24;38.3;41.69;45.03;50.89
sen;residential_electricity_use_per_person;;;;;;;;;;;;13.71;10.03;10.79;10.06;10.42;11.37;12.17;13.64;15.01;15.07;15.44;14.64;16.24;15.9;16.16;15.53;16.46;15.7;16.42;17.47;17.21;18.42;19.56;20.74;21.06;21.66;24.33;33.8;32.52;38.46;44.27;47.39;51.95;50.33;58.95;53.9;63.84;55.79
sgp;residential_electricity_use_per_person;;;;;;;;;;;;218.7;242.1;262.7;250.7;284.2;309.7;335.1;395.6;396.5;420.1;431.2;440.1;488.3;487.1;531.8;569.2;618.8;649.8;658.1;785.1;845.4;892.7;938.8;1011.0;1082.0;1134.0;1246.0;1365.0;1347.0;1419.0;1453.0;1513.0;1522.0;1499.0;1525.0;1506.0;1498.0;1465.0
slv;residential_electricity_use_per_person;;;;;;;;;;;;69.28;68.07;80.72;84.61;90.16;96.07;104.6;114.9;122.5;84.11;84.84;89.4;96.67;100.5;102.3;107.6;114.0;120.1;123.6;127.7;136.4;142.2;156.3;166.9;180.5;186.5;198.7;203.4;227.2;215.0;214.2;216.1;204.4;265.5;229.0;232.5;234.1;256.1
srb;residential_electricity_use_per_person;;;;;;;;;;;;;;;;;;;;;;;;;;;;;;;1141.0;1259.0;1221.0;1554.0;1596.0;1581.0;1602.0;1690.0;1656.0;1531.0;1611.0;1613.0;1612.0;1613.0;1347.0;1401.0;1387.0;1373.0;1388.0
svk;residential_electricity_use_per_person;;;;;;;;;;;;296.3;311.2;332.8;345.4;342.6;359.2;376.2;382.3;419.8;480.4;485.8;509.0;523.0;542.3;573.3;591.9;618.3;634.8;685.2;699.0;720.0;698.0;777.2;840.0;932.4;1015.0;1023.0;1038.0;1051.0;1004.0;966.4;953.4;930.5;888.3;865.7;841.6;844.9;830.7
svn;residential_electricity_use_per_person;;;;;;;;;;;;;;;;;;;;;;;;;;;;;;;1122.0;1214.0;1203.0;1245.0;1292.0;1275.0;1310.0;1334.0;1338.0;1187.0;1294.0;1330.0;1345.0;1496.0;1498.0;1468.0;1520.0;1504.0;1585.0
swe;residential_electricity_use_per_person;476.0;489.4;518.5;528.7;615.0;739.5;837.0;950.0;1089.0;1093.0;1415.0;1631.0;1828.0;1935.0;1877.0;2116.0;2443.0;2597.0;2724.0;2916.0;3095.0;3272.0;3507.0;3786.0;4041.0;4754.0;4761.0;4829.0;4560.0;4457.0;4430.0;4753.0;4613.0;4772.0;4815.0;4775.0;4873.0;4786.0;4774.0;4509.0;4710.0;4719.0;4633.0;4683.0;4605.0;4740.0;4602.0;4390.0;4305.0
syr;residential_electricity_use_per_person;;;;;;;;;;;;48.48;50.3;50.36;59.99;72.16;84.89;95.32;112.0;139.8;152.4;173.1;205.1;239.2;257.4;265.7;249.3;243.0;281.6;331.6;327.5;332.5;372.4;368.3;376.9;370.0;397.7;412.1;435.3;460.5;480.1;518.0;562.6;588.5;668.1;688.1;779.7;796.0;815.0
tgo;residential_electricity_use_per_person;;;;;;;;;;;;28.37;27.24;24.24;31.59;32.23;30.16;45.49;51.63;32.64;27.01;28.57;31.77;28.85;33.5;33.7;33.18;35.2;35.19;37.22;38.81;36.69;38.43;30.06;34.67;33.29;30.55;37.5;35.47;43.0;45.22;47.08;53.45;53.39;60.9;58.9;60.93;58.59;66.24
tha;residential_electricity_use_per_person;;;;;;;;;;;;20.81;26.08;37.13;31.09;35.25;39.94;45.45;53.87;59.53;63.91;66.1;74.38;84.29;93.66;100.6;111.2;116.0;116.5;129.1;146.6;163.7;181.1;207.9;221.9;248.5;269.5;293.4;310.1;297.2;314.8;338.1;352.1;371.5;388.2;399.1;417.9;431.0;439.6
tjk;residential_electricity_use_per_person;;;;;;;;;;;;;;;;;;;;;;;;;;;;;;;243.8;200.7;212.3;244.0;303.6;344.0;332.1;391.1;466.0;513.7;504.8;437.2;491.9;439.1;438.4;441.6;437.2;428.8;405.8
tkm;residential_electricity_use_per_person;;;;;;;;;;;;;;;;;;;;;;;;;;;;;;;278.2;273.9;277.6;326.0;263.8;256.3;235.7;192.0;253.1;228.1;271.4;281.6;278.8;276.2;299.4;316.3;330.6;353.8;351.2
tto;residential_electricity_use_per_person;;;;;;;;;;;;166.4;183.6;202.1;214.0;233.4;261.4;299.4;355.3;387.8;437.5;525.6;569.8;650.5;713.8;680.0;699.1;715.3;713.6;695.8;712.8;702.9;765.6;797.1;779.1;868.5;886.4;885.8;970.7;1024.0;1110.0;1158.0;1199.0;1382.0;1339.0;1483.0;1584.0;2176.0;2261.0
tun;residential_electricity_use_per_person;;;;;;;;;;;;28.1;31.31;35.02;38.7;44.89;49.5;56.13;62.92;68.96;76.53;84.34;86.29;93.75;90.35;105.1;110.6;118.6;117.4;125.3;133.4;142.4;155.8;171.7;183.7;195.2;201.9;218.0;220.4;218.7;229.1;249.4;257.2;277.2;274.9;283.4;291.7;297.7;325.8
tur;residential_electricity_use_per_person;16.31;17.26;18.87;20.0;22.8;24.14;24.76;28.65;31.06;36.34;41.4;41.01;41.08;36.13;37.84;46.69;55.84;63.07;68.14;72.4;77.56;79.31;81.28;83.11;86.89;98.28;109.4;123.1;141.1;150.2;161.6;189.6;197.4;212.1;223.4;236.9;264.5;293.7;313.4;348.5;363.8;354.3;350.1;370.0;401.0;444.2;489.6;512.7;550.7
twn;residential_electricity_use_per_person;;;;;;;;;;;;183.5;202.6;226.4;237.4;271.9;308.4;338.5;382.3;403.0;401.1;400.7;426.2;478.2;493.4;524.0;551.3;602.8;691.5;733.7;808.6;889.9;932.3;1043.0;1104.0;1190.0;1286.0;1287.0;1510.0;1479.0;1560.0;1599.0;1657.0;1730.0;1740.0;1848.0;1844.0;1861.0;1832.0
tza;residential_electricity_use_per_person;;;;;;;;;;;;9.062999999999999;9.589;10.07;10.14;10.28;10.53;10.57;10.37;11.12;11.12;11.42;10.84;10.33;10.55;11.07;12.41;12.55;13.81;13.83;17.75;17.33;20.79;19.83;20.49;22.4;30.85;33.34;33.66;34.93;36.06;30.98;32.38;29.93;32.25;24.48;23.26;37.24;38.63
ukr;residential_electricity_use_per_person;;;;;;;;;;;;;;;;;;;;;;;;;;;;;;;333.1;386.6;638.1;670.6;673.6;701.8;647.6;622.0;620.2;642.7;614.8;445.3;452.8;484.8;512.2;554.7;592.6;608.5;673.6
ury;residential_electricity_use_per_person;;;;;;;;;;;;320.6;300.8;307.4;292.5;306.2;326.2;348.1;370.4;364.6;398.7;440.5;460.5;470.7;461.3;469.5;479.4;518.0;558.6;504.9;512.7;565.7;605.6;679.1;691.9;720.7;740.3;754.4;789.5;841.8;871.1;864.7;831.8;772.0;773.0;789.1;792.7;846.3;823.8
usa;residential_electricity_use_per_person;1113.0;1165.0;1249.0;1327.0;1418.0;1498.0;1613.0;1711.0;1904.0;2107.0;2273.0;2383.0;2677.0;2734.0;2704.0;2724.0;2782.0;2930.0;3031.0;3035.0;3151.0;3141.0;3143.0;3206.0;3291.0;3329.0;3398.0;3500.0;3642.0;3662.0;3695.0;3770.0;3644.0;3823.0;3829.0;3912.0;4015.0;3943.0;4085.0;4100.0;4224.0;4220.0;4399.0;4395.0;4410.0;4597.0;4529.0;4624.0;4543.0
uzb;residential_electricity_use_per_person;;;;;;;;;;;;;;;;;;;;;;;;;;;;;;;171.8;197.4;286.6;321.1;306.6;295.6;306.9;299.7;293.8;286.7;291.7;286.2;288.8;284.6;283.1;274.3;279.1;263.7;261.4
ven;residential_electricity_use_per_person;;;;;;;;;;;;187.8;198.2;211.7;224.1;242.3;272.2;304.0;349.2;386.2;430.1;463.2;479.3;503.4;488.8;458.6;443.0;474.6;525.3;514.0;491.7;539.1;597.9;649.4;603.1;575.0;582.3;604.1;632.7;648.3;644.9;667.1;683.6;673.9;679.5;736.0;797.9;826.6;969.0
vnm;residential_electricity_use_per_person;;;;;;;;;;;;;;;;;;;;;17.39;17.4;18.35;19.03;21.11;23.45;25.77;28.51;30.48;38.87;34.25;34.85;36.34;43.25;54.66;69.21;83.79;97.09;116.8;126.2;141.0;160.2;180.0;195.5;220.5;233.1;256.5;275.4;302.7
yem;residential_electricity_use_per_person;;;;;;;;;;;;;;;;;;;;;10.73;12.46;14.91;15.7;17.8;22.87;26.22;26.57;32.96;41.22;48.82;55.74;62.1;67.85;73.23;77.2;74.46;78.05;80.92;81.59;84.8;88.52;94.45;100.8;104.5;96.51;115.7;122.7;130.1
zaf;residential_electricity_use_per_person;;;;;;;;;;;;346.6;350.5;377.5;387.9;387.1;395.8;416.7;421.4;432.6;462.3;488.6;469.5;450.9;473.1;478.7;502.9;519.8;532.8;572.6;584.7;588.9;485.4;530.2;536.7;583.4;698.6;717.3;696.2;674.7;651.0;781.8;684.7;766.2;815.3;833.9;897.9;936.0;920.1
zmb;residential_electricity_use_per_person;;;;;;;;;;;;77.93;81.23;85.31;88.63;86.74;88.23;82.25;79.7;78.11;76.68;79.54;76.89;74.18;70.25;66.83;70.93;73.72;93.06;63.98;73.05;73.4;73.39;86.13;93.31;111.4;114.5;119.7;109.6;110.4;113.0;117.3;122.9;127.6;132.5;136.3;144.3;168.9;168.6
zwe;residential_electricity_use_per_person;;;;;;;;;;;;114.5;118.8;122.0;125.9;129.3;131.0;127.8;129.0;129.2;129.5;133.4;129.4;116.9;112.4;142.8;144.0;141.0;142.6;146.7;150.1;148.1;146.9;143.0;145.6;150.5;162.6;174.6;181.9;191.5;197.1;198.4;208.6;227.3;238.7;284.7;282.8;299.3;297.9
