星期,營運日,總 運 量 (單位：人次)
四,2015-01-01,1796950.0
五,2015-01-02,1830184.0
六,2015-01-03,1802037.0
日,2015-01-04,1585463.0
一,2015-01-05,1915326.0
二,2015-01-06,1945591.0
三,2015-01-07,1965860.0
四,2015-01-08,1987913.0
五,2015-01-09,2163929.0
六,2015-01-10,1897089.0
日,2015-01-11,1551238.0
一,2015-01-12,1935793.0
二,2015-01-13,1954358.0
三,2015-01-14,1969032.0
四,2015-01-15,2003565.0
五,2015-01-16,2212934.0
六,2015-01-17,1884434.0
日,2015-01-18,1631624.0
一,2015-01-19,1913736.0
二,2015-01-20,2012293.0
三,2015-01-21,1976113.0
四,2015-01-22,1992942.0
五,2015-01-23,2142013.0
六,2015-01-24,1901482.0
日,2015-01-25,1596872.0
一,2015-01-26,1904495.0
二,2015-01-27,2055511.0
三,2015-01-28,2022619.0
四,2015-01-29,2041400.0
五,2015-01-30,2148037.0
六,2015-01-31,1951006.0
日,2015-02-01,1674182.0
一,2015-02-02,1964993.0
二,2015-02-03,2043308.0
三,2015-02-04,2037181.0
四,2015-02-05,2070304.0
五,2015-02-06,2217979.0
六,2015-02-07,1971770.0
日,2015-02-08,1677919.0
一,2015-02-09,2023553.0
二,2015-02-10,2152075.0
三,2015-02-11,2174660.0
四,2015-02-12,2191011.0
五,2015-02-13,2310343.0
六,2015-02-14,1972064.0
日,2015-02-15,1636321.0
一,2015-02-16,2007257.0
二,2015-02-17,1761184.0
三,2015-02-18,751526.0
四,2015-02-19,1342552.0
五,2015-02-20,1356261.0
六,2015-02-21,1678593.0
日,2015-02-22,1653840.0
一,2015-02-23,1578871.0
二,2015-02-24,1980871.0
三,2015-02-25,2037969.0
四,2015-02-26,2152779.0
五,2015-02-27,2031991.0
六,2015-02-28,2081276.0
日,2015-03-01,1715067.0
一,2015-03-02,1994187.0
二,2015-03-03,2054679.0
三,2015-03-04,2074934.0
四,2015-03-05,2081005.0
五,2015-03-06,2303705.0
六,2015-03-07,2165069.0
日,2015-03-08,1856581.0
一,2015-03-09,1976908.0
二,2015-03-10,2043045.0
三,2015-03-11,2074794.0
四,2015-03-12,2089203.0
五,2015-03-13,2277913.0
六,2015-03-14,2130819.0
日,2015-03-15,1752420.0
一,2015-03-16,1986568.0
二,2015-03-17,2023027.0
三,2015-03-18,2074299.0
四,2015-03-19,2074453.0
五,2015-03-20,2261770.0
六,2015-03-21,1996906.0
日,2015-03-22,1642602.0
一,2015-03-23,1955818.0
二,2015-03-24,2027070.0
三,2015-03-25,2075806.0
四,2015-03-26,2102538.0
五,2015-03-27,2306849.0
六,2015-03-28,2042943.0
日,2015-03-29,1723325.0
一,2015-03-30,1962335.0
二,2015-03-31,2001689.0
三,2015-04-01,2048305.0
四,2015-04-02,2158720.0
五,2015-04-03,1769724.0
六,2015-04-04,1674820.0
日,2015-04-05,1510349.0
一,2015-04-06,1579297.0
二,2015-04-07,1983465.0
三,2015-04-08,2028915.0
四,2015-04-09,2061803.0
五,2015-04-10,2275422.0
六,2015-04-11,1966373.0
日,2015-04-12,1656018.0
一,2015-04-13,1968264.0
二,2015-04-14,2003426.0
三,2015-04-15,2025021.0
四,2015-04-16,2014753.0
五,2015-04-17,2188779.0
六,2015-04-18,1958707.0
日,2015-04-19,1618031.0
一,2015-04-20,1929198.0
二,2015-04-21,1954680.0
三,2015-04-22,1997117.0
四,2015-04-23,2000629.0
五,2015-04-24,2201347.0
六,2015-04-25,2016736.0
日,2015-04-26,1693935.0
一,2015-04-27,1941963.0
二,2015-04-28,1984661.0
三,2015-04-29,2019740.0
四,2015-04-30,2102457.0
五,2015-05-01,2017620.0
六,2015-05-02,1985334.0
日,2015-05-03,1708675.0
一,2015-05-04,2021378.0
二,2015-05-05,2036682.0
三,2015-05-06,2022455.0
四,2015-05-07,2032029.0
五,2015-05-08,2224602.0
六,2015-05-09,1850816.0
日,2015-05-10,1514055.0
一,2015-05-11,1936196.0
二,2015-05-12,1979123.0
三,2015-05-13,1991817.0
四,2015-05-14,2000535.0
五,2015-05-15,2247198.0
六,2015-05-16,1997653.0
日,2015-05-17,1716639.0
一,2015-05-18,1930446.0
二,2015-05-19,1965127.0
三,2015-05-20,1990712.0
四,2015-05-21,2021880.0
五,2015-05-22,2201210.0
六,2015-05-23,1979735.0
日,2015-05-24,1635157.0
一,2015-05-25,2005654.0
二,2015-05-26,1986520.0
三,2015-05-27,2006424.0
四,2015-05-28,2011965.0
五,2015-05-29,2183427.0
六,2015-05-30,1941473.0
日,2015-05-31,1619120.0
一,2015-06-01,1924451.0
二,2015-06-02,1972450.0
三,2015-06-03,2021093.0
四,2015-06-04,2030356.0
五,2015-06-05,2232110.0
六,2015-06-06,1951840.0
日,2015-06-07,1602443.0
一,2015-06-08,1923407.0
二,2015-06-09,1957916.0
三,2015-06-10,1996798.0
四,2015-06-11,2007356.0
五,2015-06-12,2188828.0
六,2015-06-13,2001983.0
日,2015-06-14,1625054.0
一,2015-06-15,1949529.0
二,2015-06-16,2006125.0
三,2015-06-17,2021431.0
四,2015-06-18,2112406.0
五,2015-06-19,1548038.0
六,2015-06-20,1365272.0
日,2015-06-21,1406174.0
一,2015-06-22,1921572.0
二,2015-06-23,1963001.0
三,2015-06-24,2004488.0
四,2015-06-25,2055584.0
五,2015-06-26,2212425.0
六,2015-06-27,1933774.0
日,2015-06-28,1570847.0
一,2015-06-29,1962023.0
二,2015-06-30,2099628.0
三,2015-07-01,2019721.0
四,2015-07-02,2018111.0
五,2015-07-03,2140847.0
六,2015-07-04,1875436.0
日,2015-07-05,1633331.0
一,2015-07-06,2037252.0
二,2015-07-07,2014158.0
三,2015-07-08,2012914.0
四,2015-07-09,2010901.0
五,2015-07-10,742323.0
六,2015-07-11,1818059.0
日,2015-07-12,1656037.0
一,2015-07-13,2040895.0
二,2015-07-14,2053764.0
三,2015-07-15,2076546.0
四,2015-07-16,2065867.0
五,2015-07-17,2193097.0
六,2015-07-18,1967738.0
日,2015-07-19,1657381.0
一,2015-07-20,1981520.0
二,2015-07-21,2006147.0
三,2015-07-22,2031714.0
四,2015-07-23,1993977.0
五,2015-07-24,2165129.0
六,2015-07-25,1919578.0
日,2015-07-26,1653013.0
一,2015-07-27,1944393.0
二,2015-07-28,2014723.0
三,2015-07-29,2051719.0
四,2015-07-30,2029663.0
五,2015-07-31,2168777.0
六,2015-08-01,1889055.0
日,2015-08-02,1619236.0
一,2015-08-03,1974161.0
二,2015-08-04,2019424.0
三,2015-08-05,2075561.0
四,2015-08-06,2098273.0
五,2015-08-07,1723750.0
六,2015-08-08,418145.0
日,2015-08-09,1599329.0
一,2015-08-10,2051206.0
二,2015-08-11,2102735.0
三,2015-08-12,2116807.0
四,2015-08-13,2076236.0
五,2015-08-14,2225728.0
六,2015-08-15,2020878.0
日,2015-08-16,1697682.0
一,2015-08-17,2001124.0
二,2015-08-18,2043688.0
三,2015-08-19,2099317.0
四,2015-08-20,2112100.0
五,2015-08-21,2129921.0
六,2015-08-22,1694436.0
日,2015-08-23,1404687.0
一,2015-08-24,1980190.0
二,2015-08-25,2057150.0
三,2015-08-26,2093854.0
四,2015-08-27,2022706.0
五,2015-08-28,2059565.0
六,2015-08-29,1893035.0
日,2015-08-30,1640215.0
一,2015-08-31,1955864.0
二,2015-09-01,1959545.0
三,2015-09-02,2002423.0
四,2015-09-03,2033770.0
五,2015-09-04,2178670.0
六,2015-09-05,1914113.0
日,2015-09-06,1636131.0
一,2015-09-07,1983873.0
二,2015-09-08,2020302.0
三,2015-09-09,2031625.0
四,2015-09-10,2053844.0
五,2015-09-11,2198038.0
六,2015-09-12,2005731.0
日,2015-09-13,1697950.0
一,2015-09-14,2028392.0
二,2015-09-15,2045651.0
三,2015-09-16,2049277.0
四,2015-09-17,2036907.0
五,2015-09-18,2224876.0
六,2015-09-19,1996811.0
日,2015-09-20,1716051.0
一,2015-09-21,2000623.0
二,2015-09-22,2036969.0
三,2015-09-23,2057760.0
四,2015-09-24,2069696.0
五,2015-09-25,2273736.0
六,2015-09-26,1703801.0
日,2015-09-27,1312132.0
一,2015-09-28,685240.0
二,2015-09-29,1129016.0
三,2015-09-30,2055236.0
四,2015-10-01,2077459.0
五,2015-10-02,2271503.0
六,2015-10-03,2010513.0
日,2015-10-04,1679532.0
一,2015-10-05,2037441.0
二,2015-10-06,2085377.0
三,2015-10-07,2094563.0
四,2015-10-08,2234838.0
五,2015-10-09,1708022.0
六,2015-10-10,1746278.0
日,2015-10-11,1569192.0
一,2015-10-12,1979908.0
二,2015-10-13,2022616.0
三,2015-10-14,2058401.0
四,2015-10-15,2074445.0
五,2015-10-16,2252187.0
六,2015-10-17,2046525.0
日,2015-10-18,1743384.0
一,2015-10-19,1978958.0
二,2015-10-20,2031443.0
三,2015-10-21,2060621.0
四,2015-10-22,2086785.0
五,2015-10-23,2284367.0
六,2015-10-24,2006749.0
日,2015-10-25,1781784.0
一,2015-10-26,1974472.0
二,2015-10-27,2021286.0
三,2015-10-28,2050430.0
四,2015-10-29,2050111.0
五,2015-10-30,2251752.0
六,2015-10-31,2025217.0
日,2015-11-01,1671763.0
一,2015-11-02,1998234.0
二,2015-11-03,2013795.0
三,2015-11-04,2046859.0
四,2015-11-05,2074025.0
五,2015-11-06,2272849.0
六,2015-11-07,2060447.0
日,2015-11-08,1717293.0
一,2015-11-09,2004411.0
二,2015-11-10,2029280.0
三,2015-11-11,2057982.0
四,2015-11-12,2106202.0
五,2015-11-13,2330583.0
六,2015-11-14,2128618.0
日,2015-11-15,1811585.0
一,2015-11-16,2058469.0
二,2015-11-17,2047236.0
三,2015-11-18,2092090.0
四,2015-11-19,2096812.0
五,2015-11-20,2303473.0
六,2015-11-21,2018972.0
日,2015-11-22,1777061.0
一,2015-11-23,2027454.0
二,2015-11-24,2033092.0
三,2015-11-25,2068603.0
四,2015-11-26,2096030.0
五,2015-11-27,2276186.0
六,2015-11-28,2013730.0
日,2015-11-29,1692555.0
一,2015-11-30,1983381.0
二,2015-12-01,2007814.0
三,2015-12-02,2056934.0
四,2015-12-03,2081596.0
五,2015-12-04,2300963.0
六,2015-12-05,2154767.0
日,2015-12-06,1725955.0
一,2015-12-07,2027995.0
二,2015-12-08,2070285.0
三,2015-12-09,2101330.0
四,2015-12-10,2131373.0
五,2015-12-11,2342559.0
六,2015-12-12,2201670.0
日,2015-12-13,1888303.0
一,2015-12-14,2067831.0
二,2015-12-15,2089276.0
三,2015-12-16,2102334.0
四,2015-12-17,2140498.0
五,2015-12-18,2367580.0
六,2015-12-19,2241560.0
日,2015-12-20,1896688.0
一,2015-12-21,2077206.0
二,2015-12-22,2107234.0
三,2015-12-23,2185687.0
四,2015-12-24,2250695.0
五,2015-12-25,2448812.0
六,2015-12-26,2132266.0
日,2015-12-27,1727389.0
一,2015-12-28,2134250.0
二,2015-12-29,2182188.0
三,2015-12-30,2270704.0
四,2015-12-31,3028347.0
五,2016-01-01,1873454.0
六,2016-01-02,1846862.0
日,2016-01-03,1507044.0
一,2016-01-04,1991063.0
二,2016-01-05,2044627.0
三,2016-01-06,2083830.0
四,2016-01-07,2086100.0
五,2016-01-08,2272659.0
六,2016-01-09,2028194.0
日,2016-01-10,1638885.0
一,2016-01-11,2038895.0
二,2016-01-12,2062860.0
三,2016-01-13,2088213.0
四,2016-01-14,2132908.0
五,2016-01-15,2358448.0
六,2016-01-16,1734775.0
日,2016-01-17,1489059.0
一,2016-01-18,2051236.0
二,2016-01-19,2090992.0
三,2016-01-20,2240207.0
四,2016-01-21,2148132.0
五,2016-01-22,2308657.0
六,2016-01-23,1862081.0
日,2016-01-24,1581829.0
一,2016-01-25,2035606.0
二,2016-01-26,2164421.0
三,2016-01-27,2165515.0
四,2016-01-28,2164245.0
五,2016-01-29,2285823.0
六,2016-01-30,2250688.0
日,2016-01-31,1863818.0
一,2016-02-01,2170556.0
二,2016-02-02,2212891.0
三,2016-02-03,2231390.0
四,2016-02-04,2200381.0
五,2016-02-05,2120625.0
六,2016-02-06,1266416.0
日,2016-02-07,796923.0
一,2016-02-08,1335813.0
二,2016-02-09,1378436.0
三,2016-02-10,1643528.0
四,2016-02-11,1679013.0
五,2016-02-12,1827352.0
六,2016-02-13,1904232.0
日,2016-02-14,1571141.0
一,2016-02-15,2028640.0
二,2016-02-16,2085919.0
三,2016-02-17,2136856.0
四,2016-02-18,2158920.0
五,2016-02-19,2311918.0
六,2016-02-20,2115034.0
日,2016-02-21,1884439.0
一,2016-02-22,2140084.0
二,2016-02-23,2143574.0
三,2016-02-24,2173495.0
四,2016-02-25,2171076.0
五,2016-02-26,2380611.0
六,2016-02-27,1942140.0
日,2016-02-28,2123822.0
一,2016-02-29,1745717.0
二,2016-03-01,2070860.0
三,2016-03-02,2120446.0
四,2016-03-03,2125366.0
五,2016-03-04,2326502.0
六,2016-03-05,2091533.0
日,2016-03-06,1756332.0
一,2016-03-07,2046756.0
二,2016-03-08,2093281.0
三,2016-03-09,2122383.0
四,2016-03-10,2176204.0
五,2016-03-11,2395222.0
六,2016-03-12,2035270.0
日,2016-03-13,1770284.0
一,2016-03-14,2075900.0
二,2016-03-15,2110896.0
三,2016-03-16,2147097.0
四,2016-03-17,2144348.0
五,2016-03-18,2357983.0
六,2016-03-19,1944280.0
日,2016-03-20,1734132.0
一,2016-03-21,2113011.0
二,2016-03-22,2124121.0
三,2016-03-23,2177955.0
四,2016-03-24,2192311.0
五,2016-03-25,2430700.0
六,2016-03-26,2144020.0
日,2016-03-27,1765097.0
一,2016-03-28,2119715.0
二,2016-03-29,2115928.0
三,2016-03-30,2124315.0
四,2016-03-31,2142034.0
五,2016-04-01,2290586.0
六,2016-04-02,1831245.0
日,2016-04-03,1655160.0
一,2016-04-04,1480686.0
二,2016-04-05,1546725.0
三,2016-04-06,2042835.0
四,2016-04-07,2083337.0
五,2016-04-08,2262496.0
六,2016-04-09,1986909.0
日,2016-04-10,1639842.0
一,2016-04-11,2030065.0
二,2016-04-12,2071344.0
三,2016-04-13,2077048.0
四,2016-04-14,2114514.0
五,2016-04-15,2305264.0
六,2016-04-16,1996900.0
日,2016-04-17,1591332.0
一,2016-04-18,2016226.0
二,2016-04-19,2060568.0
三,2016-04-20,2086056.0
四,2016-04-21,2093563.0
五,2016-04-22,2280273.0
六,2016-04-23,2025336.0
日,2016-04-24,1636365.0
一,2016-04-25,2001125.0
二,2016-04-26,2043013.0
三,2016-04-27,2094694.0
四,2016-04-28,2105433.0
五,2016-04-29,2332754.0
六,2016-04-30,2036641.0
日,2016-05-01,1755057.0
一,2016-05-02,1807596.0
二,2016-05-03,2077283.0
三,2016-05-04,2112583.0
四,2016-05-05,2135616.0
五,2016-05-06,2370926.0
六,2016-05-07,1953575.0
日,2016-05-08,1580602.0
一,2016-05-09,2001262.0
二,2016-05-10,2043710.0
三,2016-05-11,2085198.0
四,2016-05-12,2087353.0
五,2016-05-13,2363597.0
六,2016-05-14,2060206.0
日,2016-05-15,1770290.0
一,2016-05-16,2055738.0
二,2016-05-17,2045270.0
三,2016-05-18,2073546.0
四,2016-05-19,2083057.0
五,2016-05-20,2312253.0
六,2016-05-21,2046123.0
日,2016-05-22,1722405.0
一,2016-05-23,2019488.0
二,2016-05-24,2036762.0
三,2016-05-25,2064867.0
四,2016-05-26,2062843.0
五,2016-05-27,2245752.0
六,2016-05-28,1992370.0
日,2016-05-29,1641869.0
一,2016-05-30,1987501.0
二,2016-05-31,2046651.0
三,2016-06-01,2085241.0
四,2016-06-02,2057406.0
五,2016-06-03,2217653.0
六,2016-06-04,2141420.0
日,2016-06-05,1628951.0
一,2016-06-06,2009914.0
二,2016-06-07,2060645.0
三,2016-06-08,2206745.0
四,2016-06-09,1383568.0
五,2016-06-10,1644107.0
六,2016-06-11,1656988.0
日,2016-06-12,1545124.0
一,2016-06-13,1998527.0
二,2016-06-14,2020762.0
三,2016-06-15,2087579.0
四,2016-06-16,2082883.0
五,2016-06-17,2238000.0
六,2016-06-18,1919994.0
日,2016-06-19,1633198.0
一,2016-06-20,2000513.0
二,2016-06-21,2052881.0
三,2016-06-22,2097523.0
四,2016-06-23,2102941.0
五,2016-06-24,2274718.0
六,2016-06-25,1938883.0
日,2016-06-26,1588645.0
一,2016-06-27,2004035.0
二,2016-06-28,2006246.0
三,2016-06-29,2072423.0
四,2016-06-30,2185900.0
五,2016-07-01,2231306.0
六,2016-07-02,1829985.0
日,2016-07-03,1640386.0
一,2016-07-04,2053298.0
二,2016-07-05,2101983.0
三,2016-07-06,2155775.0
四,2016-07-07,1922765.0
五,2016-07-08,612520.0
六,2016-07-09,1826588.0
日,2016-07-10,1639536.0
一,2016-07-11,2112239.0
二,2016-07-12,2139596.0
三,2016-07-13,2137249.0
四,2016-07-14,2139774.0
五,2016-07-15,2265432.0
六,2016-07-16,1979353.0
日,2016-07-17,1665041.0
一,2016-07-18,2022423.0
二,2016-07-19,2085492.0
三,2016-07-20,2100772.0
四,2016-07-21,2135509.0
五,2016-07-22,2255931.0
六,2016-07-23,1963725.0
日,2016-07-24,1656870.0
一,2016-07-25,2020502.0
二,2016-07-26,2078489.0
三,2016-07-27,2109408.0
四,2016-07-28,2107261.0
五,2016-07-29,2243133.0
六,2016-07-30,1912883.0
日,2016-07-31,1668929.0
一,2016-08-01,2024048.0
二,2016-08-02,2044790.0
三,2016-08-03,2068432.0
四,2016-08-04,2095718.0
五,2016-08-05,2250765.0
六,2016-08-06,1926113.0
日,2016-08-07,1616707.0
一,2016-08-08,2002855.0
二,2016-08-09,2102402.0
三,2016-08-10,2136288.0
四,2016-08-11,2148121.0
五,2016-08-12,2296179.0
六,2016-08-13,2024714.0
日,2016-08-14,1751907.0
一,2016-08-15,2084316.0
二,2016-08-16,2099395.0
三,2016-08-17,2023387.0
四,2016-08-18,2131199.0
五,2016-08-19,2243406.0
六,2016-08-20,1980454.0
日,2016-08-21,1709172.0
一,2016-08-22,2034753.0
二,2016-08-23,2097749.0
三,2016-08-24,2136471.0
四,2016-08-25,2128694.0
五,2016-08-26,2243950.0
六,2016-08-27,1957100.0
日,2016-08-28,1608973.0
一,2016-08-29,2027089.0
二,2016-08-30,2041931.0
三,2016-08-31,2066324.0
四,2016-09-01,2071956.0
五,2016-09-02,2222173.0
六,2016-09-03,2092500.0
日,2016-09-04,1672593.0
一,2016-09-05,2051581.0
二,2016-09-06,2072117.0
三,2016-09-07,2107294.0
四,2016-09-08,2124783.0
五,2016-09-09,2227394.0
六,2016-09-10,2152507.0
日,2016-09-11,1788368.0
一,2016-09-12,2115828.0
二,2016-09-13,2135404.0
三,2016-09-14,2009847.0
四,2016-09-15,1291609.0
五,2016-09-16,1594095.0
六,2016-09-17,856176.0
日,2016-09-18,1528804.0
一,2016-09-19,2033796.0
二,2016-09-20,2075592.0
三,2016-09-21,2099653.0
四,2016-09-22,2097947.0
五,2016-09-23,2295456.0
六,2016-09-24,2067411.0
日,2016-09-25,1695194.0
一,2016-09-26,2050059.0
二,2016-09-27,150242.0
三,2016-09-28,1133027.0
四,2016-09-29,2104662.0
五,2016-09-30,2311381.0
六,2016-10-01,2027313.0
日,2016-10-02,1682509.0
一,2016-10-03,2077398.0
二,2016-10-04,2120151.0
三,2016-10-05,2156306.0
四,2016-10-06,2166085.0
五,2016-10-07,2374093.0
六,2016-10-08,1848146.0
日,2016-10-09,1594762.0
一,2016-10-10,1533029.0
二,2016-10-11,2122463.0
三,2016-10-12,2162674.0
四,2016-10-13,2172968.0
五,2016-10-14,2375774.0
六,2016-10-15,2095274.0
日,2016-10-16,1770802.0
一,2016-10-17,2054087.0
二,2016-10-18,2095013.0
三,2016-10-19,2118438.0
四,2016-10-20,2118636.0
五,2016-10-21,2300375.0
六,2016-10-22,1993385.0
日,2016-10-23,1718588.0
一,2016-10-24,2055085.0
二,2016-10-25,1897025.0
三,2016-10-26,2108092.0
四,2016-10-27,2116422.0
五,2016-10-28,2307124.0
六,2016-10-29,2043614.0
日,2016-10-30,1757436.0
一,2016-10-31,1839311.0
三,2017-02-01,1565485.0
四,2017-02-02,1990640.0
五,2017-02-03,2161128.0
六,2017-02-04,1994773.0
日,2017-02-05,1711749.0
一,2017-02-06,2145657.0
二,2017-02-07,2205460.0
三,2017-02-08,2247330.0
四,2017-02-09,2180141.0
五,2017-02-10,2360414.0
六,2017-02-11,2101629.0
日,2017-02-12,1828262.0
一,2017-02-13,2101904.0
二,2017-02-14,2165802.0
三,2017-02-15,2132593.0
四,2017-02-16,2141177.0
五,2017-02-17,2268409.0
六,2017-02-18,2228255.0
日,2017-02-19,1861147.0
一,2017-02-20,2126807.0
二,2017-02-21,2152463.0
三,2017-02-22,2140162.0
四,2017-02-23,2154013.0
五,2017-02-24,2345214.0
六,2017-02-25,1807223.0
日,2017-02-26,1721436.0
一,2017-02-27,1852627.0
二,2017-02-28,1615869.0
三,2017-03-01,2088893.0
四,2017-03-02,2084461.0
五,2017-03-03,2287419.0
六,2017-03-04,2012231.0
日,2017-03-05,1770122.0
一,2017-03-06,2101708.0
二,2017-03-07,2150048.0
三,2017-03-08,2203459.0
四,2017-03-09,2198453.0
五,2017-03-10,2400005.0
六,2017-03-11,2100336.0
日,2017-03-12,1831527.0
一,2017-03-13,2129534.0
二,2017-03-14,2168801.0
三,2017-03-15,2175622.0
四,2017-03-16,2212951.0
五,2017-03-17,2396654.0
六,2017-03-18,2118684.0
日,2017-03-19,1720963.0
一,2017-03-20,2081692.0
二,2017-03-21,2129987.0
三,2017-03-22,2182418.0
四,2017-03-23,2203776.0
五,2017-03-24,2401878.0
六,2017-03-25,1975025.0
日,2017-03-26,1655470.0
一,2017-03-27,2102268.0
二,2017-03-28,2143971.0
三,2017-03-29,2266744.0
四,2017-03-30,2173960.0
五,2017-03-31,2329942.0
二,2017-08-01,2056366.0
三,2017-08-02,2044076.0
四,2017-08-03,2108052.0
五,2017-08-04,2222245.0
六,2017-08-05,1916078.0
日,2017-08-06,1628695.0
一,2017-08-07,2044614.0
二,2017-08-08,2043332.0
三,2017-08-09,2120292.0
四,2017-08-10,2159835.0
五,2017-08-11,2289133.0
六,2017-08-12,2010445.0
日,2017-08-13,1692212.0
一,2017-08-14,2052866.0
二,2017-08-15,2118871.0
三,2017-08-16,2102736.0
四,2017-08-17,2117383.0
五,2017-08-18,2246447.0
六,2017-08-19,1951490.0
日,2017-08-20,1697393.0
一,2017-08-21,2049124.0
二,2017-08-22,2073977.0
三,2017-08-23,2133513.0
四,2017-08-24,2142075.0
五,2017-08-25,2274103.0
六,2017-08-26,2062138.0
日,2017-08-27,1679329.0
一,2017-08-28,2116191.0
二,2017-08-29,2058000.0
三,2017-08-30,2066843.0
四,2017-08-31,2060866.0
日,2017-10-01,1660582.0
一,2017-10-02,2076454.0
二,2017-10-03,2216893.0
三,2017-10-04,1402500.0
四,2017-10-05,2129030.0
五,2017-10-06,2308076.0
六,2017-10-07,1829678.0
日,2017-10-08,1693153.0
一,2017-10-09,1690483.0
二,2017-10-10,1523930.0
三,2017-10-11,2051915.0
四,2017-10-12,2074510.0
五,2017-10-13,2245208.0
六,2017-10-14,1704860.0
日,2017-10-15,1510202.0
一,2017-10-16,2076568.0
二,2017-10-17,2117767.0
三,2017-10-18,2146184.0
四,2017-10-19,2173660.0
五,2017-10-20,2358215.0
六,2017-10-21,2069982.0
日,2017-10-22,1787401.0
一,2017-10-23,2076072.0
二,2017-10-24,2112018.0
三,2017-10-25,2147053.0
四,2017-10-26,2163710.0
五,2017-10-27,2378397.0
六,2017-10-28,2103855.0
日,2017-10-29,1771333.0
一,2017-10-30,2098516.0
二,2017-10-31,2103407.0
四,2018-03-01,2209721.0
五,2018-03-02,2372185.0
六,2018-03-03,2193043.0
日,2018-03-04,1763921.0
一,2018-03-05,2127286.0
二,2018-03-06,2173145.0
三,2018-03-07,2210099.0
四,2018-03-08,2236563.0
五,2018-03-09,2422478.0
六,2018-03-10,2164494.0
日,2018-03-11,1853987.0
一,2018-03-12,2152647.0
二,2018-03-13,2194164.0
三,2018-03-14,2228608.0
四,2018-03-15,2245142.0
五,2018-03-16,2453438.0
六,2018-03-17,2131707.0
日,2018-03-18,1871538.0
一,2018-03-19,2161485.0
二,2018-03-20,2170415.0
三,2018-03-21,2209852.0
四,2018-03-22,2223826.0
五,2018-03-23,2418726.0
六,2018-03-24,2112760.0
日,2018-03-25,1748948.0
一,2018-03-26,2136608.0
二,2018-03-27,2184449.0
三,2018-03-28,2206511.0
四,2018-03-29,2225796.0
五,2018-03-30,2321120.0
六,2018-03-31,2234177.0
二,2018-05-01,1830443.0
三,2018-05-02,2149852.0
四,2018-05-03,2173771.0
五,2018-05-04,2401476.0
六,2018-05-05,2050466.0
日,2018-05-06,1751591.0
一,2018-05-07,2122472.0
二,2018-05-08,2147879.0
三,2018-05-09,2181976.0
四,2018-05-10,2205698.0
五,2018-05-11,2400041.0
六,2018-05-12,1939125.0
日,2018-05-13,1614869.0
一,2018-05-14,2089882.0
二,2018-05-15,2122561.0
三,2018-05-16,2137588.0
四,2018-05-17,2150279.0
五,2018-05-18,2393201.0
六,2018-05-19,2028726.0
日,2018-05-20,1759232.0
一,2018-05-21,2091554.0
二,2018-05-22,2131468.0
三,2018-05-23,2132584.0
四,2018-05-24,2173502.0
五,2018-05-25,2376873.0
六,2018-05-26,2136526.0
日,2018-05-27,1765091.0
一,2018-05-28,2114586.0
二,2018-05-29,2119968.0
三,2018-05-30,2135388.0
四,2018-05-31,2150649.0
日,2018-04-01,1697619.0
一,2018-04-02,2071359.0
二,2018-04-03,2189626.0
三,2018-04-04,1697997.0
四,2018-04-05,1522905.0
五,2018-04-06,1694341.0
六,2018-04-07,1744916.0
日,2018-04-08,1645586.0
一,2018-04-09,2056059.0
二,2018-04-10,2110370.0
三,2018-04-11,2145962.0
四,2018-04-12,2147178.0
五,2018-04-13,2349624.0
六,2018-04-14,1989513.0
日,2018-04-15,1653740.0
一,2018-04-16,2105224.0
二,2018-04-17,2174733.0
三,2018-04-18,2177685.0
四,2018-04-19,2186498.0
五,2018-04-20,2372013.0
六,2018-04-21,2085381.0
日,2018-04-22,1762073.0
一,2018-04-23,2093310.0
二,2018-04-24,2123145.0
三,2018-04-25,2218000.0
四,2018-04-26,2235603.0
五,2018-04-27,2398307.0
六,2018-04-28,2073450.0
日,2018-04-29,1769243.0
一,2018-04-30,2173731.0
五,2018-06-01,2364411.0
六,2018-06-02,1926201.0
日,2018-06-03,1649380.0
一,2018-06-04,2063115.0
二,2018-06-05,2147953.0
三,2018-06-06,2173023.0
四,2018-06-07,2207710.0
五,2018-06-08,2387155.0
六,2018-06-09,2075195.0
日,2018-06-10,1680390.0
一,2018-06-11,2109647.0
二,2018-06-12,2167642.0
三,2018-06-13,2156409.0
四,2018-06-14,2171239.0
五,2018-06-15,2372389.0
六,2018-06-16,1836201.0
日,2018-06-17,1651627.0
一,2018-06-18,1292320.0
二,2018-06-19,2128135.0
三,2018-06-20,2144629.0
四,2018-06-21,2166846.0
五,2018-06-22,2299696.0
六,2018-06-23,1879484.0
日,2018-06-24,1561289.0
一,2018-06-25,2059105.0
二,2018-06-26,2120325.0
三,2018-06-27,2153432.0
四,2018-06-28,2202663.0
五,2018-06-29,2413304.0
六,2018-06-30,1943107.0
日,2018-07-01,1646887.0
一,2018-07-02,2099540.0
二,2018-07-03,2123857.0
三,2018-07-04,2148260.0
四,2018-07-05,2173878.0
五,2018-07-06,2335565.0
六,2018-07-07,1937749.0
日,2018-07-08,1679477.0
一,2018-07-09,2154085.0
二,2018-07-10,1710138.0
三,2018-07-11,1482047.0
四,2018-07-12,2197522.0
五,2018-07-13,2372122.0
六,2018-07-14,1957895.0
日,2018-07-15,1676915.0
一,2018-07-16,2112468.0
二,2018-07-17,2165973.0
三,2018-07-18,2183304.0
四,2018-07-19,2184948.0
五,2018-07-20,2324540.0
六,2018-07-21,1898282.0
日,2018-07-22,1642737.0
一,2018-07-23,2095004.0
二,2018-07-24,2117995.0
三,2018-07-25,2159663.0
四,2018-07-26,2180673.0
五,2018-07-27,2297693.0
六,2018-07-28,1989618.0
日,2018-07-29,1684469.0
一,2018-07-30,2082427.0
二,2018-07-31,2141941.0
六,2018-09-01,1876143.0
日,2018-09-02,1593331.0
一,2018-09-03,2103229.0
二,2018-09-04,2106183.0
三,2018-09-05,2134851.0
四,2018-09-06,2163596.0
五,2018-09-07,2306418.0
六,2018-09-08,1851644.0
日,2018-09-09,1481143.0
一,2018-09-10,2151451.0
二,2018-09-11,2190699.0
三,2018-09-12,2191163.0
四,2018-09-13,2205266.0
五,2018-09-14,2372248.0
六,2018-09-15,1901598.0
日,2018-09-16,1639270.0
一,2018-09-17,2141871.0
二,2018-09-18,2175866.0
三,2018-09-19,2199273.0
四,2018-09-20,2219427.0
五,2018-09-21,2414691.0
六,2018-09-22,1798490.0
日,2018-09-23,1576070.0
一,2018-09-24,1374677.0
二,2018-09-25,2163935.0
三,2018-09-26,2221276.0
四,2018-09-27,2249922.0
五,2018-09-28,2384178.0
六,2018-09-29,1930891.0
日,2018-09-30,1750079.0
